2025-08-29 07:48:01,831 - app - INFO - configure_logging:52 - Sistema de logging configurado correctamente
2025-08-29 07:48:01,920 - app - INFO - register_blueprints:57 - Blueprints registrados correctamente
2025-08-29 07:48:01,921 - app - INFO - create_app:45 - Aplicación iniciada en modo: development
2025-08-29 07:48:01,922 - app - INFO - main:33 - 🚀 Iniciando aplicación en 0.0.0.0:5000
2025-08-29 07:48:01,923 - app - INFO - main:34 - 🔧 Modo: development
2025-08-29 07:48:01,923 - app - INFO - main:35 - 🐛 Debug: activado
2025-08-29 07:48:10,347 - app - INFO - configure_logging:52 - Sistema de logging configurado correctamente
2025-08-29 07:48:10,478 - app - INFO - register_blueprints:57 - Blueprints registrados correctamente
2025-08-29 07:48:10,480 - app - INFO - create_app:45 - Aplicación iniciada en modo: development
2025-08-29 07:48:10,481 - app - INFO - main:33 - 🚀 Iniciando aplicación en 0.0.0.0:5000
2025-08-29 07:48:10,482 - app - INFO - main:34 - 🔧 Modo: development
2025-08-29 07:48:10,483 - app - INFO - main:35 - 🐛 Debug: activado
2025-08-29 09:22:00,967 - app - INFO - configure_logging:52 - Sistema de logging configurado correctamente
2025-08-29 09:22:01,077 - app - INFO - register_blueprints:57 - Blueprints registrados correctamente
2025-08-29 09:22:01,078 - app - INFO - create_app:45 - Aplicación iniciada en modo: development
2025-08-29 09:22:01,080 - app - INFO - main:33 - 🚀 Iniciando aplicación en 0.0.0.0:5000
2025-08-29 09:22:01,080 - app - INFO - main:34 - 🔧 Modo: development
2025-08-29 09:22:01,082 - app - INFO - main:35 - 🐛 Debug: activado
2025-08-29 09:22:07,272 - app - INFO - configure_logging:52 - Sistema de logging configurado correctamente
2025-08-29 09:22:07,290 - app - INFO - register_blueprints:57 - Blueprints registrados correctamente
2025-08-29 09:22:07,291 - app - INFO - create_app:45 - Aplicación iniciada en modo: development
2025-08-29 09:22:07,291 - app - INFO - main:33 - 🚀 Iniciando aplicación en 0.0.0.0:5000
2025-08-29 09:22:07,292 - app - INFO - main:34 - 🔧 Modo: development
2025-08-29 09:22:07,293 - app - INFO - main:35 - 🐛 Debug: activado
2025-08-29 09:27:14,578 - app - INFO - mongo_client:31 - ✅ Conexión a MongoDB establecida
2025-08-29 09:27:14,659 - app - INFO - mongo_client:31 - ✅ Conexión a MongoDB establecida
2025-08-29 09:27:14,739 - app - INFO - mongo_client:31 - ✅ Conexión a MongoDB establecida
2025-08-29 09:27:15,059 - app - INFO - _ensure_indexes:46 - Índices de MongoDB verificados/creados
2025-08-29 09:27:15,145 - app - INFO - __init__:17 - PredictionService inicializado
2025-08-29 09:27:15,149 - app - INFO - __init__:31 - SensorService inicializado
2025-08-29 09:27:15,156 - app - INFO - __init__:22 - SensorController inicializado
2025-08-29 09:27:15,789 - app - INFO - _ensure_indexes:46 - Índices de MongoDB verificados/creados
2025-08-29 09:27:15,791 - app - INFO - __init__:17 - PredictionService inicializado
2025-08-29 09:27:15,793 - app - INFO - __init__:31 - SensorService inicializado
2025-08-29 09:27:15,795 - app - INFO - __init__:22 - SensorController inicializado
2025-08-29 09:27:15,904 - app - INFO - _ensure_indexes:46 - Índices de MongoDB verificados/creados
2025-08-29 09:27:15,908 - app - INFO - __init__:17 - PredictionService inicializado
2025-08-29 09:27:15,909 - app - INFO - __init__:31 - SensorService inicializado
2025-08-29 09:27:15,910 - app - INFO - __init__:22 - SensorController inicializado
2025-08-29 09:27:15,926 - app - INFO - find_latest:121 - No se encontraron documentos
2025-08-29 09:27:18,098 - app - INFO - find_latest:121 - No se encontraron documentos
2025-08-29 09:27:28,553 - app - INFO - find_latest:121 - No se encontraron documentos
2025-08-29 09:27:38,258 - app - INFO - find_latest:121 - No se encontraron documentos
2025-08-29 09:27:49,629 - app - INFO - find_latest:121 - No se encontraron documentos
2025-08-29 09:27:58,461 - app - INFO - find_latest:121 - No se encontraron documentos
2025-08-29 09:28:08,589 - app - INFO - find_latest:121 - No se encontraron documentos
2025-08-29 09:28:18,239 - app - INFO - find_latest:121 - No se encontraron documentos
2025-08-29 09:29:08,654 - app - INFO - find_latest:121 - No se encontraron documentos
2025-08-29 09:29:22,599 - app - INFO - find_latest:121 - No se encontraron documentos
2025-08-29 09:29:27,627 - app - INFO - find_latest:121 - No se encontraron documentos
2025-08-29 09:29:28,345 - app - INFO - find_latest:121 - No se encontraron documentos
2025-08-29 09:29:37,965 - app - INFO - find_latest:121 - No se encontraron documentos
2025-09-01 07:29:39,202 - app - INFO - configure_logging:52 - Sistema de logging configurado correctamente
2025-09-01 07:29:39,232 - app - INFO - register_blueprints:57 - Blueprints registrados correctamente
2025-09-01 07:29:39,232 - app - INFO - create_app:45 - Aplicación iniciada en modo: development
2025-09-01 07:29:39,233 - app - INFO - main:33 - 🚀 Iniciando aplicación en 0.0.0.0:5000
2025-09-01 07:29:39,233 - app - INFO - main:34 - 🔧 Modo: development
2025-09-01 07:29:39,234 - app - INFO - main:35 - 🐛 Debug: activado
2025-09-01 07:29:46,296 - app - INFO - configure_logging:52 - Sistema de logging configurado correctamente
2025-09-01 07:29:46,319 - app - INFO - register_blueprints:57 - Blueprints registrados correctamente
2025-09-01 07:29:46,321 - app - INFO - create_app:45 - Aplicación iniciada en modo: development
2025-09-01 07:29:46,322 - app - INFO - main:33 - 🚀 Iniciando aplicación en 0.0.0.0:5000
2025-09-01 07:29:46,323 - app - INFO - main:34 - 🔧 Modo: development
2025-09-01 07:29:46,323 - app - INFO - main:35 - 🐛 Debug: activado
2025-09-01 07:32:39,727 - app - INFO - mongo_client:31 - ✅ Conexión a MongoDB establecida
2025-09-01 07:32:39,728 - app - INFO - mongo_client:31 - ✅ Conexión a MongoDB establecida
2025-09-01 07:32:39,835 - app - INFO - mongo_client:31 - ✅ Conexión a MongoDB establecida
2025-09-01 07:32:40,312 - app - INFO - _ensure_indexes:46 - Índices de MongoDB verificados/creados
2025-09-01 07:32:40,334 - app - INFO - __init__:17 - PredictionService inicializado
2025-09-01 07:32:40,335 - app - INFO - __init__:31 - SensorService inicializado
2025-09-01 07:32:40,336 - app - INFO - __init__:22 - SensorController inicializado
2025-09-01 07:32:40,923 - app - INFO - _ensure_indexes:46 - Índices de MongoDB verificados/creados
2025-09-01 07:32:40,925 - app - INFO - __init__:17 - PredictionService inicializado
2025-09-01 07:32:40,926 - app - INFO - __init__:31 - SensorService inicializado
2025-09-01 07:32:40,927 - app - INFO - __init__:22 - SensorController inicializado
2025-09-01 07:32:41,011 - app - INFO - _ensure_indexes:46 - Índices de MongoDB verificados/creados
2025-09-01 07:32:41,013 - app - INFO - __init__:17 - PredictionService inicializado
2025-09-01 07:32:41,013 - app - INFO - __init__:31 - SensorService inicializado
2025-09-01 07:32:41,014 - app - INFO - __init__:22 - SensorController inicializado
2025-09-01 07:32:41,072 - app - INFO - find_latest:121 - No se encontraron documentos
2025-09-01 07:32:46,835 - app - INFO - find_latest:121 - No se encontraron documentos
2025-09-01 07:32:57,426 - app - INFO - find_latest:121 - No se encontraron documentos
2025-09-01 07:33:07,111 - app - INFO - find_latest:121 - No se encontraron documentos
2025-09-01 07:33:16,838 - app - INFO - find_latest:121 - No se encontraron documentos
2025-09-01 07:33:27,157 - app - INFO - find_latest:121 - No se encontraron documentos
2025-09-01 07:33:36,846 - app - INFO - find_latest:121 - No se encontraron documentos
2025-09-01 07:33:42,284 - app - INFO - main:51 - 🛑 Cerrando aplicación...
2025-09-01 07:33:49,271 - app - INFO - configure_logging:52 - Sistema de logging configurado correctamente
2025-09-01 07:33:49,293 - app - INFO - register_blueprints:57 - Blueprints registrados correctamente
2025-09-01 07:33:49,294 - app - INFO - create_app:45 - Aplicación iniciada en modo: development
2025-09-01 07:33:49,295 - app - INFO - main:33 - 🚀 Iniciando aplicación en 0.0.0.0:5000
2025-09-01 07:33:49,296 - app - INFO - main:34 - 🔧 Modo: development
2025-09-01 07:33:49,297 - app - INFO - main:35 - 🐛 Debug: activado
2025-09-01 07:33:51,910 - app - INFO - mongo_client:31 - ✅ Conexión a MongoDB establecida
2025-09-01 07:33:51,915 - app - INFO - mongo_client:31 - ✅ Conexión a MongoDB establecida
2025-09-01 07:33:51,937 - app - INFO - mongo_client:31 - ✅ Conexión a MongoDB establecida
2025-09-01 07:33:52,412 - app - INFO - _ensure_indexes:46 - Índices de MongoDB verificados/creados
2025-09-01 07:33:52,413 - app - INFO - __init__:17 - PredictionService inicializado
2025-09-01 07:33:52,414 - app - INFO - __init__:31 - SensorService inicializado
2025-09-01 07:33:52,415 - app - INFO - __init__:22 - SensorController inicializado
2025-09-01 07:33:53,190 - app - INFO - _ensure_indexes:46 - Índices de MongoDB verificados/creados
2025-09-01 07:33:53,192 - app - INFO - __init__:17 - PredictionService inicializado
2025-09-01 07:33:53,196 - app - INFO - __init__:31 - SensorService inicializado
2025-09-01 07:33:53,197 - app - INFO - __init__:22 - SensorController inicializado
2025-09-01 07:33:53,220 - app - INFO - _ensure_indexes:46 - Índices de MongoDB verificados/creados
2025-09-01 07:33:53,221 - app - INFO - __init__:17 - PredictionService inicializado
2025-09-01 07:33:53,222 - app - INFO - __init__:31 - SensorService inicializado
2025-09-01 07:33:53,224 - app - INFO - __init__:22 - SensorController inicializado
2025-09-01 07:33:53,378 - app - INFO - find_latest:121 - No se encontraron documentos
2025-09-01 07:33:56,863 - app - INFO - find_latest:121 - No se encontraron documentos
2025-09-01 07:33:57,077 - app - INFO - main:51 - 🛑 Cerrando aplicación...
2025-09-01 07:34:03,992 - app - INFO - configure_logging:52 - Sistema de logging configurado correctamente
2025-09-01 07:34:04,014 - app - INFO - register_blueprints:57 - Blueprints registrados correctamente
2025-09-01 07:34:04,015 - app - INFO - create_app:45 - Aplicación iniciada en modo: development
2025-09-01 07:34:04,015 - app - INFO - main:33 - 🚀 Iniciando aplicación en 0.0.0.0:5000
2025-09-01 07:34:04,016 - app - INFO - main:34 - 🔧 Modo: development
2025-09-01 07:34:04,017 - app - INFO - main:35 - 🐛 Debug: activado
2025-09-01 07:34:09,646 - app - INFO - mongo_client:31 - ✅ Conexión a MongoDB establecida
2025-09-01 07:34:09,779 - app - INFO - mongo_client:31 - ✅ Conexión a MongoDB establecida
2025-09-01 07:34:09,815 - app - INFO - mongo_client:31 - ✅ Conexión a MongoDB establecida
2025-09-01 07:34:10,285 - app - INFO - _ensure_indexes:46 - Índices de MongoDB verificados/creados
2025-09-01 07:34:10,288 - app - INFO - __init__:17 - PredictionService inicializado
2025-09-01 07:34:10,290 - app - INFO - __init__:31 - SensorService inicializado
2025-09-01 07:34:10,291 - app - INFO - __init__:22 - SensorController inicializado
2025-09-01 07:34:10,897 - app - INFO - _ensure_indexes:46 - Índices de MongoDB verificados/creados
2025-09-01 07:34:10,898 - app - INFO - __init__:17 - PredictionService inicializado
2025-09-01 07:34:10,899 - app - INFO - __init__:31 - SensorService inicializado
2025-09-01 07:34:10,899 - app - INFO - __init__:22 - SensorController inicializado
2025-09-01 07:34:10,941 - app - INFO - _ensure_indexes:46 - Índices de MongoDB verificados/creados
2025-09-01 07:34:10,943 - app - INFO - __init__:17 - PredictionService inicializado
2025-09-01 07:34:10,945 - app - INFO - __init__:31 - SensorService inicializado
2025-09-01 07:34:10,947 - app - INFO - __init__:22 - SensorController inicializado
2025-09-01 07:34:11,083 - app - INFO - find_latest:121 - No se encontraron documentos
2025-09-01 07:34:14,177 - app - INFO - main:51 - 🛑 Cerrando aplicación...
2025-09-01 07:34:21,425 - app - INFO - configure_logging:52 - Sistema de logging configurado correctamente
2025-09-01 07:34:21,442 - app - INFO - register_blueprints:57 - Blueprints registrados correctamente
2025-09-01 07:34:21,442 - app - INFO - create_app:45 - Aplicación iniciada en modo: development
2025-09-01 07:34:21,443 - app - INFO - main:33 - 🚀 Iniciando aplicación en 0.0.0.0:5000
2025-09-01 07:34:21,444 - app - INFO - main:34 - 🔧 Modo: development
2025-09-01 07:34:21,445 - app - INFO - main:35 - 🐛 Debug: activado
2025-09-01 07:34:23,712 - app - INFO - mongo_client:31 - ✅ Conexión a MongoDB establecida
2025-09-01 07:34:23,829 - app - INFO - mongo_client:31 - ✅ Conexión a MongoDB establecida
2025-09-01 07:34:23,957 - app - INFO - mongo_client:31 - ✅ Conexión a MongoDB establecida
2025-09-01 07:34:24,125 - app - INFO - _ensure_indexes:46 - Índices de MongoDB verificados/creados
2025-09-01 07:34:24,127 - app - INFO - __init__:17 - PredictionService inicializado
2025-09-01 07:34:24,129 - app - INFO - __init__:31 - SensorService inicializado
2025-09-01 07:34:24,130 - app - INFO - __init__:22 - SensorController inicializado
2025-09-01 07:34:25,083 - app - INFO - _ensure_indexes:46 - Índices de MongoDB verificados/creados
2025-09-01 07:34:25,084 - app - INFO - __init__:17 - PredictionService inicializado
2025-09-01 07:34:25,085 - app - INFO - __init__:31 - SensorService inicializado
2025-09-01 07:34:25,086 - app - INFO - __init__:22 - SensorController inicializado
2025-09-01 07:34:25,098 - app - INFO - _ensure_indexes:46 - Índices de MongoDB verificados/creados
2025-09-01 07:34:25,099 - app - INFO - __init__:17 - PredictionService inicializado
2025-09-01 07:34:25,100 - app - INFO - __init__:31 - SensorService inicializado
2025-09-01 07:34:25,101 - app - INFO - __init__:22 - SensorController inicializado
2025-09-01 07:34:25,254 - app - INFO - find_latest:121 - No se encontraron documentos
2025-09-01 07:34:26,838 - app - INFO - find_latest:121 - No se encontraron documentos
2025-09-01 07:34:37,148 - app - INFO - find_latest:121 - No se encontraron documentos
2025-09-01 07:34:46,848 - app - INFO - find_latest:121 - No se encontraron documentos
2025-09-01 07:34:57,061 - app - INFO - main:51 - 🛑 Cerrando aplicación...
2025-09-01 07:34:57,137 - app - INFO - find_latest:121 - No se encontraron documentos
2025-09-01 07:35:02,028 - app - INFO - configure_logging:52 - Sistema de logging configurado correctamente
2025-09-01 07:35:02,043 - app - INFO - register_blueprints:57 - Blueprints registrados correctamente
2025-09-01 07:35:02,044 - app - INFO - create_app:45 - Aplicación iniciada en modo: development
2025-09-01 07:35:02,044 - app - INFO - main:33 - 🚀 Iniciando aplicación en 0.0.0.0:5000
2025-09-01 07:35:02,045 - app - INFO - main:34 - 🔧 Modo: development
2025-09-01 07:35:02,046 - app - INFO - main:35 - 🐛 Debug: activado
2025-09-01 07:35:11,366 - app - INFO - mongo_client:31 - ✅ Conexión a MongoDB establecida
2025-09-01 07:35:11,382 - app - INFO - mongo_client:31 - ✅ Conexión a MongoDB establecida
2025-09-01 07:35:11,499 - app - INFO - mongo_client:31 - ✅ Conexión a MongoDB establecida
2025-09-01 07:35:11,838 - app - INFO - _ensure_indexes:46 - Índices de MongoDB verificados/creados
2025-09-01 07:35:11,839 - app - INFO - __init__:17 - PredictionService inicializado
2025-09-01 07:35:11,840 - app - INFO - __init__:31 - SensorService inicializado
2025-09-01 07:35:11,841 - app - INFO - __init__:22 - SensorController inicializado
2025-09-01 07:35:12,590 - app - INFO - _ensure_indexes:46 - Índices de MongoDB verificados/creados
2025-09-01 07:35:12,591 - app - INFO - __init__:17 - PredictionService inicializado
2025-09-01 07:35:12,595 - app - INFO - __init__:31 - SensorService inicializado
2025-09-01 07:35:12,599 - app - INFO - __init__:22 - SensorController inicializado
2025-09-01 07:35:12,750 - app - INFO - _ensure_indexes:46 - Índices de MongoDB verificados/creados
2025-09-01 07:35:12,756 - app - INFO - __init__:17 - PredictionService inicializado
2025-09-01 07:35:12,757 - app - INFO - __init__:31 - SensorService inicializado
2025-09-01 07:35:12,758 - app - INFO - __init__:22 - SensorController inicializado
2025-09-01 07:35:12,918 - app - INFO - find_latest:121 - No se encontraron documentos
2025-09-01 07:35:17,420 - app - INFO - find_latest:121 - No se encontraron documentos
2025-09-01 07:35:27,100 - app - INFO - find_latest:121 - No se encontraron documentos
2025-09-01 07:35:37,423 - app - INFO - find_latest:121 - No se encontraron documentos
2025-09-01 07:35:43,559 - app - INFO - main:51 - 🛑 Cerrando aplicación...
2025-09-01 07:35:49,590 - app - INFO - configure_logging:52 - Sistema de logging configurado correctamente
2025-09-01 07:35:49,606 - app - INFO - register_blueprints:57 - Blueprints registrados correctamente
2025-09-01 07:35:49,607 - app - INFO - create_app:45 - Aplicación iniciada en modo: development
2025-09-01 07:35:49,608 - app - INFO - main:33 - 🚀 Iniciando aplicación en 0.0.0.0:5000
2025-09-01 07:35:49,608 - app - INFO - main:34 - 🔧 Modo: development
2025-09-01 07:35:49,609 - app - INFO - main:35 - 🐛 Debug: activado
2025-09-01 07:35:53,275 - app - INFO - mongo_client:31 - ✅ Conexión a MongoDB establecida
2025-09-01 07:35:53,276 - app - INFO - mongo_client:31 - ✅ Conexión a MongoDB establecida
2025-09-01 07:35:53,354 - app - INFO - mongo_client:31 - ✅ Conexión a MongoDB establecida
2025-09-01 07:35:53,715 - app - INFO - _ensure_indexes:46 - Índices de MongoDB verificados/creados
2025-09-01 07:35:53,717 - app - INFO - __init__:17 - PredictionService inicializado
2025-09-01 07:35:53,718 - app - INFO - __init__:31 - SensorService inicializado
2025-09-01 07:35:53,720 - app - INFO - __init__:22 - SensorController inicializado
2025-09-01 07:35:53,864 - app - INFO - find_latest:121 - No se encontraron documentos
2025-09-01 07:35:54,513 - app - INFO - _ensure_indexes:46 - Índices de MongoDB verificados/creados
2025-09-01 07:35:54,515 - app - INFO - __init__:17 - PredictionService inicializado
2025-09-01 07:35:54,516 - app - INFO - __init__:31 - SensorService inicializado
2025-09-01 07:35:54,518 - app - INFO - __init__:22 - SensorController inicializado
2025-09-01 07:35:54,556 - app - INFO - _ensure_indexes:46 - Índices de MongoDB verificados/creados
2025-09-01 07:35:54,557 - app - INFO - __init__:17 - PredictionService inicializado
2025-09-01 07:35:54,558 - app - INFO - __init__:31 - SensorService inicializado
2025-09-01 07:35:54,559 - app - INFO - __init__:22 - SensorController inicializado
2025-09-01 07:35:56,835 - app - INFO - find_latest:121 - No se encontraron documentos
2025-09-01 07:36:07,137 - app - INFO - find_latest:121 - No se encontraron documentos
2025-09-01 07:36:17,134 - app - INFO - find_latest:121 - No se encontraron documentos
2025-09-01 07:36:26,833 - app - INFO - find_latest:121 - No se encontraron documentos
2025-09-01 07:36:37,146 - app - INFO - find_latest:121 - No se encontraron documentos
2025-09-01 07:36:46,877 - app - INFO - find_latest:121 - No se encontraron documentos
2025-09-01 07:36:57,304 - app - INFO - find_latest:121 - No se encontraron documentos
2025-09-01 07:36:58,099 - app - INFO - main:51 - 🛑 Cerrando aplicación...
2025-09-01 07:37:03,240 - app - INFO - configure_logging:52 - Sistema de logging configurado correctamente
2025-09-01 07:37:03,260 - app - INFO - register_blueprints:57 - Blueprints registrados correctamente
2025-09-01 07:37:03,261 - app - INFO - create_app:45 - Aplicación iniciada en modo: development
2025-09-01 07:37:03,262 - app - INFO - main:33 - 🚀 Iniciando aplicación en 0.0.0.0:5000
2025-09-01 07:37:03,263 - app - INFO - main:34 - 🔧 Modo: development
2025-09-01 07:37:03,264 - app - INFO - main:35 - 🐛 Debug: activado
2025-09-01 07:37:09,424 - app - INFO - mongo_client:31 - ✅ Conexión a MongoDB establecida
2025-09-01 07:37:09,435 - app - INFO - mongo_client:31 - ✅ Conexión a MongoDB establecida
2025-09-01 07:37:09,452 - app - INFO - mongo_client:31 - ✅ Conexión a MongoDB establecida
2025-09-01 07:37:09,916 - app - INFO - _ensure_indexes:46 - Índices de MongoDB verificados/creados
2025-09-01 07:37:09,917 - app - INFO - __init__:17 - PredictionService inicializado
2025-09-01 07:37:09,919 - app - INFO - __init__:31 - SensorService inicializado
2025-09-01 07:37:09,920 - app - INFO - __init__:22 - SensorController inicializado
2025-09-01 07:37:10,657 - app - INFO - _ensure_indexes:46 - Índices de MongoDB verificados/creados
2025-09-01 07:37:10,659 - app - INFO - __init__:17 - PredictionService inicializado
2025-09-01 07:37:10,660 - app - INFO - __init__:31 - SensorService inicializado
2025-09-01 07:37:10,661 - app - INFO - __init__:22 - SensorController inicializado
2025-09-01 07:37:10,725 - app - INFO - _ensure_indexes:46 - Índices de MongoDB verificados/creados
2025-09-01 07:37:10,726 - app - INFO - __init__:17 - PredictionService inicializado
2025-09-01 07:37:10,727 - app - INFO - __init__:31 - SensorService inicializado
2025-09-01 07:37:10,729 - app - INFO - __init__:22 - SensorController inicializado
2025-09-01 07:37:10,804 - app - INFO - find_latest:121 - No se encontraron documentos
2025-09-01 07:37:16,840 - app - INFO - find_latest:121 - No se encontraron documentos
2025-09-01 07:37:27,148 - app - INFO - find_latest:121 - No se encontraron documentos
2025-09-01 07:37:36,834 - app - INFO - find_latest:121 - No se encontraron documentos
2025-09-01 07:37:46,843 - app - INFO - find_latest:121 - No se encontraron documentos
2025-09-01 07:37:51,537 - app - INFO - main:51 - 🛑 Cerrando aplicación...
2025-09-01 07:37:57,362 - app - INFO - configure_logging:52 - Sistema de logging configurado correctamente
2025-09-01 07:37:57,374 - app - INFO - register_blueprints:57 - Blueprints registrados correctamente
2025-09-01 07:37:57,375 - app - INFO - create_app:45 - Aplicación iniciada en modo: development
2025-09-01 07:37:57,376 - app - INFO - main:33 - 🚀 Iniciando aplicación en 0.0.0.0:5000
2025-09-01 07:37:57,376 - app - INFO - main:34 - 🔧 Modo: development
2025-09-01 07:37:57,377 - app - INFO - main:35 - 🐛 Debug: activado
2025-09-01 07:37:59,727 - app - INFO - mongo_client:31 - ✅ Conexión a MongoDB establecida
2025-09-01 07:37:59,749 - app - INFO - mongo_client:31 - ✅ Conexión a MongoDB establecida
2025-09-01 07:37:59,789 - app - INFO - mongo_client:31 - ✅ Conexión a MongoDB establecida
2025-09-01 07:38:00,196 - app - INFO - _ensure_indexes:46 - Índices de MongoDB verificados/creados
2025-09-01 07:38:00,198 - app - INFO - __init__:17 - PredictionService inicializado
2025-09-01 07:38:00,199 - app - INFO - __init__:31 - SensorService inicializado
2025-09-01 07:38:00,201 - app - INFO - __init__:22 - SensorController inicializado
2025-09-01 07:38:00,901 - app - INFO - _ensure_indexes:46 - Índices de MongoDB verificados/creados
2025-09-01 07:38:00,902 - app - INFO - __init__:17 - PredictionService inicializado
2025-09-01 07:38:00,903 - app - INFO - __init__:31 - SensorService inicializado
2025-09-01 07:38:00,904 - app - INFO - __init__:22 - SensorController inicializado
2025-09-01 07:38:01,020 - app - INFO - _ensure_indexes:46 - Índices de MongoDB verificados/creados
2025-09-01 07:38:01,022 - app - INFO - __init__:17 - PredictionService inicializado
2025-09-01 07:38:01,023 - app - INFO - __init__:31 - SensorService inicializado
2025-09-01 07:38:01,024 - app - INFO - __init__:22 - SensorController inicializado
2025-09-01 07:38:01,168 - app - INFO - find_latest:121 - No se encontraron documentos
2025-09-01 07:38:06,835 - app - INFO - find_latest:121 - No se encontraron documentos
2025-09-01 07:38:16,841 - app - INFO - find_latest:121 - No se encontraron documentos
2025-09-01 07:38:27,135 - app - INFO - find_latest:121 - No se encontraron documentos
2025-09-01 07:38:36,822 - app - INFO - find_latest:121 - No se encontraron documentos
2025-09-01 07:38:46,835 - app - INFO - find_latest:121 - No se encontraron documentos
2025-09-01 07:38:57,133 - app - INFO - find_latest:121 - No se encontraron documentos
2025-09-01 07:39:06,823 - app - INFO - find_latest:121 - No se encontraron documentos
2025-09-01 07:39:16,834 - app - INFO - find_latest:121 - No se encontraron documentos
2025-09-01 07:39:27,140 - app - INFO - find_latest:121 - No se encontraron documentos
2025-09-01 07:39:36,829 - app - INFO - find_latest:121 - No se encontraron documentos
2025-09-01 07:39:46,821 - app - INFO - find_latest:121 - No se encontraron documentos
2025-09-01 07:39:57,151 - app - INFO - find_latest:121 - No se encontraron documentos
2025-09-01 07:40:06,822 - app - INFO - find_latest:121 - No se encontraron documentos
2025-09-01 07:40:16,839 - app - INFO - find_latest:121 - No se encontraron documentos
2025-09-01 07:40:27,154 - app - INFO - find_latest:121 - No se encontraron documentos
2025-09-01 07:40:36,832 - app - INFO - find_latest:121 - No se encontraron documentos
2025-09-01 07:40:46,824 - app - INFO - find_latest:121 - No se encontraron documentos
2025-09-01 07:40:57,130 - app - INFO - find_latest:121 - No se encontraron documentos
2025-09-01 07:41:07,138 - app - INFO - find_latest:121 - No se encontraron documentos
2025-09-01 07:41:16,840 - app - INFO - find_latest:121 - No se encontraron documentos
2025-09-01 07:41:19,082 - app - INFO - main:51 - 🛑 Cerrando aplicación...
2025-09-01 07:41:26,409 - app - INFO - configure_logging:52 - Sistema de logging configurado correctamente
2025-09-01 07:41:26,423 - app - INFO - register_blueprints:57 - Blueprints registrados correctamente
2025-09-01 07:41:26,424 - app - INFO - create_app:45 - Aplicación iniciada en modo: development
2025-09-01 07:41:26,425 - app - INFO - main:33 - 🚀 Iniciando aplicación en 0.0.0.0:5000
2025-09-01 07:41:26,426 - app - INFO - main:34 - 🔧 Modo: development
2025-09-01 07:41:26,427 - app - INFO - main:35 - 🐛 Debug: activado
2025-09-01 07:41:29,502 - app - INFO - mongo_client:31 - ✅ Conexión a MongoDB establecida
2025-09-01 07:41:29,531 - app - INFO - mongo_client:31 - ✅ Conexión a MongoDB establecida
2025-09-01 07:41:29,600 - app - INFO - mongo_client:31 - ✅ Conexión a MongoDB establecida
2025-09-01 07:41:30,073 - app - INFO - _ensure_indexes:46 - Índices de MongoDB verificados/creados
2025-09-01 07:41:30,074 - app - INFO - __init__:17 - PredictionService inicializado
2025-09-01 07:41:30,074 - app - INFO - __init__:31 - SensorService inicializado
2025-09-01 07:41:30,075 - app - INFO - __init__:22 - SensorController inicializado
2025-09-01 07:41:30,694 - app - INFO - _ensure_indexes:46 - Índices de MongoDB verificados/creados
2025-09-01 07:41:30,695 - app - INFO - __init__:17 - PredictionService inicializado
2025-09-01 07:41:30,696 - app - INFO - __init__:31 - SensorService inicializado
2025-09-01 07:41:30,697 - app - INFO - __init__:22 - SensorController inicializado
2025-09-01 07:41:30,722 - app - INFO - _ensure_indexes:46 - Índices de MongoDB verificados/creados
2025-09-01 07:41:30,724 - app - INFO - __init__:17 - PredictionService inicializado
2025-09-01 07:41:30,725 - app - INFO - __init__:31 - SensorService inicializado
2025-09-01 07:41:30,726 - app - INFO - __init__:22 - SensorController inicializado
2025-09-01 07:41:30,870 - app - INFO - find_latest:121 - No se encontraron documentos
2025-09-01 07:41:36,834 - app - INFO - find_latest:121 - No se encontraron documentos
2025-09-01 07:41:46,830 - app - INFO - find_latest:121 - No se encontraron documentos
2025-09-01 07:41:57,140 - app - INFO - find_latest:121 - No se encontraron documentos
2025-09-01 07:42:06,836 - app - INFO - find_latest:121 - No se encontraron documentos
2025-09-01 07:42:16,842 - app - INFO - find_latest:121 - No se encontraron documentos
2025-09-01 07:42:27,148 - app - INFO - find_latest:121 - No se encontraron documentos
2025-09-01 07:42:36,849 - app - INFO - find_latest:121 - No se encontraron documentos
2025-09-01 07:42:47,161 - app - INFO - find_latest:121 - No se encontraron documentos
2025-09-01 07:42:56,845 - app - INFO - find_latest:121 - No se encontraron documentos
2025-09-01 07:43:07,151 - app - INFO - find_latest:121 - No se encontraron documentos
2025-09-01 07:43:10,654 - app - INFO - main:51 - 🛑 Cerrando aplicación...
2025-09-01 07:43:15,725 - app - INFO - configure_logging:52 - Sistema de logging configurado correctamente
2025-09-01 07:43:15,741 - app - INFO - register_blueprints:57 - Blueprints registrados correctamente
2025-09-01 07:43:15,742 - app - INFO - create_app:45 - Aplicación iniciada en modo: development
2025-09-01 07:43:15,742 - app - INFO - main:33 - 🚀 Iniciando aplicación en 0.0.0.0:5000
2025-09-01 07:43:15,743 - app - INFO - main:34 - 🔧 Modo: development
2025-09-01 07:43:15,744 - app - INFO - main:35 - 🐛 Debug: activado
2025-09-01 07:43:19,532 - app - INFO - mongo_client:31 - ✅ Conexión a MongoDB establecida
2025-09-01 07:43:19,532 - app - INFO - mongo_client:31 - ✅ Conexión a MongoDB establecida
2025-09-01 07:43:19,619 - app - INFO - mongo_client:31 - ✅ Conexión a MongoDB establecida
2025-09-01 07:43:20,081 - app - INFO - _ensure_indexes:46 - Índices de MongoDB verificados/creados
2025-09-01 07:43:20,082 - app - INFO - __init__:17 - PredictionService inicializado
2025-09-01 07:43:20,083 - app - INFO - __init__:31 - SensorService inicializado
2025-09-01 07:43:20,084 - app - INFO - __init__:22 - SensorController inicializado
2025-09-01 07:43:20,690 - app - INFO - _ensure_indexes:46 - Índices de MongoDB verificados/creados
2025-09-01 07:43:20,691 - app - INFO - __init__:17 - PredictionService inicializado
2025-09-01 07:43:20,692 - app - INFO - __init__:31 - SensorService inicializado
2025-09-01 07:43:20,693 - app - INFO - __init__:22 - SensorController inicializado
2025-09-01 07:43:20,705 - app - INFO - _ensure_indexes:46 - Índices de MongoDB verificados/creados
2025-09-01 07:43:20,707 - app - INFO - __init__:17 - PredictionService inicializado
2025-09-01 07:43:20,709 - app - INFO - __init__:31 - SensorService inicializado
2025-09-01 07:43:20,710 - app - INFO - __init__:22 - SensorController inicializado
2025-09-01 07:43:20,832 - app - INFO - find_latest:121 - No se encontraron documentos
2025-09-01 07:43:26,821 - app - INFO - find_latest:121 - No se encontraron documentos
2025-09-01 07:43:29,367 - app - INFO - main:51 - 🛑 Cerrando aplicación...
2025-09-01 07:43:34,280 - app - INFO - configure_logging:52 - Sistema de logging configurado correctamente
2025-09-01 07:43:34,290 - app - INFO - register_blueprints:57 - Blueprints registrados correctamente
2025-09-01 07:43:34,291 - app - INFO - create_app:45 - Aplicación iniciada en modo: development
2025-09-01 07:43:34,292 - app - INFO - main:33 - 🚀 Iniciando aplicación en 0.0.0.0:5000
2025-09-01 07:43:34,292 - app - INFO - main:34 - 🔧 Modo: development
2025-09-01 07:43:34,293 - app - INFO - main:35 - 🐛 Debug: activado
2025-09-01 07:43:39,324 - app - INFO - mongo_client:31 - ✅ Conexión a MongoDB establecida
2025-09-01 07:43:39,329 - app - INFO - mongo_client:31 - ✅ Conexión a MongoDB establecida
2025-09-01 07:43:39,331 - app - INFO - mongo_client:31 - ✅ Conexión a MongoDB establecida
2025-09-01 07:43:39,777 - app - INFO - _ensure_indexes:46 - Índices de MongoDB verificados/creados
2025-09-01 07:43:39,778 - app - INFO - __init__:17 - PredictionService inicializado
2025-09-01 07:43:39,780 - app - INFO - __init__:31 - SensorService inicializado
2025-09-01 07:43:39,781 - app - INFO - __init__:22 - SensorController inicializado
2025-09-01 07:43:40,539 - app - INFO - _ensure_indexes:46 - Índices de MongoDB verificados/creados
2025-09-01 07:43:40,542 - app - INFO - __init__:17 - PredictionService inicializado
2025-09-01 07:43:40,543 - app - INFO - __init__:31 - SensorService inicializado
2025-09-01 07:43:40,546 - app - INFO - __init__:22 - SensorController inicializado
2025-09-01 07:43:40,580 - app - INFO - _ensure_indexes:46 - Índices de MongoDB verificados/creados
2025-09-01 07:43:40,581 - app - INFO - __init__:17 - PredictionService inicializado
2025-09-01 07:43:40,582 - app - INFO - __init__:31 - SensorService inicializado
2025-09-01 07:43:40,583 - app - INFO - __init__:22 - SensorController inicializado
2025-09-01 07:43:40,691 - app - INFO - find_latest:121 - No se encontraron documentos
2025-09-01 07:43:47,142 - app - INFO - find_latest:121 - No se encontraron documentos
2025-09-01 07:43:56,832 - app - INFO - find_latest:121 - No se encontraron documentos
2025-09-01 07:44:07,147 - app - INFO - find_latest:121 - No se encontraron documentos
2025-09-01 07:44:16,829 - app - INFO - find_latest:121 - No se encontraron documentos
2025-09-01 07:44:27,149 - app - INFO - find_latest:121 - No se encontraron documentos
2025-09-01 07:44:36,836 - app - INFO - find_latest:121 - No se encontraron documentos
2025-09-01 07:44:47,145 - app - INFO - find_latest:121 - No se encontraron documentos
2025-09-01 07:44:56,839 - app - INFO - find_latest:121 - No se encontraron documentos
2025-09-01 07:45:07,153 - app - INFO - find_latest:121 - No se encontraron documentos
2025-09-01 07:45:16,835 - app - INFO - find_latest:121 - No se encontraron documentos
2025-09-01 07:45:27,141 - app - INFO - find_latest:121 - No se encontraron documentos
2025-09-01 07:45:36,836 - app - INFO - find_latest:121 - No se encontraron documentos
2025-09-01 07:45:46,829 - app - INFO - find_latest:121 - No se encontraron documentos
2025-09-01 07:45:57,265 - app - INFO - find_latest:121 - No se encontraron documentos
2025-09-01 07:46:06,816 - app - INFO - find_latest:121 - No se encontraron documentos
2025-09-01 07:46:16,840 - app - INFO - find_latest:121 - No se encontraron documentos
2025-09-01 07:46:27,161 - app - INFO - find_latest:121 - No se encontraron documentos
2025-09-01 07:46:36,835 - app - INFO - find_latest:121 - No se encontraron documentos
2025-09-01 07:46:46,848 - app - INFO - find_latest:121 - No se encontraron documentos
2025-09-01 07:46:57,151 - app - INFO - find_latest:121 - No se encontraron documentos
2025-09-01 07:47:06,831 - app - INFO - find_latest:121 - No se encontraron documentos
2025-09-01 07:47:16,839 - app - INFO - find_latest:121 - No se encontraron documentos
2025-09-01 07:47:27,143 - app - INFO - find_latest:121 - No se encontraron documentos
2025-09-01 07:47:36,834 - app - INFO - find_latest:121 - No se encontraron documentos
2025-09-01 08:59:25,699 - app - INFO - configure_logging:52 - Sistema de logging configurado correctamente
2025-09-01 08:59:25,839 - app - INFO - register_blueprints:57 - Blueprints registrados correctamente
2025-09-01 08:59:25,840 - app - INFO - create_app:45 - Aplicación iniciada en modo: development
2025-09-01 08:59:25,840 - app - INFO - main:33 - 🚀 Iniciando aplicación en 0.0.0.0:5000
2025-09-01 08:59:25,841 - app - INFO - main:34 - 🔧 Modo: development
2025-09-01 08:59:25,841 - app - INFO - main:35 - 🐛 Debug: activado
2025-09-01 08:59:33,090 - app - INFO - configure_logging:52 - Sistema de logging configurado correctamente
2025-09-01 08:59:33,203 - app - INFO - register_blueprints:57 - Blueprints registrados correctamente
2025-09-01 08:59:33,204 - app - INFO - create_app:45 - Aplicación iniciada en modo: development
2025-09-01 08:59:33,205 - app - INFO - main:33 - 🚀 Iniciando aplicación en 0.0.0.0:5000
2025-09-01 08:59:33,206 - app - INFO - main:34 - 🔧 Modo: development
2025-09-01 08:59:33,207 - app - INFO - main:35 - 🐛 Debug: activado
2025-09-01 08:59:37,304 - app - INFO - mongo_client:31 - ✅ Conexión a MongoDB establecida
2025-09-01 08:59:37,332 - app - INFO - mongo_client:31 - ✅ Conexión a MongoDB establecida
2025-09-01 08:59:37,374 - app - INFO - mongo_client:31 - ✅ Conexión a MongoDB establecida
2025-09-01 08:59:37,741 - app - INFO - _ensure_indexes:46 - Índices de MongoDB verificados/creados
2025-09-01 08:59:37,750 - app - INFO - __init__:17 - PredictionService inicializado
2025-09-01 08:59:37,753 - app - INFO - __init__:31 - SensorService inicializado
2025-09-01 08:59:37,755 - app - INFO - __init__:22 - SensorController inicializado
2025-09-01 08:59:38,581 - app - INFO - _ensure_indexes:46 - Índices de MongoDB verificados/creados
2025-09-01 08:59:38,583 - app - INFO - __init__:17 - PredictionService inicializado
2025-09-01 08:59:38,584 - app - INFO - __init__:31 - SensorService inicializado
2025-09-01 08:59:38,585 - app - INFO - __init__:22 - SensorController inicializado
2025-09-01 08:59:38,623 - app - INFO - _ensure_indexes:46 - Índices de MongoDB verificados/creados
2025-09-01 08:59:38,624 - app - INFO - __init__:17 - PredictionService inicializado
2025-09-01 08:59:38,625 - app - INFO - __init__:31 - SensorService inicializado
2025-09-01 08:59:38,626 - app - INFO - __init__:22 - SensorController inicializado
2025-09-01 08:59:38,781 - app - INFO - find_latest:121 - No se encontraron documentos
2025-09-01 08:59:45,176 - app - INFO - find_latest:121 - No se encontraron documentos
2025-09-01 08:59:54,886 - app - INFO - find_latest:121 - No se encontraron documentos
2025-09-01 09:00:05,188 - app - INFO - find_latest:121 - No se encontraron documentos
2025-09-01 09:00:14,859 - app - INFO - find_latest:121 - No se encontraron documentos
2025-09-01 09:00:24,858 - app - INFO - find_latest:121 - No se encontraron documentos
2025-09-01 09:00:35,193 - app - INFO - find_latest:121 - No se encontraron documentos
2025-09-01 09:00:44,866 - app - INFO - find_latest:121 - No se encontraron documentos
2025-09-01 09:00:54,897 - app - INFO - find_latest:121 - No se encontraron documentos
2025-09-01 09:01:05,399 - app - INFO - find_latest:121 - No se encontraron documentos
2025-09-01 09:01:15,160 - app - INFO - find_latest:121 - No se encontraron documentos
2025-09-01 09:01:24,889 - app - INFO - find_latest:121 - No se encontraron documentos
2025-09-01 09:01:35,276 - app - INFO - find_latest:121 - No se encontraron documentos
2025-09-01 09:01:44,849 - app - INFO - find_latest:121 - No se encontraron documentos
2025-09-01 09:01:54,872 - app - INFO - find_latest:121 - No se encontraron documentos
2025-09-01 09:02:05,173 - app - INFO - find_latest:121 - No se encontraron documentos
2025-09-01 09:02:14,862 - app - INFO - find_latest:121 - No se encontraron documentos
2025-09-01 09:02:24,861 - app - INFO - find_latest:121 - No se encontraron documentos
2025-09-01 09:02:35,219 - app - INFO - find_latest:121 - No se encontraron documentos
2025-09-01 09:02:44,855 - app - INFO - find_latest:121 - No se encontraron documentos
2025-09-01 09:02:54,864 - app - INFO - find_latest:121 - No se encontraron documentos
2025-09-01 09:34:01,375 - app - WARNING - not_found:24 - Resource not found: 404 Not Found: The requested URL was not found on the server. If you entered the URL manually please check your spelling and try again.
2025-09-01 09:34:08,108 - app - WARNING - not_found:24 - Resource not found: 404 Not Found: The requested URL was not found on the server. If you entered the URL manually please check your spelling and try again.
2025-09-01 09:34:12,198 - app - WARNING - not_found:24 - Resource not found: 404 Not Found: The requested URL was not found on the server. If you entered the URL manually please check your spelling and try again.
2025-09-01 09:34:12,738 - app - WARNING - not_found:24 - Resource not found: 404 Not Found: The requested URL was not found on the server. If you entered the URL manually please check your spelling and try again.
2025-09-01 10:08:57,640 - app - INFO - configure_logging:52 - Sistema de logging configurado correctamente
2025-09-01 10:08:57,746 - app - INFO - register_blueprints:57 - Blueprints registrados correctamente
2025-09-01 10:08:57,746 - app - INFO - create_app:45 - Aplicación iniciada en modo: development
2025-09-01 10:08:57,747 - app - INFO - main:33 - 🚀 Iniciando aplicación en 0.0.0.0:5000
2025-09-01 10:08:57,747 - app - INFO - main:34 - 🔧 Modo: development
2025-09-01 10:08:57,748 - app - INFO - main:35 - 🐛 Debug: activado
2025-09-01 10:09:03,134 - app - INFO - configure_logging:52 - Sistema de logging configurado correctamente
2025-09-01 10:09:03,237 - app - INFO - register_blueprints:57 - Blueprints registrados correctamente
2025-09-01 10:09:03,238 - app - INFO - create_app:45 - Aplicación iniciada en modo: development
2025-09-01 10:09:03,239 - app - INFO - main:33 - 🚀 Iniciando aplicación en 0.0.0.0:5000
2025-09-01 10:09:03,240 - app - INFO - main:34 - 🔧 Modo: development
2025-09-01 10:09:03,240 - app - INFO - main:35 - 🐛 Debug: activado
2025-09-01 10:18:28,402 - app - INFO - configure_logging:52 - Sistema de logging configurado correctamente
2025-09-01 10:18:28,520 - app - INFO - register_blueprints:57 - Blueprints registrados correctamente
2025-09-01 10:18:28,520 - app - INFO - create_app:45 - Aplicación iniciada en modo: development
2025-09-01 10:18:28,521 - app - INFO - main:33 - 🚀 Iniciando aplicación en 0.0.0.0:5000
2025-09-01 10:18:28,522 - app - INFO - main:34 - 🔧 Modo: development
2025-09-01 10:18:28,522 - app - INFO - main:35 - 🐛 Debug: activado
2025-09-01 10:18:34,894 - app - INFO - configure_logging:52 - Sistema de logging configurado correctamente
2025-09-01 10:18:35,218 - app - INFO - register_blueprints:57 - Blueprints registrados correctamente
2025-09-01 10:18:35,244 - app - INFO - create_app:45 - Aplicación iniciada en modo: development
2025-09-01 10:18:35,263 - app - INFO - main:33 - 🚀 Iniciando aplicación en 0.0.0.0:5000
2025-09-01 10:18:35,298 - app - INFO - main:34 - 🔧 Modo: development
2025-09-01 10:18:35,314 - app - INFO - main:35 - 🐛 Debug: activado
2025-09-01 10:18:38,496 - app - WARNING - not_found:24 - Resource not found: 404 Not Found: The requested URL was not found on the server. If you entered the URL manually please check your spelling and try again.
2025-09-01 10:18:39,146 - app - WARNING - not_found:24 - Resource not found: 404 Not Found: The requested URL was not found on the server. If you entered the URL manually please check your spelling and try again.
2025-09-01 10:19:42,741 - app - INFO - main:51 - 🛑 Cerrando aplicación...
2025-09-01 10:19:49,045 - app - INFO - configure_logging:52 - Sistema de logging configurado correctamente
2025-09-01 10:19:49,334 - app - INFO - register_blueprints:57 - Blueprints registrados correctamente
2025-09-01 10:19:49,338 - app - INFO - create_app:45 - Aplicación iniciada en modo: development
2025-09-01 10:19:49,341 - app - INFO - main:33 - 🚀 Iniciando aplicación en 0.0.0.0:5000
2025-09-01 10:19:49,350 - app - INFO - main:34 - 🔧 Modo: development
2025-09-01 10:19:49,355 - app - INFO - main:35 - 🐛 Debug: activado
2025-09-01 10:21:56,323 - app - INFO - main:51 - 🛑 Cerrando aplicación...
2025-09-01 10:22:03,375 - app - INFO - configure_logging:52 - Sistema de logging configurado correctamente
2025-09-01 10:22:03,689 - app - INFO - register_blueprints:61 - Blueprints registrados correctamente
2025-09-01 10:22:03,690 - app - INFO - create_app:45 - Aplicación iniciada en modo: development
2025-09-01 10:22:03,691 - app - INFO - main:33 - 🚀 Iniciando aplicación en 0.0.0.0:5000
2025-09-01 10:22:03,692 - app - INFO - main:34 - 🔧 Modo: development
2025-09-01 10:22:03,693 - app - INFO - main:35 - 🐛 Debug: activado
2025-09-01 10:22:07,404 - app - INFO - main:51 - 🛑 Cerrando aplicación...
2025-09-01 10:22:15,691 - app - INFO - configure_logging:52 - Sistema de logging configurado correctamente
2025-09-01 10:22:16,559 - app - INFO - register_blueprints:61 - Blueprints registrados correctamente
2025-09-01 10:22:16,622 - app - INFO - create_app:45 - Aplicación iniciada en modo: development
2025-09-01 10:22:16,773 - app - INFO - main:33 - 🚀 Iniciando aplicación en 0.0.0.0:5000
2025-09-01 10:22:16,777 - app - INFO - main:34 - 🔧 Modo: development
2025-09-01 10:22:16,779 - app - INFO - main:35 - 🐛 Debug: activado
2025-09-01 10:22:47,395 - app - INFO - main:51 - 🛑 Cerrando aplicación...
2025-09-01 10:22:52,718 - app - INFO - configure_logging:52 - Sistema de logging configurado correctamente
2025-09-01 10:22:52,996 - app - INFO - register_blueprints:61 - Blueprints registrados correctamente
2025-09-01 10:22:52,997 - app - INFO - create_app:45 - Aplicación iniciada en modo: development
2025-09-01 10:22:52,998 - app - INFO - main:33 - 🚀 Iniciando aplicación en 0.0.0.0:5000
2025-09-01 10:22:52,999 - app - INFO - main:34 - 🔧 Modo: development
2025-09-01 10:22:52,999 - app - INFO - main:35 - 🐛 Debug: activado
2025-09-01 10:23:29,258 - app - INFO - _ensure_indexes:44 - Índices de usuarios verificados/creados
2025-09-01 10:23:29,259 - app - INFO - __init__:28 - AuthService inicializado
2025-09-01 10:23:30,053 - app - INFO - authenticate_user:121 - Usuario admin autenticado exitosamente
2025-09-01 10:23:30,055 - app - INFO - login:75 - Login exitoso para usuario: admin
2025-09-01 10:25:52,817 - app - INFO - mongo_client:31 - ✅ Conexión a MongoDB establecida
2025-09-01 10:25:53,291 - app - INFO - _ensure_indexes:46 - Índices de MongoDB verificados/creados
2025-09-01 10:25:53,294 - app - INFO - __init__:17 - PredictionService inicializado
2025-09-01 10:25:53,295 - app - INFO - __init__:31 - SensorService inicializado
2025-09-01 10:25:53,296 - app - INFO - __init__:22 - SensorController inicializado
2025-09-01 10:33:46,072 - app - INFO - main:51 - 🛑 Cerrando aplicación...
2025-09-01 10:33:53,761 - app - INFO - configure_logging:52 - Sistema de logging configurado correctamente
2025-09-01 10:33:54,063 - app - INFO - register_blueprints:65 - Blueprints registrados correctamente
2025-09-01 10:33:54,064 - app - INFO - create_app:49 - Aplicación iniciada en modo: development
2025-09-01 10:33:54,065 - app - INFO - main:33 - 🚀 Iniciando aplicación en 0.0.0.0:5000
2025-09-01 10:33:54,066 - app - INFO - main:34 - 🔧 Modo: development
2025-09-01 10:33:54,067 - app - INFO - main:35 - 🐛 Debug: activado
2025-09-01 10:33:56,464 - app - INFO - main:51 - 🛑 Cerrando aplicación...
2025-09-01 10:34:01,502 - app - INFO - configure_logging:52 - Sistema de logging configurado correctamente
2025-09-01 10:34:01,784 - app - INFO - register_blueprints:65 - Blueprints registrados correctamente
2025-09-01 10:34:01,785 - app - INFO - create_app:49 - Aplicación iniciada en modo: development
2025-09-01 10:34:01,786 - app - INFO - main:33 - 🚀 Iniciando aplicación en 0.0.0.0:5000
2025-09-01 10:34:01,788 - app - INFO - main:34 - 🔧 Modo: development
2025-09-01 10:34:01,789 - app - INFO - main:35 - 🐛 Debug: activado
2025-09-01 10:34:44,061 - app - INFO - _ensure_indexes:44 - Índices de usuarios verificados/creados
2025-09-01 10:34:44,062 - app - INFO - __init__:28 - AuthService inicializado
2025-09-01 10:34:44,696 - app - INFO - authenticate_user:121 - Usuario admin autenticado exitosamente
2025-09-01 10:34:44,697 - app - INFO - login:75 - Login exitoso para usuario: admin
2025-09-01 10:34:55,448 - app - INFO - _ensure_indexes:44 - Índices de usuarios verificados/creados
2025-09-01 10:34:55,451 - app - INFO - __init__:28 - AuthService inicializado
2025-09-01 10:34:56,084 - app - INFO - authenticate_user:121 - Usuario admin autenticado exitosamente
2025-09-01 10:34:56,085 - app - INFO - login:75 - Login exitoso para usuario: admin
2025-09-01 11:32:34,071 - app - INFO - main:51 - 🛑 Cerrando aplicación...
2025-09-01 11:39:45,306 - app - INFO - configure_logging:52 - Sistema de logging configurado correctamente
2025-09-01 11:39:45,619 - app - INFO - register_blueprints:80 - Blueprints registrados correctamente
2025-09-01 11:39:45,619 - app - INFO - create_app:64 - Aplicación iniciada en modo: development
2025-09-01 11:39:45,620 - app - INFO - main:33 - 🚀 Iniciando aplicación en 0.0.0.0:5000
2025-09-01 11:39:45,620 - app - INFO - main:34 - 🔧 Modo: development
2025-09-01 11:39:45,621 - app - INFO - main:35 - 🐛 Debug: activado
2025-09-01 11:39:51,715 - app - INFO - configure_logging:52 - Sistema de logging configurado correctamente
2025-09-01 11:39:51,979 - app - INFO - register_blueprints:80 - Blueprints registrados correctamente
2025-09-01 11:39:51,980 - app - INFO - create_app:64 - Aplicación iniciada en modo: development
2025-09-01 11:39:51,981 - app - INFO - main:33 - 🚀 Iniciando aplicación en 0.0.0.0:5000
2025-09-01 11:39:51,985 - app - INFO - main:34 - 🔧 Modo: development
2025-09-01 11:39:51,990 - app - INFO - main:35 - 🐛 Debug: activado
2025-09-01 11:40:11,305 - app - INFO - main:51 - 🛑 Cerrando aplicación...
2025-09-01 11:40:18,844 - app - INFO - configure_logging:52 - Sistema de logging configurado correctamente
2025-09-01 11:40:19,280 - app - INFO - register_blueprints:80 - Blueprints registrados correctamente
2025-09-01 11:40:19,281 - app - INFO - create_app:64 - Aplicación iniciada en modo: development
2025-09-01 11:40:19,282 - app - INFO - main:33 - 🚀 Iniciando aplicación en 0.0.0.0:5000
2025-09-01 11:40:19,283 - app - INFO - main:34 - 🔧 Modo: development
2025-09-01 11:40:19,284 - app - INFO - main:35 - 🐛 Debug: activado
2025-09-01 11:40:38,844 - app - INFO - main:51 - 🛑 Cerrando aplicación...
2025-09-01 11:40:48,054 - app - INFO - configure_logging:52 - Sistema de logging configurado correctamente
2025-09-01 11:40:48,511 - app - INFO - register_blueprints:80 - Blueprints registrados correctamente
2025-09-01 11:40:48,513 - app - INFO - create_app:64 - Aplicación iniciada en modo: development
2025-09-01 11:40:48,516 - app - INFO - main:33 - 🚀 Iniciando aplicación en 0.0.0.0:5000
2025-09-01 11:40:48,517 - app - INFO - main:34 - 🔧 Modo: development
2025-09-01 11:40:48,518 - app - INFO - main:35 - 🐛 Debug: activado
2025-09-01 11:41:04,471 - app - INFO - configure_logging:52 - Sistema de logging configurado correctamente
2025-09-01 11:41:12,554 - app - INFO - register_blueprints:80 - Blueprints registrados correctamente
2025-09-01 11:41:12,555 - app - INFO - create_app:64 - Aplicación iniciada en modo: development
2025-09-01 11:44:33,898 - app - INFO - main:51 - 🛑 Cerrando aplicación...
2025-09-01 11:44:45,331 - app - INFO - configure_logging:52 - Sistema de logging configurado correctamente
2025-09-01 11:44:45,723 - app - INFO - register_blueprints:77 - Blueprints registrados correctamente
2025-09-01 11:44:45,723 - app - INFO - create_app:61 - Aplicación iniciada en modo: development
2025-09-01 11:44:45,724 - app - INFO - main:33 - 🚀 Iniciando aplicación en 0.0.0.0:5000
2025-09-01 11:44:45,725 - app - INFO - main:34 - 🔧 Modo: development
2025-09-01 11:44:45,725 - app - INFO - main:35 - 🐛 Debug: activado
2025-09-01 11:44:53,975 - app - INFO - main:51 - 🛑 Cerrando aplicación...
2025-09-01 11:45:00,083 - app - INFO - configure_logging:52 - Sistema de logging configurado correctamente
2025-09-01 11:45:00,425 - app - INFO - register_blueprints:77 - Blueprints registrados correctamente
2025-09-01 11:45:00,427 - app - INFO - create_app:61 - Aplicación iniciada en modo: development
2025-09-01 11:45:00,428 - app - INFO - main:33 - 🚀 Iniciando aplicación en 0.0.0.0:5000
2025-09-01 11:45:00,429 - app - INFO - main:34 - 🔧 Modo: development
2025-09-01 11:45:00,430 - app - INFO - main:35 - 🐛 Debug: activado
2025-09-01 11:48:00,432 - app - INFO - main:51 - 🛑 Cerrando aplicación...
2025-09-01 11:48:10,101 - app - INFO - configure_logging:52 - Sistema de logging configurado correctamente
2025-09-01 11:48:10,404 - app - INFO - register_blueprints:119 - Blueprints registrados correctamente
2025-09-01 11:48:10,405 - app - INFO - create_app:102 - Aplicación iniciada en modo: development
2025-09-01 11:48:10,405 - app - INFO - create_app:103 - CORS configurado con orígenes: ['http://localhost:3000', 'http://127.0.0.1:3000']
2025-09-01 11:48:10,406 - app - INFO - main:33 - 🚀 Iniciando aplicación en 0.0.0.0:5000
2025-09-01 11:48:10,410 - app - INFO - main:34 - 🔧 Modo: development
2025-09-01 11:48:10,412 - app - INFO - main:35 - 🐛 Debug: activado
2025-09-01 11:48:55,789 - app - INFO - main:51 - 🛑 Cerrando aplicación...
2025-09-01 11:49:01,988 - app - INFO - configure_logging:52 - Sistema de logging configurado correctamente
2025-09-01 11:49:02,277 - app - INFO - register_blueprints:119 - Blueprints registrados correctamente
2025-09-01 11:49:02,278 - app - INFO - create_app:102 - Aplicación iniciada en modo: development
2025-09-01 11:49:02,278 - app - INFO - create_app:103 - CORS configurado con orígenes: ['http://localhost:3000', 'http://127.0.0.1:3000']
2025-09-01 11:49:02,279 - app - INFO - main:33 - 🚀 Iniciando aplicación en 0.0.0.0:5000
2025-09-01 11:49:02,279 - app - INFO - main:34 - 🔧 Modo: development
2025-09-01 11:49:02,280 - app - INFO - main:35 - 🐛 Debug: activado
2025-09-01 11:53:36,388 - app - INFO - main:51 - 🛑 Cerrando aplicación...
2025-09-01 11:53:42,151 - app - INFO - configure_logging:52 - Sistema de logging configurado correctamente
2025-09-01 11:53:42,417 - app - INFO - register_blueprints:94 - Blueprints registrados correctamente
2025-09-01 11:53:42,418 - app - INFO - create_app:78 - Aplicación iniciada en modo: development
2025-09-01 11:53:42,419 - app - INFO - main:33 - 🚀 Iniciando aplicación en 0.0.0.0:5000
2025-09-01 11:53:42,420 - app - INFO - main:34 - 🔧 Modo: development
2025-09-01 11:53:42,421 - app - INFO - main:35 - 🐛 Debug: activado
2025-09-01 11:55:45,075 - app - INFO - main:51 - 🛑 Cerrando aplicación...
2025-09-01 11:55:50,569 - app - INFO - configure_logging:52 - Sistema de logging configurado correctamente
2025-09-01 11:55:50,828 - app - INFO - register_blueprints:94 - Blueprints registrados correctamente
2025-09-01 11:55:50,829 - app - INFO - create_app:78 - Aplicación iniciada en modo: development
2025-09-01 11:55:50,830 - app - INFO - main:33 - 🚀 Iniciando aplicación en 0.0.0.0:5000
2025-09-01 11:55:50,831 - app - INFO - main:34 - 🔧 Modo: development
2025-09-01 11:55:50,832 - app - INFO - main:35 - 🐛 Debug: activado
2025-09-01 11:55:56,507 - app - INFO - test_cors:162 - Endpoint de prueba CORS llamado
2025-09-01 11:56:03,472 - app - INFO - _ensure_indexes:44 - Índices de usuarios verificados/creados
2025-09-01 11:56:03,473 - app - INFO - __init__:28 - AuthService inicializado
2025-09-01 11:56:03,781 - app - WARNING - authenticate_user:94 - Usuario test@example.com no encontrado
2025-09-01 11:56:03,783 - app - WARNING - login:68 - Intento de login fallido para usuario: test@example.com
2025-09-01 11:56:05,835 - app - INFO - test_cors:162 - Endpoint de prueba CORS llamado
2025-09-01 11:59:59,769 - app - INFO - configure_logging:52 - Sistema de logging configurado correctamente
2025-09-01 12:00:00,065 - app - INFO - register_blueprints:94 - Blueprints registrados correctamente
2025-09-01 12:00:00,065 - app - INFO - create_app:78 - Aplicación iniciada en modo: development
2025-09-01 12:00:00,066 - app - INFO - main:33 - 🚀 Iniciando aplicación en 0.0.0.0:5000
2025-09-01 12:00:00,067 - app - INFO - main:34 - 🔧 Modo: development
2025-09-01 12:00:00,067 - app - INFO - main:35 - 🐛 Debug: activado
2025-09-01 12:00:05,955 - app - INFO - configure_logging:52 - Sistema de logging configurado correctamente
2025-09-01 12:00:06,480 - app - INFO - register_blueprints:94 - Blueprints registrados correctamente
2025-09-01 12:00:06,487 - app - INFO - create_app:78 - Aplicación iniciada en modo: development
2025-09-01 12:00:06,491 - app - INFO - main:33 - 🚀 Iniciando aplicación en 0.0.0.0:5000
2025-09-01 12:00:06,494 - app - INFO - main:34 - 🔧 Modo: development
2025-09-01 12:00:06,503 - app - INFO - main:35 - 🐛 Debug: activado
2025-09-01 12:01:25,508 - app - INFO - test_cors:162 - Endpoint de prueba CORS llamado
2025-09-01 12:01:38,489 - app - INFO - _ensure_indexes:44 - Índices de usuarios verificados/creados
2025-09-01 12:01:38,490 - app - INFO - __init__:28 - AuthService inicializado
2025-09-01 12:01:38,778 - app - WARNING - authenticate_user:94 - Usuario test@example.com no encontrado
2025-09-01 12:01:38,780 - app - WARNING - login:68 - Intento de login fallido para usuario: test@example.com
2025-09-01 12:02:01,387 - app - INFO - main:51 - 🛑 Cerrando aplicación...
2025-09-01 12:03:19,356 - app - INFO - configure_logging:52 - Sistema de logging configurado correctamente
2025-09-01 12:03:19,663 - app - INFO - register_blueprints:94 - Blueprints registrados correctamente
2025-09-01 12:03:19,664 - app - INFO - create_app:78 - Aplicación iniciada en modo: development
2025-09-01 12:03:19,664 - app - INFO - main:33 - 🚀 Iniciando aplicación en 0.0.0.0:5000
2025-09-01 12:03:19,665 - app - INFO - main:34 - 🔧 Modo: development
2025-09-01 12:03:19,666 - app - INFO - main:35 - 🐛 Debug: activado
2025-09-01 12:03:26,034 - app - INFO - configure_logging:52 - Sistema de logging configurado correctamente
2025-09-01 12:03:26,344 - app - INFO - register_blueprints:94 - Blueprints registrados correctamente
2025-09-01 12:03:26,345 - app - INFO - create_app:78 - Aplicación iniciada en modo: development
2025-09-01 12:03:26,346 - app - INFO - main:33 - 🚀 Iniciando aplicación en 0.0.0.0:5000
2025-09-01 12:03:26,347 - app - INFO - main:34 - 🔧 Modo: development
2025-09-01 12:03:26,347 - app - INFO - main:35 - 🐛 Debug: activado
2025-09-01 12:03:34,515 - app - INFO - configure_logging:52 - Sistema de logging configurado correctamente
2025-09-01 12:03:34,778 - app - INFO - register_blueprints:94 - Blueprints registrados correctamente
2025-09-01 12:03:34,779 - app - INFO - create_app:78 - Aplicación iniciada en modo: development 
2025-09-01 12:03:34,780 - app - INFO - main:33 - 🚀 Iniciando aplicación en 0.0.0.0:5000
2025-09-01 12:03:34,780 - app - INFO - main:34 - 🔧 Modo: development 
2025-09-01 12:03:34,781 - app - INFO - main:35 - 🐛 Debug: activado
2025-09-01 12:03:40,801 - app - INFO - configure_logging:52 - Sistema de logging configurado correctamente
2025-09-01 12:03:41,076 - app - INFO - register_blueprints:94 - Blueprints registrados correctamente
2025-09-01 12:03:41,077 - app - INFO - create_app:78 - Aplicación iniciada en modo: development 
2025-09-01 12:03:41,078 - app - INFO - main:33 - 🚀 Iniciando aplicación en 0.0.0.0:5000
2025-09-01 12:03:41,078 - app - INFO - main:34 - 🔧 Modo: development 
2025-09-01 12:03:41,079 - app - INFO - main:35 - 🐛 Debug: activado
2025-09-01 12:07:51,702 - app - ERROR - cleanup_db:22 - Error en el contexto de la aplicación: argument of type 'property' is not iterable
2025-09-01 12:08:11,018 - app - INFO - main:51 - 🛑 Cerrando aplicación...
2025-09-01 12:08:11,945 - app - INFO - main:51 - 🛑 Cerrando aplicación...
2025-09-01 12:09:07,599 - app - INFO - configure_logging:52 - Sistema de logging configurado correctamente
2025-09-01 12:09:08,136 - app - INFO - register_blueprints:94 - Blueprints registrados correctamente
2025-09-01 12:09:08,138 - app - INFO - create_app:78 - Aplicación iniciada en modo: development
2025-09-01 12:09:08,138 - app - INFO - main:33 - 🚀 Iniciando aplicación en 0.0.0.0:5000
2025-09-01 12:09:08,139 - app - INFO - main:34 - 🔧 Modo: development
2025-09-01 12:09:08,140 - app - INFO - main:35 - 🐛 Debug: activado
2025-09-01 12:09:13,745 - app - INFO - configure_logging:52 - Sistema de logging configurado correctamente
2025-09-01 12:09:13,979 - app - INFO - register_blueprints:94 - Blueprints registrados correctamente
2025-09-01 12:09:13,980 - app - INFO - create_app:78 - Aplicación iniciada en modo: development
2025-09-01 12:09:13,980 - app - INFO - main:33 - 🚀 Iniciando aplicación en 0.0.0.0:5000
2025-09-01 12:09:13,981 - app - INFO - main:34 - 🔧 Modo: development
2025-09-01 12:09:13,981 - app - INFO - main:35 - 🐛 Debug: activado
2025-09-01 12:09:15,673 - app - ERROR - cleanup_db:22 - Error en el contexto de la aplicación: argument of type 'property' is not iterable
2025-09-01 12:09:54,502 - app - INFO - main:51 - 🛑 Cerrando aplicación...
2025-09-01 12:10:00,362 - app - INFO - configure_logging:52 - Sistema de logging configurado correctamente
2025-09-01 12:10:00,645 - app - INFO - register_blueprints:98 - Blueprints registrados correctamente
2025-09-01 12:10:00,647 - app - INFO - create_app:82 - Aplicación iniciada en modo: development
2025-09-01 12:10:00,648 - app - INFO - main:33 - 🚀 Iniciando aplicación en 0.0.0.0:5000
2025-09-01 12:10:00,651 - app - INFO - main:34 - 🔧 Modo: development
2025-09-01 12:10:00,653 - app - INFO - main:35 - 🐛 Debug: activado
2025-09-01 12:10:25,012 - app - ERROR - cleanup_db:22 - Error en el contexto de la aplicación: argument of type 'property' is not iterable
2025-09-01 12:10:51,171 - app - WARNING - not_found:24 - Resource not found: 404 Not Found: The requested URL was not found on the server. If you entered the URL manually please check your spelling and try again.
2025-09-01 12:10:51,177 - app - ERROR - cleanup_db:22 - Error en el contexto de la aplicación: argument of type 'property' is not iterable
2025-09-01 12:11:03,349 - app - INFO - main:51 - 🛑 Cerrando aplicación...
2025-09-01 12:11:10,039 - app - INFO - configure_logging:52 - Sistema de logging configurado correctamente
2025-09-01 12:11:10,392 - app - INFO - register_blueprints:98 - Blueprints registrados correctamente
2025-09-01 12:11:10,393 - app - INFO - create_app:82 - Aplicación iniciada en modo: development
2025-09-01 12:11:10,394 - app - INFO - main:33 - 🚀 Iniciando aplicación en 0.0.0.0:5000
2025-09-01 12:11:10,395 - app - INFO - main:34 - 🔧 Modo: development
2025-09-01 12:11:10,396 - app - INFO - main:35 - 🐛 Debug: activado
2025-09-01 12:11:13,186 - app - ERROR - cleanup_db:22 - Error en el contexto de la aplicación: argument of type 'property' is not iterable
2025-09-01 12:11:50,916 - app - INFO - main:51 - 🛑 Cerrando aplicación...
2025-09-01 12:11:55,738 - app - INFO - configure_logging:52 - Sistema de logging configurado correctamente
2025-09-01 12:11:56,071 - app - INFO - register_blueprints:103 - Blueprints registrados correctamente
2025-09-01 12:11:56,073 - app - INFO - create_app:87 - Aplicación iniciada en modo: development
2025-09-01 12:11:56,074 - app - INFO - main:33 - 🚀 Iniciando aplicación en 0.0.0.0:5000
2025-09-01 12:11:56,075 - app - INFO - main:34 - 🔧 Modo: development
2025-09-01 12:11:56,077 - app - INFO - main:35 - 🐛 Debug: activado
2025-09-01 12:11:58,506 - app - INFO - main:51 - 🛑 Cerrando aplicación...
2025-09-01 12:12:03,986 - app - INFO - configure_logging:52 - Sistema de logging configurado correctamente
2025-09-01 12:12:04,248 - app - INFO - register_blueprints:103 - Blueprints registrados correctamente
2025-09-01 12:12:04,249 - app - INFO - create_app:87 - Aplicación iniciada en modo: development
2025-09-01 12:12:04,250 - app - INFO - main:33 - 🚀 Iniciando aplicación en 0.0.0.0:5000
2025-09-01 12:12:04,251 - app - INFO - main:34 - 🔧 Modo: development
2025-09-01 12:12:04,251 - app - INFO - main:35 - 🐛 Debug: activado
2025-09-01 12:12:11,323 - app - INFO - main:51 - 🛑 Cerrando aplicación...
2025-09-01 12:12:16,923 - app - INFO - configure_logging:52 - Sistema de logging configurado correctamente
2025-09-01 12:12:17,185 - app - INFO - register_blueprints:103 - Blueprints registrados correctamente
2025-09-01 12:12:17,186 - app - INFO - create_app:87 - Aplicación iniciada en modo: development
2025-09-01 12:12:17,187 - app - INFO - main:33 - 🚀 Iniciando aplicación en 0.0.0.0:5000
2025-09-01 12:12:17,187 - app - INFO - main:34 - 🔧 Modo: development
2025-09-01 12:12:17,188 - app - INFO - main:35 - 🐛 Debug: activado
2025-09-01 12:12:21,794 - app - INFO - main:51 - 🛑 Cerrando aplicación...
2025-09-01 12:12:27,852 - app - INFO - main:51 - 🛑 Cerrando aplicación...
2025-09-01 12:12:38,938 - app - INFO - configure_logging:52 - Sistema de logging configurado correctamente
2025-09-01 12:12:39,274 - app - INFO - register_blueprints:108 - Blueprints registrados correctamente
2025-09-01 12:12:39,274 - app - INFO - create_app:92 - Aplicación iniciada en modo: development
2025-09-01 12:12:39,275 - app - INFO - main:33 - 🚀 Iniciando aplicación en 0.0.0.0:5000
2025-09-01 12:12:39,276 - app - INFO - main:34 - 🔧 Modo: development
2025-09-01 12:12:39,277 - app - INFO - main:35 - 🐛 Debug: activado
2025-09-01 12:12:46,373 - app - INFO - configure_logging:52 - Sistema de logging configurado correctamente
2025-09-01 12:12:46,689 - app - INFO - register_blueprints:108 - Blueprints registrados correctamente
2025-09-01 12:12:46,690 - app - INFO - create_app:92 - Aplicación iniciada en modo: development
2025-09-01 12:12:46,691 - app - INFO - main:33 - 🚀 Iniciando aplicación en 0.0.0.0:5000
2025-09-01 12:12:46,692 - app - INFO - main:34 - 🔧 Modo: development
2025-09-01 12:12:46,692 - app - INFO - main:35 - 🐛 Debug: activado
2025-09-01 12:12:49,906 - app - ERROR - cleanup_db:22 - Error en el contexto de la aplicación: argument of type 'property' is not iterable
2025-09-01 12:13:11,894 - app - INFO - main:51 - 🛑 Cerrando aplicación...
2025-09-01 12:13:17,197 - app - INFO - configure_logging:52 - Sistema de logging configurado correctamente
2025-09-01 12:13:17,424 - app - INFO - register_blueprints:108 - Blueprints registrados correctamente
2025-09-01 12:13:17,425 - app - INFO - create_app:92 - Aplicación iniciada en modo: development
2025-09-01 12:13:17,426 - app - INFO - main:33 - 🚀 Iniciando aplicación en 0.0.0.0:5000
2025-09-01 12:13:17,427 - app - INFO - main:34 - 🔧 Modo: development
2025-09-01 12:13:17,428 - app - INFO - main:35 - 🐛 Debug: activado
2025-09-01 12:13:46,575 - app - INFO - main:51 - 🛑 Cerrando aplicación...
2025-09-01 12:13:52,341 - app - INFO - configure_logging:52 - Sistema de logging configurado correctamente
2025-09-01 12:13:52,636 - app - INFO - register_blueprints:112 - Blueprints registrados correctamente
2025-09-01 12:13:52,637 - app - INFO - create_app:96 - Aplicación iniciada en modo: development
2025-09-01 12:13:52,638 - app - INFO - main:33 - 🚀 Iniciando aplicación en 0.0.0.0:5000
2025-09-01 12:13:52,638 - app - INFO - main:34 - 🔧 Modo: development
2025-09-01 12:13:52,639 - app - INFO - main:35 - 🐛 Debug: activado
2025-09-01 12:13:56,255 - app - INFO - main:51 - 🛑 Cerrando aplicación...
2025-09-01 12:14:01,186 - app - INFO - configure_logging:52 - Sistema de logging configurado correctamente
2025-09-01 12:14:01,445 - app - INFO - register_blueprints:117 - Blueprints registrados correctamente
2025-09-01 12:14:01,446 - app - INFO - create_app:101 - Aplicación iniciada en modo: development
2025-09-01 12:14:01,447 - app - INFO - main:33 - 🚀 Iniciando aplicación en 0.0.0.0:5000
2025-09-01 12:14:01,448 - app - INFO - main:34 - 🔧 Modo: development
2025-09-01 12:14:01,448 - app - INFO - main:35 - 🐛 Debug: activado
2025-09-01 12:14:10,921 - app - INFO - main:51 - 🛑 Cerrando aplicación...
2025-09-01 12:14:18,992 - app - INFO - configure_logging:52 - Sistema de logging configurado correctamente
2025-09-01 12:14:19,302 - app - INFO - register_blueprints:117 - Blueprints registrados correctamente
2025-09-01 12:14:19,303 - app - INFO - create_app:101 - Aplicación iniciada en modo: development
2025-09-01 12:14:19,303 - app - INFO - main:33 - 🚀 Iniciando aplicación en 0.0.0.0:5000
2025-09-01 12:14:19,304 - app - INFO - main:34 - 🔧 Modo: development
2025-09-01 12:14:19,305 - app - INFO - main:35 - 🐛 Debug: activado
2025-09-01 12:14:22,900 - app - INFO - main:51 - 🛑 Cerrando aplicación...
2025-09-01 12:14:29,085 - app - INFO - main:51 - 🛑 Cerrando aplicación...
2025-09-01 12:14:44,974 - app - INFO - configure_logging:52 - Sistema de logging configurado correctamente
2025-09-01 12:14:45,185 - app - INFO - register_blueprints:92 - Blueprints registrados correctamente
2025-09-01 12:14:45,186 - app - INFO - create_app:76 - Aplicación iniciada en modo: development
2025-09-01 12:14:45,186 - app - INFO - main:33 - 🚀 Iniciando aplicación en 0.0.0.0:5000
2025-09-01 12:14:45,186 - app - INFO - main:34 - 🔧 Modo: development
2025-09-01 12:14:45,187 - app - INFO - main:35 - 🐛 Debug: activado
2025-09-01 12:14:52,900 - app - INFO - configure_logging:52 - Sistema de logging configurado correctamente
2025-09-01 12:14:53,213 - app - INFO - register_blueprints:92 - Blueprints registrados correctamente
2025-09-01 12:14:53,216 - app - INFO - create_app:76 - Aplicación iniciada en modo: development
2025-09-01 12:14:53,217 - app - INFO - main:33 - 🚀 Iniciando aplicación en 0.0.0.0:5000
2025-09-01 12:14:53,219 - app - INFO - main:34 - 🔧 Modo: development
2025-09-01 12:14:53,221 - app - INFO - main:35 - 🐛 Debug: activado
2025-09-01 12:15:04,108 - app - INFO - _ensure_indexes:44 - Índices de usuarios verificados/creados
2025-09-01 12:15:04,110 - app - INFO - __init__:28 - AuthService inicializado
2025-09-01 12:15:04,933 - app - INFO - authenticate_user:121 - Usuario admin autenticado exitosamente
2025-09-01 12:15:04,937 - app - INFO - login:75 - Login exitoso para usuario: admin
2025-09-01 12:15:05,148 - app - WARNING - not_found:24 - Resource not found: 404 Not Found: The requested URL was not found on the server. If you entered the URL manually please check your spelling and try again.
2025-09-01 12:15:05,456 - app - WARNING - not_found:24 - Resource not found: 404 Not Found: The requested URL was not found on the server. If you entered the URL manually please check your spelling and try again.
2025-09-01 12:15:05,459 - app - WARNING - not_found:24 - Resource not found: 404 Not Found: The requested URL was not found on the server. If you entered the URL manually please check your spelling and try again.
2025-09-01 12:15:05,465 - app - WARNING - not_found:24 - Resource not found: 404 Not Found: The requested URL was not found on the server. If you entered the URL manually please check your spelling and try again.
2025-09-01 12:15:05,479 - app - WARNING - not_found:24 - Resource not found: 404 Not Found: The requested URL was not found on the server. If you entered the URL manually please check your spelling and try again.
2025-09-01 12:15:15,046 - app - WARNING - not_found:24 - Resource not found: 404 Not Found: The requested URL was not found on the server. If you entered the URL manually please check your spelling and try again.
2025-09-01 12:15:15,058 - app - WARNING - not_found:24 - Resource not found: 404 Not Found: The requested URL was not found on the server. If you entered the URL manually please check your spelling and try again.
2025-09-01 12:15:15,070 - app - WARNING - not_found:24 - Resource not found: 404 Not Found: The requested URL was not found on the server. If you entered the URL manually please check your spelling and try again.
2025-09-01 12:15:15,083 - app - WARNING - not_found:24 - Resource not found: 404 Not Found: The requested URL was not found on the server. If you entered the URL manually please check your spelling and try again.
2025-09-01 12:15:15,106 - app - WARNING - not_found:24 - Resource not found: 404 Not Found: The requested URL was not found on the server. If you entered the URL manually please check your spelling and try again.
2025-09-01 12:15:19,116 - app - WARNING - not_found:24 - Resource not found: 404 Not Found: The requested URL was not found on the server. If you entered the URL manually please check your spelling and try again.
2025-09-01 12:15:19,440 - app - WARNING - not_found:24 - Resource not found: 404 Not Found: The requested URL was not found on the server. If you entered the URL manually please check your spelling and try again.
2025-09-01 12:15:19,444 - app - WARNING - not_found:24 - Resource not found: 404 Not Found: The requested URL was not found on the server. If you entered the URL manually please check your spelling and try again.
2025-09-01 12:15:19,450 - app - WARNING - not_found:24 - Resource not found: 404 Not Found: The requested URL was not found on the server. If you entered the URL manually please check your spelling and try again.
2025-09-01 12:15:19,461 - app - WARNING - not_found:24 - Resource not found: 404 Not Found: The requested URL was not found on the server. If you entered the URL manually please check your spelling and try again.
2025-09-01 12:15:29,507 - app - INFO - mongo_client:31 - ✅ Conexión a MongoDB establecida
2025-09-01 12:15:29,524 - app - INFO - mongo_client:31 - ✅ Conexión a MongoDB establecida
2025-09-01 12:15:29,525 - app - INFO - mongo_client:31 - ✅ Conexión a MongoDB establecida
2025-09-01 12:15:29,970 - app - INFO - _ensure_indexes:46 - Índices de MongoDB verificados/creados
2025-09-01 12:15:29,973 - app - INFO - __init__:17 - PredictionService inicializado
2025-09-01 12:15:29,973 - app - INFO - __init__:31 - SensorService inicializado
2025-09-01 12:15:29,974 - app - INFO - __init__:22 - SensorController inicializado
2025-09-01 12:15:30,646 - app - INFO - _ensure_indexes:46 - Índices de MongoDB verificados/creados
2025-09-01 12:15:30,647 - app - INFO - __init__:17 - PredictionService inicializado
2025-09-01 12:15:30,650 - app - INFO - __init__:31 - SensorService inicializado
2025-09-01 12:15:30,651 - app - INFO - __init__:22 - SensorController inicializado
2025-09-01 12:15:30,818 - app - INFO - _ensure_indexes:46 - Índices de MongoDB verificados/creados
2025-09-01 12:15:30,822 - app - INFO - __init__:17 - PredictionService inicializado
2025-09-01 12:15:30,823 - app - INFO - __init__:31 - SensorService inicializado
2025-09-01 12:15:30,826 - app - INFO - __init__:22 - SensorController inicializado
2025-09-01 12:15:30,981 - app - INFO - find_latest:121 - No se encontraron documentos
2025-09-01 12:16:44,921 - app - INFO - configure_logging:52 - Sistema de logging configurado correctamente
2025-09-01 12:16:45,234 - app - INFO - register_blueprints:92 - Blueprints registrados correctamente
2025-09-01 12:16:45,234 - app - INFO - create_app:76 - Aplicación iniciada en modo: development
2025-09-01 12:16:45,235 - app - INFO - main:33 - 🚀 Iniciando aplicación en 0.0.0.0:5000
2025-09-01 12:16:45,235 - app - INFO - main:34 - 🔧 Modo: development
2025-09-01 12:16:45,236 - app - INFO - main:35 - 🐛 Debug: activado
2025-09-01 12:16:51,378 - app - INFO - configure_logging:52 - Sistema de logging configurado correctamente
2025-09-01 12:16:51,616 - app - INFO - register_blueprints:92 - Blueprints registrados correctamente
2025-09-01 12:16:51,616 - app - INFO - create_app:76 - Aplicación iniciada en modo: development
2025-09-01 12:16:51,617 - app - INFO - main:33 - 🚀 Iniciando aplicación en 0.0.0.0:5000
2025-09-01 12:16:51,618 - app - INFO - main:34 - 🔧 Modo: development
2025-09-01 12:16:51,618 - app - INFO - main:35 - 🐛 Debug: activado
2025-09-01 12:16:51,805 - app - WARNING - not_found:24 - Resource not found: 404 Not Found: The requested URL was not found on the server. If you entered the URL manually please check your spelling and try again.
2025-09-01 12:16:51,810 - app - WARNING - not_found:24 - Resource not found: 404 Not Found: The requested URL was not found on the server. If you entered the URL manually please check your spelling and try again.
2025-09-01 12:16:51,825 - app - WARNING - not_found:24 - Resource not found: 404 Not Found: The requested URL was not found on the server. If you entered the URL manually please check your spelling and try again.
2025-09-01 12:16:51,829 - app - WARNING - not_found:24 - Resource not found: 404 Not Found: The requested URL was not found on the server. If you entered the URL manually please check your spelling and try again.
2025-09-01 12:16:51,835 - app - WARNING - not_found:24 - Resource not found: 404 Not Found: The requested URL was not found on the server. If you entered the URL manually please check your spelling and try again.
2025-09-01 12:16:54,213 - app - INFO - mongo_client:31 - ✅ Conexión a MongoDB establecida
2025-09-01 12:16:54,309 - app - INFO - mongo_client:31 - ✅ Conexión a MongoDB establecida
2025-09-01 12:16:54,333 - app - INFO - mongo_client:31 - ✅ Conexión a MongoDB establecida
2025-09-01 12:16:54,749 - app - INFO - _ensure_indexes:46 - Índices de MongoDB verificados/creados
2025-09-01 12:16:54,755 - app - INFO - __init__:17 - PredictionService inicializado
2025-09-01 12:16:54,756 - app - INFO - __init__:31 - SensorService inicializado
2025-09-01 12:16:54,756 - app - INFO - __init__:22 - SensorController inicializado
2025-09-01 12:16:55,427 - app - INFO - _ensure_indexes:46 - Índices de MongoDB verificados/creados
2025-09-01 12:16:55,429 - app - INFO - __init__:17 - PredictionService inicializado
2025-09-01 12:16:55,430 - app - INFO - __init__:31 - SensorService inicializado
2025-09-01 12:16:55,432 - app - INFO - __init__:22 - SensorController inicializado
2025-09-01 12:16:55,632 - app - INFO - _ensure_indexes:46 - Índices de MongoDB verificados/creados
2025-09-01 12:16:55,634 - app - INFO - __init__:17 - PredictionService inicializado
2025-09-01 12:16:55,635 - app - INFO - __init__:31 - SensorService inicializado
2025-09-01 12:16:55,636 - app - INFO - __init__:22 - SensorController inicializado
2025-09-01 12:16:55,789 - app - INFO - find_latest:121 - No se encontraron documentos
2025-09-01 16:02:27,800 - app - WARNING - not_found:24 - Resource not found: 404 Not Found: The requested URL was not found on the server. If you entered the URL manually please check your spelling and try again.
2025-09-01 16:02:27,812 - app - WARNING - not_found:24 - Resource not found: 404 Not Found: The requested URL was not found on the server. If you entered the URL manually please check your spelling and try again.
2025-09-01 16:02:27,824 - app - WARNING - not_found:24 - Resource not found: 404 Not Found: The requested URL was not found on the server. If you entered the URL manually please check your spelling and try again.
2025-09-01 16:02:27,838 - app - WARNING - not_found:24 - Resource not found: 404 Not Found: The requested URL was not found on the server. If you entered the URL manually please check your spelling and try again.
2025-09-01 16:02:27,866 - app - WARNING - not_found:24 - Resource not found: 404 Not Found: The requested URL was not found on the server. If you entered the URL manually please check your spelling and try again.
2025-09-01 16:03:41,843 - app - INFO - _ensure_indexes:44 - Índices de usuarios verificados/creados
2025-09-01 16:03:41,848 - app - INFO - __init__:28 - AuthService inicializado
2025-09-01 16:03:42,689 - app - INFO - authenticate_user:121 - Usuario user autenticado exitosamente
2025-09-01 16:03:42,690 - app - INFO - login:75 - Login exitoso para usuario: user
2025-09-01 16:03:43,832 - app - INFO - find_latest:121 - No se encontraron documentos
2025-09-01 16:03:53,401 - app - INFO - find_latest:121 - No se encontraron documentos
2025-09-01 16:04:03,123 - app - INFO - find_latest:121 - No se encontraron documentos
2025-09-01 16:04:13,483 - app - INFO - find_latest:121 - No se encontraron documentos
2025-09-01 16:04:15,106 - app - INFO - find_latest:121 - No se encontraron documentos
2025-09-01 16:04:30,576 - app - INFO - find_latest:121 - No se encontraron documentos
2025-09-01 16:04:39,998 - app - INFO - find_latest:121 - No se encontraron documentos
2025-09-01 16:04:51,165 - app - INFO - find_latest:121 - No se encontraron documentos
2025-09-01 22:30:48,071 - app - INFO - configure_logging:52 - Sistema de logging configurado correctamente
2025-09-01 22:30:48,383 - app - INFO - register_blueprints:92 - Blueprints registrados correctamente
2025-09-01 22:30:48,384 - app - INFO - create_app:76 - Aplicación iniciada en modo: development
2025-09-01 22:30:48,385 - app - INFO - main:33 - 🚀 Iniciando aplicación en 0.0.0.0:5000
2025-09-01 22:30:48,385 - app - INFO - main:34 - 🔧 Modo: development
2025-09-01 22:30:48,386 - app - INFO - main:35 - 🐛 Debug: activado
2025-09-01 22:30:56,881 - app - INFO - configure_logging:52 - Sistema de logging configurado correctamente
2025-09-01 22:30:57,157 - app - INFO - register_blueprints:92 - Blueprints registrados correctamente
2025-09-01 22:30:57,158 - app - INFO - create_app:76 - Aplicación iniciada en modo: development
2025-09-01 22:30:57,159 - app - INFO - main:33 - 🚀 Iniciando aplicación en 0.0.0.0:5000
2025-09-01 22:30:57,160 - app - INFO - main:34 - 🔧 Modo: development
2025-09-01 22:30:57,160 - app - INFO - main:35 - 🐛 Debug: activado
2025-09-01 22:31:00,135 - app - INFO - mongo_client:31 - ✅ Conexión a MongoDB establecida
2025-09-01 22:31:00,136 - app - INFO - mongo_client:31 - ✅ Conexión a MongoDB establecida
2025-09-01 22:31:00,136 - app - INFO - mongo_client:31 - ✅ Conexión a MongoDB establecida
2025-09-01 22:31:00,568 - app - INFO - _ensure_indexes:46 - Índices de MongoDB verificados/creados
2025-09-01 22:31:00,576 - app - INFO - __init__:17 - PredictionService inicializado
2025-09-01 22:31:00,589 - app - INFO - __init__:31 - SensorService inicializado
2025-09-01 22:31:00,590 - app - INFO - __init__:22 - SensorController inicializado
2025-09-01 22:31:00,720 - app - INFO - find_latest:121 - No se encontraron documentos
2025-09-01 22:31:01,200 - app - INFO - _ensure_indexes:46 - Índices de MongoDB verificados/creados
2025-09-01 22:31:01,201 - app - INFO - __init__:17 - PredictionService inicializado
2025-09-01 22:31:01,203 - app - INFO - __init__:31 - SensorService inicializado
2025-09-01 22:31:01,204 - app - INFO - __init__:22 - SensorController inicializado
2025-09-01 22:31:01,226 - app - INFO - _ensure_indexes:46 - Índices de MongoDB verificados/creados
2025-09-01 22:31:01,227 - app - INFO - __init__:17 - PredictionService inicializado
2025-09-01 22:31:01,229 - app - INFO - __init__:31 - SensorService inicializado
2025-09-01 22:31:01,229 - app - INFO - __init__:22 - SensorController inicializado
2025-09-01 22:31:04,673 - app - INFO - find_latest:121 - No se encontraron documentos
2025-09-01 22:31:18,505 - app - INFO - find_latest:121 - No se encontraron documentos
2025-09-01 22:31:28,206 - app - INFO - find_latest:121 - No se encontraron documentos
2025-09-01 22:31:38,591 - app - INFO - find_latest:121 - No se encontraron documentos
2025-09-01 22:31:48,500 - app - INFO - find_latest:121 - No se encontraron documentos
2025-09-01 22:31:58,248 - app - INFO - find_latest:121 - No se encontraron documentos
2025-09-01 22:32:08,591 - app - INFO - find_latest:121 - No se encontraron documentos
2025-09-01 22:32:18,217 - app - INFO - find_latest:121 - No se encontraron documentos
2025-09-01 22:32:28,540 - app - INFO - find_latest:121 - No se encontraron documentos
2025-09-01 22:32:38,099 - app - INFO - find_latest:121 - No se encontraron documentos
2025-09-01 22:32:43,502 - app - INFO - find_latest:121 - No se encontraron documentos
2025-09-01 22:32:45,543 - app - INFO - find_latest:121 - No se encontraron documentos
2025-09-01 22:32:54,881 - app - INFO - find_latest:121 - No se encontraron documentos
2025-09-01 22:33:05,319 - app - INFO - find_latest:121 - No se encontraron documentos
2025-09-01 22:33:14,949 - app - INFO - find_latest:121 - No se encontraron documentos
2025-09-01 22:33:24,574 - app - INFO - find_latest:121 - No se encontraron documentos
2025-09-01 22:33:34,852 - app - INFO - find_latest:121 - No se encontraron documentos
2025-09-01 22:33:44,644 - app - INFO - find_latest:121 - No se encontraron documentos
2025-09-01 22:33:54,886 - app - INFO - find_latest:121 - No se encontraron documentos
2025-09-01 22:34:14,119 - app - INFO - find_latest:121 - No se encontraron documentos
2025-09-01 22:34:24,888 - app - INFO - find_latest:121 - No se encontraron documentos
2025-09-01 22:34:34,618 - app - INFO - find_latest:121 - No se encontraron documentos
2025-09-01 22:34:44,818 - app - INFO - find_latest:121 - No se encontraron documentos
2025-09-01 22:34:54,543 - app - INFO - find_latest:121 - No se encontraron documentos
2025-09-01 22:35:04,912 - app - INFO - find_latest:121 - No se encontraron documentos
2025-09-01 22:35:14,656 - app - INFO - find_latest:121 - No se encontraron documentos
2025-09-01 22:35:24,897 - app - INFO - find_latest:121 - No se encontraron documentos
2025-09-01 22:35:34,625 - app - INFO - find_latest:121 - No se encontraron documentos
2025-09-01 22:35:44,873 - app - INFO - find_latest:121 - No se encontraron documentos
2025-09-01 22:36:51,853 - app - INFO - find_latest:121 - No se encontraron documentos
2025-09-01 22:37:51,538 - app - INFO - find_latest:121 - No se encontraron documentos
2025-09-01 22:37:54,919 - app - INFO - find_latest:121 - No se encontraron documentos
2025-09-01 22:38:04,850 - app - INFO - find_latest:121 - No se encontraron documentos
2025-09-01 22:38:14,523 - app - INFO - find_latest:121 - No se encontraron documentos
2025-09-01 22:38:24,922 - app - INFO - find_latest:121 - No se encontraron documentos
2025-09-01 22:38:34,546 - app - INFO - find_latest:121 - No se encontraron documentos
2025-09-01 22:38:44,815 - app - INFO - find_latest:121 - No se encontraron documentos
2025-09-01 22:38:54,617 - app - INFO - find_latest:121 - No se encontraron documentos
2025-09-01 22:39:04,818 - app - INFO - find_latest:121 - No se encontraron documentos
2025-09-01 22:39:14,586 - app - INFO - find_latest:121 - No se encontraron documentos
2025-09-01 22:39:24,928 - app - INFO - find_latest:121 - No se encontraron documentos
2025-09-01 22:39:34,554 - app - INFO - find_latest:121 - No se encontraron documentos
2025-09-01 22:39:44,830 - app - INFO - find_latest:121 - No se encontraron documentos
2025-09-01 22:39:54,521 - app - INFO - find_latest:121 - No se encontraron documentos
2025-09-01 22:39:59,676 - app - INFO - find_latest:121 - No se encontraron documentos
2025-09-01 22:40:03,751 - app - INFO - find_latest:121 - No se encontraron documentos
2025-09-01 22:40:14,036 - app - INFO - find_latest:121 - No se encontraron documentos
2025-09-01 22:40:19,397 - app - INFO - find_latest:121 - No se encontraron documentos
2025-09-01 22:40:30,175 - app - INFO - find_latest:121 - No se encontraron documentos
2025-09-01 22:40:38,382 - app - INFO - find_latest:121 - No se encontraron documentos
2025-09-01 22:40:42,447 - app - INFO - find_latest:121 - No se encontraron documentos
2025-09-01 22:40:51,337 - app - INFO - find_latest:121 - No se encontraron documentos
2025-09-01 22:40:53,917 - app - INFO - find_latest:121 - No se encontraron documentos
2025-09-01 22:41:03,558 - app - INFO - find_latest:121 - No se encontraron documentos
2025-09-01 22:41:13,991 - app - INFO - find_latest:121 - No se encontraron documentos
2025-09-01 22:41:20,969 - app - INFO - find_latest:121 - No se encontraron documentos
2025-09-01 22:41:31,114 - app - INFO - find_latest:121 - No se encontraron documentos
2025-09-01 22:41:40,812 - app - INFO - find_latest:121 - No se encontraron documentos
2025-09-01 22:41:52,504 - app - INFO - find_latest:121 - No se encontraron documentos
2025-09-01 22:42:01,901 - app - INFO - find_latest:121 - No se encontraron documentos
2025-09-01 22:42:10,803 - app - INFO - find_latest:121 - No se encontraron documentos
2025-09-01 22:42:16,019 - app - WARNING - not_found:24 - Resource not found: 404 Not Found: The requested URL was not found on the server. If you entered the URL manually please check your spelling and try again.
2025-09-01 22:42:16,020 - app - WARNING - not_found:24 - Resource not found: 404 Not Found: The requested URL was not found on the server. If you entered the URL manually please check your spelling and try again.
2025-09-01 22:42:16,021 - app - WARNING - not_found:24 - Resource not found: 404 Not Found: The requested URL was not found on the server. If you entered the URL manually please check your spelling and try again.
2025-09-01 22:42:16,025 - app - WARNING - not_found:24 - Resource not found: 404 Not Found: The requested URL was not found on the server. If you entered the URL manually please check your spelling and try again.
2025-09-01 22:42:16,037 - app - WARNING - not_found:24 - Resource not found: 404 Not Found: The requested URL was not found on the server. If you entered the URL manually please check your spelling and try again.
2025-09-01 22:42:38,269 - app - WARNING - not_found:24 - Resource not found: 404 Not Found: The requested URL was not found on the server. If you entered the URL manually please check your spelling and try again.
2025-09-01 22:42:58,837 - app - INFO - find_latest:121 - No se encontraron documentos
2025-09-01 22:46:07,649 - app - WARNING - not_found:24 - Resource not found: 404 Not Found: The requested URL was not found on the server. If you entered the URL manually please check your spelling and try again.
2025-09-01 22:46:07,654 - app - WARNING - not_found:24 - Resource not found: 404 Not Found: The requested URL was not found on the server. If you entered the URL manually please check your spelling and try again.
2025-09-01 22:46:07,659 - app - WARNING - not_found:24 - Resource not found: 404 Not Found: The requested URL was not found on the server. If you entered the URL manually please check your spelling and try again.
2025-09-01 22:46:07,670 - app - WARNING - not_found:24 - Resource not found: 404 Not Found: The requested URL was not found on the server. If you entered the URL manually please check your spelling and try again.
2025-09-01 22:46:07,691 - app - WARNING - not_found:24 - Resource not found: 404 Not Found: The requested URL was not found on the server. If you entered the URL manually please check your spelling and try again.
2025-09-01 22:46:17,234 - app - WARNING - not_found:24 - Resource not found: 404 Not Found: The requested URL was not found on the server. If you entered the URL manually please check your spelling and try again.
2025-09-01 22:46:25,727 - app - INFO - find_latest:121 - No se encontraron documentos
2025-09-01 22:46:27,559 - app - WARNING - not_found:24 - Resource not found: 404 Not Found: The requested URL was not found on the server. If you entered the URL manually please check your spelling and try again.
2025-09-01 22:46:27,871 - app - WARNING - not_found:24 - Resource not found: 404 Not Found: The requested URL was not found on the server. If you entered the URL manually please check your spelling and try again.
2025-09-01 22:46:27,873 - app - WARNING - not_found:24 - Resource not found: 404 Not Found: The requested URL was not found on the server. If you entered the URL manually please check your spelling and try again.
2025-09-01 22:46:27,874 - app - WARNING - not_found:24 - Resource not found: 404 Not Found: The requested URL was not found on the server. If you entered the URL manually please check your spelling and try again.
2025-09-01 22:46:27,877 - app - WARNING - not_found:24 - Resource not found: 404 Not Found: The requested URL was not found on the server. If you entered the URL manually please check your spelling and try again.
2025-09-01 22:46:28,731 - app - WARNING - not_found:24 - Resource not found: 404 Not Found: The requested URL was not found on the server. If you entered the URL manually please check your spelling and try again.
2025-09-01 22:46:28,744 - app - WARNING - not_found:24 - Resource not found: 404 Not Found: The requested URL was not found on the server. If you entered the URL manually please check your spelling and try again.
2025-09-01 22:46:29,755 - app - INFO - find_latest:121 - No se encontraron documentos
2025-09-01 22:46:31,895 - app - WARNING - not_found:24 - Resource not found: 404 Not Found: The requested URL was not found on the server. If you entered the URL manually please check your spelling and try again.
2025-09-01 22:46:31,905 - app - WARNING - not_found:24 - Resource not found: 404 Not Found: The requested URL was not found on the server. If you entered the URL manually please check your spelling and try again.
2025-09-01 22:46:32,488 - app - WARNING - not_found:24 - Resource not found: 404 Not Found: The requested URL was not found on the server. If you entered the URL manually please check your spelling and try again.
2025-09-01 22:46:32,806 - app - WARNING - not_found:24 - Resource not found: 404 Not Found: The requested URL was not found on the server. If you entered the URL manually please check your spelling and try again.
2025-09-01 22:46:33,984 - app - INFO - find_latest:121 - No se encontraron documentos
2025-09-01 22:46:34,582 - app - WARNING - not_found:24 - Resource not found: 404 Not Found: The requested URL was not found on the server. If you entered the URL manually please check your spelling and try again.
2025-09-01 22:46:34,903 - app - WARNING - not_found:24 - Resource not found: 404 Not Found: The requested URL was not found on the server. If you entered the URL manually please check your spelling and try again.
2025-09-01 22:46:35,714 - app - WARNING - not_found:24 - Resource not found: 404 Not Found: The requested URL was not found on the server. If you entered the URL manually please check your spelling and try again.
2025-09-01 22:46:36,034 - app - WARNING - not_found:24 - Resource not found: 404 Not Found: The requested URL was not found on the server. If you entered the URL manually please check your spelling and try again.
2025-09-01 22:46:36,035 - app - WARNING - not_found:24 - Resource not found: 404 Not Found: The requested URL was not found on the server. If you entered the URL manually please check your spelling and try again.
2025-09-01 22:46:36,037 - app - WARNING - not_found:24 - Resource not found: 404 Not Found: The requested URL was not found on the server. If you entered the URL manually please check your spelling and try again.
2025-09-01 22:46:36,042 - app - WARNING - not_found:24 - Resource not found: 404 Not Found: The requested URL was not found on the server. If you entered the URL manually please check your spelling and try again.
2025-09-01 22:46:38,092 - app - WARNING - not_found:24 - Resource not found: 404 Not Found: The requested URL was not found on the server. If you entered the URL manually please check your spelling and try again.
2025-09-01 22:46:38,095 - app - WARNING - not_found:24 - Resource not found: 404 Not Found: The requested URL was not found on the server. If you entered the URL manually please check your spelling and try again.
2025-09-01 22:46:38,943 - app - INFO - find_latest:121 - No se encontraron documentos
2025-09-01 22:46:40,602 - app - WARNING - not_found:24 - Resource not found: 404 Not Found: The requested URL was not found on the server. If you entered the URL manually please check your spelling and try again.
2025-09-01 22:46:40,617 - app - WARNING - not_found:24 - Resource not found: 404 Not Found: The requested URL was not found on the server. If you entered the URL manually please check your spelling and try again.
2025-09-01 22:46:41,151 - app - WARNING - not_found:24 - Resource not found: 404 Not Found: The requested URL was not found on the server. If you entered the URL manually please check your spelling and try again.
2025-09-01 22:46:41,466 - app - WARNING - not_found:24 - Resource not found: 404 Not Found: The requested URL was not found on the server. If you entered the URL manually please check your spelling and try again.
2025-09-01 22:46:42,283 - app - WARNING - not_found:24 - Resource not found: 404 Not Found: The requested URL was not found on the server. If you entered the URL manually please check your spelling and try again.
2025-09-01 22:46:42,290 - app - WARNING - not_found:24 - Resource not found: 404 Not Found: The requested URL was not found on the server. If you entered the URL manually please check your spelling and try again.
2025-09-01 22:46:42,299 - app - WARNING - not_found:24 - Resource not found: 404 Not Found: The requested URL was not found on the server. If you entered the URL manually please check your spelling and try again.
2025-09-01 22:46:42,302 - app - WARNING - not_found:24 - Resource not found: 404 Not Found: The requested URL was not found on the server. If you entered the URL manually please check your spelling and try again.
2025-09-01 22:46:42,310 - app - WARNING - not_found:24 - Resource not found: 404 Not Found: The requested URL was not found on the server. If you entered the URL manually please check your spelling and try again.
2025-09-01 22:46:42,633 - app - WARNING - not_found:24 - Resource not found: 404 Not Found: The requested URL was not found on the server. If you entered the URL manually please check your spelling and try again.
2025-09-01 22:46:42,951 - app - WARNING - not_found:24 - Resource not found: 404 Not Found: The requested URL was not found on the server. If you entered the URL manually please check your spelling and try again.
2025-09-01 22:46:43,721 - app - INFO - find_latest:121 - No se encontraron documentos
2025-09-01 22:46:44,438 - app - WARNING - not_found:24 - Resource not found: 404 Not Found: The requested URL was not found on the server. If you entered the URL manually please check your spelling and try again.
2025-09-01 22:46:44,748 - app - WARNING - not_found:24 - Resource not found: 404 Not Found: The requested URL was not found on the server. If you entered the URL manually please check your spelling and try again.
2025-09-01 22:46:45,508 - app - WARNING - not_found:24 - Resource not found: 404 Not Found: The requested URL was not found on the server. If you entered the URL manually please check your spelling and try again.
2025-09-01 22:46:45,510 - app - WARNING - not_found:24 - Resource not found: 404 Not Found: The requested URL was not found on the server. If you entered the URL manually please check your spelling and try again.
2025-09-01 22:46:45,522 - app - WARNING - not_found:24 - Resource not found: 404 Not Found: The requested URL was not found on the server. If you entered the URL manually please check your spelling and try again.
2025-09-01 22:46:45,526 - app - WARNING - not_found:24 - Resource not found: 404 Not Found: The requested URL was not found on the server. If you entered the URL manually please check your spelling and try again.
2025-09-01 22:46:45,538 - app - WARNING - not_found:24 - Resource not found: 404 Not Found: The requested URL was not found on the server. If you entered the URL manually please check your spelling and try again.
2025-09-01 22:46:46,649 - app - INFO - find_latest:121 - No se encontraron documentos
2025-09-01 22:46:47,940 - app - WARNING - not_found:24 - Resource not found: 404 Not Found: The requested URL was not found on the server. If you entered the URL manually please check your spelling and try again.
2025-09-01 22:46:47,989 - app - WARNING - not_found:24 - Resource not found: 404 Not Found: The requested URL was not found on the server. If you entered the URL manually please check your spelling and try again.
2025-09-01 22:46:48,013 - app - WARNING - not_found:24 - Resource not found: 404 Not Found: The requested URL was not found on the server. If you entered the URL manually please check your spelling and try again.
2025-09-01 22:46:48,038 - app - WARNING - not_found:24 - Resource not found: 404 Not Found: The requested URL was not found on the server. If you entered the URL manually please check your spelling and try again.
2025-09-01 22:46:48,045 - app - WARNING - not_found:24 - Resource not found: 404 Not Found: The requested URL was not found on the server. If you entered the URL manually please check your spelling and try again.
2025-09-01 22:46:48,294 - app - WARNING - not_found:24 - Resource not found: 404 Not Found: The requested URL was not found on the server. If you entered the URL manually please check your spelling and try again.
2025-09-01 22:46:48,601 - app - WARNING - not_found:24 - Resource not found: 404 Not Found: The requested URL was not found on the server. If you entered the URL manually please check your spelling and try again.
2025-09-01 22:46:55,174 - app - WARNING - not_found:24 - Resource not found: 404 Not Found: The requested URL was not found on the server. If you entered the URL manually please check your spelling and try again.
2025-09-01 22:46:55,180 - app - WARNING - not_found:24 - Resource not found: 404 Not Found: The requested URL was not found on the server. If you entered the URL manually please check your spelling and try again.
2025-09-01 22:46:55,186 - app - WARNING - not_found:24 - Resource not found: 404 Not Found: The requested URL was not found on the server. If you entered the URL manually please check your spelling and try again.
2025-09-01 22:46:55,192 - app - WARNING - not_found:24 - Resource not found: 404 Not Found: The requested URL was not found on the server. If you entered the URL manually please check your spelling and try again.
2025-09-01 22:46:55,200 - app - WARNING - not_found:24 - Resource not found: 404 Not Found: The requested URL was not found on the server. If you entered the URL manually please check your spelling and try again.
2025-09-01 22:47:04,836 - app - WARNING - not_found:24 - Resource not found: 404 Not Found: The requested URL was not found on the server. If you entered the URL manually please check your spelling and try again.
2025-09-01 22:47:15,152 - app - WARNING - not_found:24 - Resource not found: 404 Not Found: The requested URL was not found on the server. If you entered the URL manually please check your spelling and try again.
2025-09-01 22:47:24,831 - app - WARNING - not_found:24 - Resource not found: 404 Not Found: The requested URL was not found on the server. If you entered the URL manually please check your spelling and try again.
2025-09-01 22:47:25,152 - app - WARNING - not_found:24 - Resource not found: 404 Not Found: The requested URL was not found on the server. If you entered the URL manually please check your spelling and try again.
2025-09-01 22:47:35,142 - app - WARNING - not_found:24 - Resource not found: 404 Not Found: The requested URL was not found on the server. If you entered the URL manually please check your spelling and try again.
2025-09-01 22:47:44,837 - app - WARNING - not_found:24 - Resource not found: 404 Not Found: The requested URL was not found on the server. If you entered the URL manually please check your spelling and try again.
2025-09-01 22:47:55,146 - app - WARNING - not_found:24 - Resource not found: 404 Not Found: The requested URL was not found on the server. If you entered the URL manually please check your spelling and try again.
2025-09-01 22:47:55,163 - app - WARNING - not_found:24 - Resource not found: 404 Not Found: The requested URL was not found on the server. If you entered the URL manually please check your spelling and try again.
2025-09-01 22:48:05,547 - app - WARNING - not_found:24 - Resource not found: 404 Not Found: The requested URL was not found on the server. If you entered the URL manually please check your spelling and try again.
2025-09-01 22:48:15,698 - app - WARNING - not_found:24 - Resource not found: 404 Not Found: The requested URL was not found on the server. If you entered the URL manually please check your spelling and try again.
2025-09-01 22:48:25,402 - app - WARNING - not_found:24 - Resource not found: 404 Not Found: The requested URL was not found on the server. If you entered the URL manually please check your spelling and try again.
2025-09-01 22:48:25,723 - app - WARNING - not_found:24 - Resource not found: 404 Not Found: The requested URL was not found on the server. If you entered the URL manually please check your spelling and try again.
2025-09-01 22:48:35,705 - app - WARNING - not_found:24 - Resource not found: 404 Not Found: The requested URL was not found on the server. If you entered the URL manually please check your spelling and try again.
2025-09-01 22:48:45,403 - app - WARNING - not_found:24 - Resource not found: 404 Not Found: The requested URL was not found on the server. If you entered the URL manually please check your spelling and try again.
2025-09-01 22:48:55,703 - app - WARNING - not_found:24 - Resource not found: 404 Not Found: The requested URL was not found on the server. If you entered the URL manually please check your spelling and try again.
2025-09-01 22:48:55,735 - app - WARNING - not_found:24 - Resource not found: 404 Not Found: The requested URL was not found on the server. If you entered the URL manually please check your spelling and try again.
2025-09-01 22:49:25,409 - app - WARNING - not_found:24 - Resource not found: 404 Not Found: The requested URL was not found on the server. If you entered the URL manually please check your spelling and try again.
2025-09-01 22:49:40,727 - app - WARNING - not_found:24 - Resource not found: 404 Not Found: The requested URL was not found on the server. If you entered the URL manually please check your spelling and try again.
2025-09-01 22:49:45,409 - app - WARNING - not_found:24 - Resource not found: 404 Not Found: The requested URL was not found on the server. If you entered the URL manually please check your spelling and try again.
2025-09-01 22:49:55,754 - app - WARNING - not_found:24 - Resource not found: 404 Not Found: The requested URL was not found on the server. If you entered the URL manually please check your spelling and try again.
2025-09-01 22:49:55,819 - app - WARNING - not_found:24 - Resource not found: 404 Not Found: The requested URL was not found on the server. If you entered the URL manually please check your spelling and try again.
2025-09-01 22:50:05,413 - app - WARNING - not_found:24 - Resource not found: 404 Not Found: The requested URL was not found on the server. If you entered the URL manually please check your spelling and try again.
2025-09-01 22:50:15,919 - app - WARNING - not_found:24 - Resource not found: 404 Not Found: The requested URL was not found on the server. If you entered the URL manually please check your spelling and try again.
2025-09-01 22:50:25,437 - app - WARNING - not_found:24 - Resource not found: 404 Not Found: The requested URL was not found on the server. If you entered the URL manually please check your spelling and try again.
2025-09-01 22:50:26,217 - app - WARNING - not_found:24 - Resource not found: 404 Not Found: The requested URL was not found on the server. If you entered the URL manually please check your spelling and try again.
2025-09-01 22:50:35,710 - app - WARNING - not_found:24 - Resource not found: 404 Not Found: The requested URL was not found on the server. If you entered the URL manually please check your spelling and try again.
2025-09-01 22:50:51,410 - app - WARNING - not_found:24 - Resource not found: 404 Not Found: The requested URL was not found on the server. If you entered the URL manually please check your spelling and try again.
2025-09-01 22:51:52,864 - app - WARNING - not_found:24 - Resource not found: 404 Not Found: The requested URL was not found on the server. If you entered the URL manually please check your spelling and try again.
2025-09-01 22:51:52,861 - app - WARNING - not_found:24 - Resource not found: 404 Not Found: The requested URL was not found on the server. If you entered the URL manually please check your spelling and try again.
2025-09-01 22:51:56,506 - app - WARNING - not_found:24 - Resource not found: 404 Not Found: The requested URL was not found on the server. If you entered the URL manually please check your spelling and try again.
2025-09-01 22:51:56,865 - app - WARNING - not_found:24 - Resource not found: 404 Not Found: The requested URL was not found on the server. If you entered the URL manually please check your spelling and try again.
2025-09-01 22:52:05,504 - app - WARNING - not_found:24 - Resource not found: 404 Not Found: The requested URL was not found on the server. If you entered the URL manually please check your spelling and try again.
2025-09-01 22:55:07,999 - app - WARNING - not_found:24 - Resource not found: 404 Not Found: The requested URL was not found on the server. If you entered the URL manually please check your spelling and try again.
2025-09-04 17:15:17,801 - app - INFO - configure_logging:52 - Sistema de logging configurado correctamente
2025-09-04 17:15:18,596 - app - INFO - register_blueprints:92 - Blueprints registrados correctamente
2025-09-04 17:15:18,597 - app - INFO - create_app:76 - Aplicación iniciada en modo: development
2025-09-04 17:15:18,599 - app - INFO - main:33 - 🚀 Iniciando aplicación en 0.0.0.0:5000
2025-09-04 17:15:18,599 - app - INFO - main:34 - 🔧 Modo: development
2025-09-04 17:15:18,600 - app - INFO - main:35 - 🐛 Debug: activado
2025-09-04 17:15:26,863 - app - INFO - configure_logging:52 - Sistema de logging configurado correctamente
2025-09-04 17:15:27,257 - app - INFO - register_blueprints:92 - Blueprints registrados correctamente
2025-09-04 17:15:27,288 - app - INFO - create_app:76 - Aplicación iniciada en modo: development
2025-09-04 17:15:27,331 - app - INFO - main:33 - 🚀 Iniciando aplicación en 0.0.0.0:5000
2025-09-04 17:15:27,340 - app - INFO - main:34 - 🔧 Modo: development
2025-09-04 17:15:27,386 - app - INFO - main:35 - 🐛 Debug: activado
2025-09-04 17:23:07,565 - app - INFO - mongo_client:31 - ✅ Conexión a MongoDB establecida
2025-09-04 17:23:07,991 - app - INFO - _ensure_indexes:46 - Índices de MongoDB verificados/creados
2025-09-04 17:23:08,011 - app - INFO - __init__:17 - PredictionService inicializado
2025-09-04 17:23:08,012 - app - INFO - __init__:31 - SensorService inicializado
2025-09-04 17:23:08,013 - app - INFO - __init__:22 - SensorController inicializado
2025-09-04 17:32:09,448 - app - WARNING - proceso_lecturas:101 - Error procesando lectura individual: 1 validation error for SensorReading
nivel_agua
  Value error, Formato de datos inválido. Debe ser 'nivel_agua: [número]cm' [type=value_error, input_value='Distancia: 125.26 cm', input_type=str]
    For further information visit https://errors.pydantic.dev/2.11/v/value_error
2025-09-04 17:32:09,462 - app - INFO - proceso_lecturas:104 - Procesadas 0 de 1 lecturas
2025-09-04 17:32:12,526 - app - WARNING - proceso_lecturas:101 - Error procesando lectura individual: 1 validation error for SensorReading
nivel_agua
  Value error, Formato de datos inválido. Debe ser 'nivel_agua: [número]cm' [type=value_error, input_value='Distancia: 123.37 cm', input_type=str]
    For further information visit https://errors.pydantic.dev/2.11/v/value_error
2025-09-04 17:32:12,527 - app - INFO - proceso_lecturas:104 - Procesadas 0 de 1 lecturas
2025-09-04 17:32:15,596 - app - WARNING - proceso_lecturas:101 - Error procesando lectura individual: 1 validation error for SensorReading
nivel_agua
  Value error, Formato de datos inválido. Debe ser 'nivel_agua: [número]cm' [type=value_error, input_value='Distancia: 122.13 cm', input_type=str]
    For further information visit https://errors.pydantic.dev/2.11/v/value_error
2025-09-04 17:32:15,597 - app - INFO - proceso_lecturas:104 - Procesadas 0 de 1 lecturas
2025-09-04 17:32:18,653 - app - WARNING - proceso_lecturas:101 - Error procesando lectura individual: 1 validation error for SensorReading
nivel_agua
  Value error, Formato de datos inválido. Debe ser 'nivel_agua: [número]cm' [type=value_error, input_value='Distancia: 122.57 cm', input_type=str]
    For further information visit https://errors.pydantic.dev/2.11/v/value_error
2025-09-04 17:32:18,654 - app - INFO - proceso_lecturas:104 - Procesadas 0 de 1 lecturas
2025-09-04 17:32:21,731 - app - WARNING - proceso_lecturas:101 - Error procesando lectura individual: 1 validation error for SensorReading
nivel_agua
  Value error, Formato de datos inválido. Debe ser 'nivel_agua: [número]cm' [type=value_error, input_value='Distancia: 123.06 cm', input_type=str]
    For further information visit https://errors.pydantic.dev/2.11/v/value_error
2025-09-04 17:32:21,734 - app - INFO - proceso_lecturas:104 - Procesadas 0 de 1 lecturas
2025-09-04 17:32:24,807 - app - WARNING - proceso_lecturas:101 - Error procesando lectura individual: 1 validation error for SensorReading
nivel_agua
  Value error, Formato de datos inválido. Debe ser 'nivel_agua: [número]cm' [type=value_error, input_value='Distancia: 122.49 cm', input_type=str]
    For further information visit https://errors.pydantic.dev/2.11/v/value_error
2025-09-04 17:32:24,808 - app - INFO - proceso_lecturas:104 - Procesadas 0 de 1 lecturas
2025-09-04 17:32:27,866 - app - WARNING - proceso_lecturas:101 - Error procesando lectura individual: 1 validation error for SensorReading
nivel_agua
  Value error, Formato de datos inválido. Debe ser 'nivel_agua: [número]cm' [type=value_error, input_value='Distancia: 122.62 cm', input_type=str]
    For further information visit https://errors.pydantic.dev/2.11/v/value_error
2025-09-04 17:32:27,868 - app - INFO - proceso_lecturas:104 - Procesadas 0 de 1 lecturas
2025-09-04 17:32:30,940 - app - WARNING - proceso_lecturas:101 - Error procesando lectura individual: 1 validation error for SensorReading
nivel_agua
  Value error, Formato de datos inválido. Debe ser 'nivel_agua: [número]cm' [type=value_error, input_value='Distancia: 122.59 cm', input_type=str]
    For further information visit https://errors.pydantic.dev/2.11/v/value_error
2025-09-04 17:32:30,941 - app - INFO - proceso_lecturas:104 - Procesadas 0 de 1 lecturas
2025-09-04 17:32:34,001 - app - WARNING - proceso_lecturas:101 - Error procesando lectura individual: 1 validation error for SensorReading
nivel_agua
  Value error, Formato de datos inválido. Debe ser 'nivel_agua: [número]cm' [type=value_error, input_value='Distancia: 122.69 cm', input_type=str]
    For further information visit https://errors.pydantic.dev/2.11/v/value_error
2025-09-04 17:32:34,003 - app - INFO - proceso_lecturas:104 - Procesadas 0 de 1 lecturas
2025-09-04 17:32:37,055 - app - WARNING - proceso_lecturas:101 - Error procesando lectura individual: 1 validation error for SensorReading
nivel_agua
  Value error, Formato de datos inválido. Debe ser 'nivel_agua: [número]cm' [type=value_error, input_value='Distancia: 122.94 cm', input_type=str]
    For further information visit https://errors.pydantic.dev/2.11/v/value_error
2025-09-04 17:32:37,056 - app - INFO - proceso_lecturas:104 - Procesadas 0 de 1 lecturas
2025-09-04 17:32:40,116 - app - WARNING - proceso_lecturas:101 - Error procesando lectura individual: 1 validation error for SensorReading
nivel_agua
  Value error, Formato de datos inválido. Debe ser 'nivel_agua: [número]cm' [type=value_error, input_value='Distancia: 122.91 cm', input_type=str]
    For further information visit https://errors.pydantic.dev/2.11/v/value_error
2025-09-04 17:32:40,118 - app - INFO - proceso_lecturas:104 - Procesadas 0 de 1 lecturas
2025-09-04 17:32:43,175 - app - WARNING - proceso_lecturas:101 - Error procesando lectura individual: 1 validation error for SensorReading
nivel_agua
  Value error, Formato de datos inválido. Debe ser 'nivel_agua: [número]cm' [type=value_error, input_value='Distancia: 122.55 cm', input_type=str]
    For further information visit https://errors.pydantic.dev/2.11/v/value_error
2025-09-04 17:32:43,176 - app - INFO - proceso_lecturas:104 - Procesadas 0 de 1 lecturas
2025-09-04 17:32:46,234 - app - WARNING - proceso_lecturas:101 - Error procesando lectura individual: 1 validation error for SensorReading
nivel_agua
  Value error, Formato de datos inválido. Debe ser 'nivel_agua: [número]cm' [type=value_error, input_value='Distancia: 122.91 cm', input_type=str]
    For further information visit https://errors.pydantic.dev/2.11/v/value_error
2025-09-04 17:32:46,236 - app - INFO - proceso_lecturas:104 - Procesadas 0 de 1 lecturas
2025-09-04 17:32:49,279 - app - WARNING - proceso_lecturas:101 - Error procesando lectura individual: 1 validation error for SensorReading
nivel_agua
  Value error, Formato de datos inválido. Debe ser 'nivel_agua: [número]cm' [type=value_error, input_value='Distancia: 122.91 cm', input_type=str]
    For further information visit https://errors.pydantic.dev/2.11/v/value_error
2025-09-04 17:32:49,280 - app - INFO - proceso_lecturas:104 - Procesadas 0 de 1 lecturas
2025-09-04 17:32:52,361 - app - WARNING - proceso_lecturas:101 - Error procesando lectura individual: 1 validation error for SensorReading
nivel_agua
  Value error, Formato de datos inválido. Debe ser 'nivel_agua: [número]cm' [type=value_error, input_value='Distancia: 122.40 cm', input_type=str]
    For further information visit https://errors.pydantic.dev/2.11/v/value_error
2025-09-04 17:32:52,362 - app - INFO - proceso_lecturas:104 - Procesadas 0 de 1 lecturas
2025-09-04 17:32:55,431 - app - WARNING - proceso_lecturas:101 - Error procesando lectura individual: 1 validation error for SensorReading
nivel_agua
  Value error, Formato de datos inválido. Debe ser 'nivel_agua: [número]cm' [type=value_error, input_value='Distancia: 122.91 cm', input_type=str]
    For further information visit https://errors.pydantic.dev/2.11/v/value_error
2025-09-04 17:32:55,433 - app - INFO - proceso_lecturas:104 - Procesadas 0 de 1 lecturas
2025-09-04 17:32:58,478 - app - WARNING - proceso_lecturas:101 - Error procesando lectura individual: 1 validation error for SensorReading
nivel_agua
  Value error, Formato de datos inválido. Debe ser 'nivel_agua: [número]cm' [type=value_error, input_value='Distancia: 122.94 cm', input_type=str]
    For further information visit https://errors.pydantic.dev/2.11/v/value_error
2025-09-04 17:32:58,479 - app - INFO - proceso_lecturas:104 - Procesadas 0 de 1 lecturas
2025-09-04 17:33:15,309 - app - INFO - main:51 - 🛑 Cerrando aplicación...
2025-09-04 17:33:18,321 - app - INFO - main:51 - 🛑 Cerrando aplicación...
2025-09-04 17:33:27,258 - app - INFO - configure_logging:52 - Sistema de logging configurado correctamente
2025-09-04 17:33:27,496 - app - INFO - register_blueprints:92 - Blueprints registrados correctamente
2025-09-04 17:33:27,497 - app - INFO - create_app:76 - Aplicación iniciada en modo: development
2025-09-04 17:33:27,498 - app - INFO - main:33 - 🚀 Iniciando aplicación en 0.0.0.0:5000
2025-09-04 17:33:27,498 - app - INFO - main:34 - 🔧 Modo: development
2025-09-04 17:33:27,499 - app - INFO - main:35 - 🐛 Debug: activado
2025-09-04 17:33:32,937 - app - INFO - configure_logging:52 - Sistema de logging configurado correctamente
2025-09-04 17:33:33,149 - app - INFO - register_blueprints:92 - Blueprints registrados correctamente
2025-09-04 17:33:33,150 - app - INFO - create_app:76 - Aplicación iniciada en modo: development
2025-09-04 17:33:33,150 - app - INFO - main:33 - 🚀 Iniciando aplicación en 0.0.0.0:5000
2025-09-04 17:33:33,151 - app - INFO - main:34 - 🔧 Modo: development
2025-09-04 17:33:33,152 - app - INFO - main:35 - 🐛 Debug: activado
2025-09-04 17:33:35,078 - app - INFO - mongo_client:31 - ✅ Conexión a MongoDB establecida
2025-09-04 17:33:35,498 - app - INFO - _ensure_indexes:46 - Índices de MongoDB verificados/creados
2025-09-04 17:33:35,502 - app - INFO - __init__:17 - PredictionService inicializado
2025-09-04 17:33:35,503 - app - INFO - __init__:31 - SensorService inicializado
2025-09-04 17:33:35,505 - app - INFO - __init__:22 - SensorController inicializado
2025-09-04 17:33:39,793 - app - WARNING - proceso_lecturas:101 - Error procesando lectura individual: 1 validation error for SensorReading
nivel_agua
  Value error, Formato de datos inválido. Debe ser 'nivel_agua: [número]cm' [type=value_error, input_value='Distancia: 125.19 cm', input_type=str]
    For further information visit https://errors.pydantic.dev/2.11/v/value_error
2025-09-04 17:33:39,794 - app - INFO - proceso_lecturas:104 - Procesadas 0 de 1 lecturas
2025-09-04 17:34:26,066 - app - INFO - main:51 - 🛑 Cerrando aplicación...
2025-09-04 17:34:32,906 - app - INFO - configure_logging:52 - Sistema de logging configurado correctamente
2025-09-04 17:34:33,174 - app - INFO - register_blueprints:92 - Blueprints registrados correctamente
2025-09-04 17:34:33,174 - app - INFO - create_app:76 - Aplicación iniciada en modo: development
2025-09-04 17:34:33,175 - app - INFO - main:33 - 🚀 Iniciando aplicación en 0.0.0.0:5000
2025-09-04 17:34:33,176 - app - INFO - main:34 - 🔧 Modo: development
2025-09-04 17:34:33,177 - app - INFO - main:35 - 🐛 Debug: activado
2025-09-04 17:35:58,941 - app - INFO - main:51 - 🛑 Cerrando aplicación...
2025-09-04 17:36:05,720 - app - INFO - configure_logging:52 - Sistema de logging configurado correctamente
2025-09-04 17:36:05,996 - app - INFO - register_blueprints:92 - Blueprints registrados correctamente
2025-09-04 17:36:05,997 - app - INFO - create_app:76 - Aplicación iniciada en modo: development
2025-09-04 17:36:05,998 - app - INFO - main:33 - 🚀 Iniciando aplicación en 0.0.0.0:5000
2025-09-04 17:36:05,999 - app - INFO - main:34 - 🔧 Modo: development
2025-09-04 17:36:06,000 - app - INFO - main:35 - 🐛 Debug: activado
2025-09-04 17:36:18,074 - app - INFO - mongo_client:31 - ✅ Conexión a MongoDB establecida
2025-09-04 17:36:18,520 - app - INFO - _ensure_indexes:46 - Índices de MongoDB verificados/creados
2025-09-04 17:36:18,524 - app - INFO - __init__:17 - PredictionService inicializado
2025-09-04 17:36:18,525 - app - INFO - __init__:31 - SensorService inicializado
2025-09-04 17:36:18,526 - app - INFO - __init__:22 - SensorController inicializado
2025-09-04 17:36:22,943 - app - DEBUG - insert_one:62 - Documento insertado con ID: 68ba14661ecb140794914d20
2025-09-04 17:36:22,944 - app - INFO - proceso_leer_sensor:70 - Lectura procesada exitosamente: 125.22cm
2025-09-04 17:36:22,945 - app - INFO - proceso_lecturas:104 - Procesadas 1 de 1 lecturas
2025-09-04 17:36:26,135 - app - DEBUG - insert_one:62 - Documento insertado con ID: 68ba14691ecb140794914d21
2025-09-04 17:36:26,137 - app - INFO - proceso_leer_sensor:70 - Lectura procesada exitosamente: 122.54cm
2025-09-04 17:36:26,138 - app - INFO - proceso_lecturas:104 - Procesadas 1 de 1 lecturas
2025-09-04 17:36:29,344 - app - DEBUG - insert_one:62 - Documento insertado con ID: 68ba146d1ecb140794914d22
2025-09-04 17:36:29,346 - app - INFO - proceso_leer_sensor:70 - Lectura procesada exitosamente: 123.0cm
2025-09-04 17:36:29,347 - app - INFO - proceso_lecturas:104 - Procesadas 1 de 1 lecturas
2025-09-04 17:36:32,561 - app - DEBUG - insert_one:62 - Documento insertado con ID: 68ba14701ecb140794914d23
2025-09-04 17:36:32,563 - app - INFO - proceso_leer_sensor:70 - Lectura procesada exitosamente: 123.05cm
2025-09-04 17:36:32,564 - app - INFO - proceso_lecturas:104 - Procesadas 1 de 1 lecturas
2025-09-04 17:36:35,759 - app - DEBUG - insert_one:62 - Documento insertado con ID: 68ba14731ecb140794914d24
2025-09-04 17:36:35,761 - app - INFO - proceso_leer_sensor:70 - Lectura procesada exitosamente: 122.72cm
2025-09-04 17:36:35,762 - app - INFO - proceso_lecturas:104 - Procesadas 1 de 1 lecturas
2025-09-04 17:36:38,966 - app - DEBUG - insert_one:62 - Documento insertado con ID: 68ba14761ecb140794914d25
2025-09-04 17:36:38,968 - app - INFO - proceso_leer_sensor:70 - Lectura procesada exitosamente: 122.59cm
2025-09-04 17:36:38,969 - app - INFO - proceso_lecturas:104 - Procesadas 1 de 1 lecturas
2025-09-04 17:36:42,188 - app - DEBUG - insert_one:62 - Documento insertado con ID: 68ba147a1ecb140794914d26
2025-09-04 17:36:42,191 - app - INFO - proceso_leer_sensor:70 - Lectura procesada exitosamente: 123.01cm
2025-09-04 17:36:42,192 - app - INFO - proceso_lecturas:104 - Procesadas 1 de 1 lecturas
2025-09-04 17:36:45,435 - app - DEBUG - insert_one:62 - Documento insertado con ID: 68ba147d1ecb140794914d27
2025-09-04 17:36:45,438 - app - INFO - proceso_leer_sensor:70 - Lectura procesada exitosamente: 123.03cm
2025-09-04 17:36:45,440 - app - INFO - proceso_lecturas:104 - Procesadas 1 de 1 lecturas
2025-09-04 17:36:48,663 - app - DEBUG - insert_one:62 - Documento insertado con ID: 68ba14801ecb140794914d28
2025-09-04 17:36:48,664 - app - INFO - proceso_leer_sensor:70 - Lectura procesada exitosamente: 122.59cm
2025-09-04 17:36:48,666 - app - INFO - proceso_lecturas:104 - Procesadas 1 de 1 lecturas
2025-09-04 17:36:51,873 - app - DEBUG - insert_one:62 - Documento insertado con ID: 68ba14831ecb140794914d29
2025-09-04 17:36:51,874 - app - INFO - proceso_leer_sensor:70 - Lectura procesada exitosamente: 122.59cm
2025-09-04 17:36:51,875 - app - INFO - proceso_lecturas:104 - Procesadas 1 de 1 lecturas
2025-09-04 17:36:55,067 - app - DEBUG - insert_one:62 - Documento insertado con ID: 68ba14861ecb140794914d2a
2025-09-04 17:36:55,069 - app - INFO - proceso_leer_sensor:70 - Lectura procesada exitosamente: 122.59cm
2025-09-04 17:36:55,069 - app - INFO - proceso_lecturas:104 - Procesadas 1 de 1 lecturas
2025-09-04 17:37:03,479 - app - INFO - main:51 - 🛑 Cerrando aplicación...
2025-09-04 17:37:04,614 - app - INFO - main:51 - 🛑 Cerrando aplicación...
2025-09-04 17:42:26,545 - app - INFO - configure_logging:52 - Sistema de logging configurado correctamente
2025-09-04 17:42:26,870 - app - INFO - register_blueprints:92 - Blueprints registrados correctamente
2025-09-04 17:42:26,871 - app - INFO - create_app:76 - Aplicación iniciada en modo: development
2025-09-04 17:42:26,871 - app - INFO - main:33 - 🚀 Iniciando aplicación en 0.0.0.0:5000
2025-09-04 17:42:26,872 - app - INFO - main:34 - 🔧 Modo: development
2025-09-04 17:42:26,873 - app - INFO - main:35 - 🐛 Debug: activado
2025-09-04 17:42:34,357 - app - INFO - configure_logging:52 - Sistema de logging configurado correctamente
2025-09-04 17:42:34,638 - app - INFO - register_blueprints:92 - Blueprints registrados correctamente
2025-09-04 17:42:34,639 - app - INFO - create_app:76 - Aplicación iniciada en modo: development
2025-09-04 17:42:34,640 - app - INFO - main:33 - 🚀 Iniciando aplicación en 0.0.0.0:5000
2025-09-04 17:42:34,641 - app - INFO - main:34 - 🔧 Modo: development
2025-09-04 17:42:34,642 - app - INFO - main:35 - 🐛 Debug: activado
2025-09-04 17:42:42,743 - app - INFO - mongo_client:31 - ✅ Conexión a MongoDB establecida
2025-09-04 17:42:42,806 - app - INFO - mongo_client:31 - ✅ Conexión a MongoDB establecida
2025-09-04 17:42:42,811 - app - INFO - mongo_client:31 - ✅ Conexión a MongoDB establecida
2025-09-04 17:42:42,841 - app - INFO - mongo_client:31 - ✅ Conexión a MongoDB establecida
2025-09-04 17:42:43,275 - app - INFO - _ensure_indexes:46 - Índices de MongoDB verificados/creados
2025-09-04 17:42:43,280 - app - INFO - __init__:17 - PredictionService inicializado
2025-09-04 17:42:43,282 - app - INFO - __init__:31 - SensorService inicializado
2025-09-04 17:42:43,282 - app - INFO - __init__:22 - SensorController inicializado
2025-09-04 17:42:43,728 - app - INFO - _ensure_indexes:46 - Índices de MongoDB verificados/creados
2025-09-04 17:42:43,729 - app - INFO - __init__:17 - PredictionService inicializado
2025-09-04 17:42:43,730 - app - INFO - __init__:31 - SensorService inicializado
2025-09-04 17:42:43,730 - app - INFO - __init__:22 - SensorController inicializado
2025-09-04 17:42:43,922 - app - INFO - _ensure_indexes:46 - Índices de MongoDB verificados/creados
2025-09-04 17:42:43,923 - app - INFO - __init__:17 - PredictionService inicializado
2025-09-04 17:42:43,924 - app - INFO - __init__:31 - SensorService inicializado
2025-09-04 17:42:43,925 - app - INFO - __init__:22 - SensorController inicializado
2025-09-04 17:42:44,043 - app - INFO - _ensure_indexes:46 - Índices de MongoDB verificados/creados
2025-09-04 17:42:44,044 - app - INFO - __init__:17 - PredictionService inicializado
2025-09-04 17:42:44,044 - app - INFO - __init__:31 - SensorService inicializado
2025-09-04 17:42:44,045 - app - INFO - __init__:22 - SensorController inicializado
2025-09-04 17:42:44,143 - app - INFO - generar_predicciones:46 - Predicciones generadas para 2 períodos
2025-09-04 17:42:54,139 - app - INFO - generar_predicciones:46 - Predicciones generadas para 2 períodos
2025-09-04 17:43:19,152 - app - INFO - generar_predicciones:46 - Predicciones generadas para 2 períodos
2025-09-04 17:43:36,136 - app - WARNING - not_found:24 - Resource not found: 404 Not Found: The requested URL was not found on the server. If you entered the URL manually please check your spelling and try again.
2025-09-04 17:43:36,477 - app - WARNING - not_found:24 - Resource not found: 404 Not Found: The requested URL was not found on the server. If you entered the URL manually please check your spelling and try again.
2025-09-04 17:43:36,492 - app - WARNING - not_found:24 - Resource not found: 404 Not Found: The requested URL was not found on the server. If you entered the URL manually please check your spelling and try again.
2025-09-04 17:43:36,512 - app - WARNING - not_found:24 - Resource not found: 404 Not Found: The requested URL was not found on the server. If you entered the URL manually please check your spelling and try again.
2025-09-04 17:43:36,522 - app - WARNING - not_found:24 - Resource not found: 404 Not Found: The requested URL was not found on the server. If you entered the URL manually please check your spelling and try again.
2025-09-04 17:43:40,827 - app - WARNING - not_found:24 - Resource not found: 404 Not Found: The requested URL was not found on the server. If you entered the URL manually please check your spelling and try again.
2025-09-04 17:43:40,829 - app - WARNING - not_found:24 - Resource not found: 404 Not Found: The requested URL was not found on the server. If you entered the URL manually please check your spelling and try again.
2025-09-04 17:43:40,833 - app - WARNING - not_found:24 - Resource not found: 404 Not Found: The requested URL was not found on the server. If you entered the URL manually please check your spelling and try again.
2025-09-04 17:43:40,842 - app - WARNING - not_found:24 - Resource not found: 404 Not Found: The requested URL was not found on the server. If you entered the URL manually please check your spelling and try again.
2025-09-04 17:43:40,850 - app - WARNING - not_found:24 - Resource not found: 404 Not Found: The requested URL was not found on the server. If you entered the URL manually please check your spelling and try again.
2025-09-04 17:43:41,088 - app - WARNING - not_found:24 - Resource not found: 404 Not Found: The requested URL was not found on the server. If you entered the URL manually please check your spelling and try again.
2025-09-04 17:43:41,215 - app - WARNING - not_found:24 - Resource not found: 404 Not Found: The requested URL was not found on the server. If you entered the URL manually please check your spelling and try again.
2025-09-04 17:43:41,217 - app - WARNING - not_found:24 - Resource not found: 404 Not Found: The requested URL was not found on the server. If you entered the URL manually please check your spelling and try again.
2025-09-04 17:43:41,220 - app - WARNING - not_found:24 - Resource not found: 404 Not Found: The requested URL was not found on the server. If you entered the URL manually please check your spelling and try again.
2025-09-04 17:43:41,222 - app - WARNING - not_found:24 - Resource not found: 404 Not Found: The requested URL was not found on the server. If you entered the URL manually please check your spelling and try again.
2025-09-04 17:43:45,538 - app - INFO - generar_predicciones:46 - Predicciones generadas para 2 períodos
2025-09-04 17:44:08,704 - app - INFO - generar_predicciones:46 - Predicciones generadas para 2 períodos
2025-09-04 17:44:24,689 - app - INFO - main:51 - 🛑 Cerrando aplicación...
2025-09-04 17:44:25,856 - app - INFO - main:51 - 🛑 Cerrando aplicación...
2025-09-04 17:44:34,907 - app - INFO - configure_logging:52 - Sistema de logging configurado correctamente
2025-09-04 17:44:35,298 - app - INFO - register_blueprints:92 - Blueprints registrados correctamente
2025-09-04 17:44:35,299 - app - INFO - create_app:76 - Aplicación iniciada en modo: development
2025-09-04 17:44:35,300 - app - INFO - main:33 - 🚀 Iniciando aplicación en 0.0.0.0:5000
2025-09-04 17:44:35,300 - app - INFO - main:34 - 🔧 Modo: development
2025-09-04 17:44:35,301 - app - INFO - main:35 - 🐛 Debug: activado
2025-09-04 17:44:42,253 - app - INFO - configure_logging:52 - Sistema de logging configurado correctamente
2025-09-04 17:44:42,527 - app - INFO - register_blueprints:92 - Blueprints registrados correctamente
2025-09-04 17:44:42,528 - app - INFO - create_app:76 - Aplicación iniciada en modo: development
2025-09-04 17:44:42,528 - app - INFO - main:33 - 🚀 Iniciando aplicación en 0.0.0.0:5000
2025-09-04 17:44:42,529 - app - INFO - main:34 - 🔧 Modo: development
2025-09-04 17:44:42,530 - app - INFO - main:35 - 🐛 Debug: activado
2025-09-04 17:44:45,333 - app - INFO - mongo_client:31 - ✅ Conexión a MongoDB establecida
2025-09-04 17:44:45,448 - app - INFO - mongo_client:31 - ✅ Conexión a MongoDB establecida
2025-09-04 17:44:45,471 - app - INFO - mongo_client:31 - ✅ Conexión a MongoDB establecida
2025-09-04 17:44:45,578 - app - INFO - mongo_client:31 - ✅ Conexión a MongoDB establecida
2025-09-04 17:44:45,764 - app - INFO - _ensure_indexes:46 - Índices de MongoDB verificados/creados
2025-09-04 17:44:45,767 - app - INFO - __init__:17 - PredictionService inicializado
2025-09-04 17:44:45,769 - app - INFO - __init__:31 - SensorService inicializado
2025-09-04 17:44:45,770 - app - INFO - __init__:22 - SensorController inicializado
2025-09-04 17:44:46,181 - app - INFO - _ensure_indexes:46 - Índices de MongoDB verificados/creados
2025-09-04 17:44:46,183 - app - INFO - __init__:17 - PredictionService inicializado
2025-09-04 17:44:46,184 - app - INFO - __init__:31 - SensorService inicializado
2025-09-04 17:44:46,186 - app - INFO - __init__:22 - SensorController inicializado
2025-09-04 17:44:46,340 - app - INFO - generar_predicciones:46 - Predicciones generadas para 2 períodos
2025-09-04 17:44:46,605 - app - INFO - _ensure_indexes:46 - Índices de MongoDB verificados/creados
2025-09-04 17:44:46,606 - app - INFO - __init__:17 - PredictionService inicializado
2025-09-04 17:44:46,607 - app - INFO - __init__:31 - SensorService inicializado
2025-09-04 17:44:46,608 - app - INFO - __init__:22 - SensorController inicializado
2025-09-04 17:44:46,616 - app - INFO - _ensure_indexes:46 - Índices de MongoDB verificados/creados
2025-09-04 17:44:46,617 - app - INFO - __init__:17 - PredictionService inicializado
2025-09-04 17:44:46,619 - app - INFO - __init__:31 - SensorService inicializado
2025-09-04 17:44:46,620 - app - INFO - __init__:22 - SensorController inicializado
2025-09-04 17:45:09,702 - app - INFO - generar_predicciones:46 - Predicciones generadas para 2 períodos
2025-09-04 17:46:41,650 - app - INFO - generar_predicciones:46 - Predicciones generadas para 2 períodos
2025-09-04 17:46:56,231 - app - INFO - generar_predicciones:46 - Predicciones generadas para 2 períodos
2025-09-04 17:47:07,429 - app - INFO - generar_predicciones:46 - Predicciones generadas para 2 períodos
2025-09-04 17:47:38,707 - app - INFO - generar_predicciones:46 - Predicciones generadas para 2 períodos
2025-09-04 17:48:08,801 - app - INFO - generar_predicciones:46 - Predicciones generadas para 2 períodos
2025-09-04 17:48:38,681 - app - INFO - generar_predicciones:46 - Predicciones generadas para 2 períodos
2025-09-04 17:49:08,740 - app - INFO - generar_predicciones:46 - Predicciones generadas para 2 períodos
2025-09-04 17:49:38,705 - app - INFO - generar_predicciones:46 - Predicciones generadas para 2 períodos
2025-09-04 17:50:08,713 - app - INFO - generar_predicciones:46 - Predicciones generadas para 2 períodos
2025-09-04 17:51:35,696 - app - INFO - generar_predicciones:46 - Predicciones generadas para 2 períodos
2025-09-04 17:52:08,348 - app - INFO - generar_predicciones:46 - Predicciones generadas para 2 períodos
2025-09-04 17:52:28,636 - app - INFO - generar_predicciones:46 - Predicciones generadas para 2 períodos
2025-09-04 17:52:33,382 - app - INFO - generar_predicciones:46 - Predicciones generadas para 2 períodos
2025-09-04 17:52:45,668 - app - INFO - generar_predicciones:46 - Predicciones generadas para 2 períodos
2025-09-04 17:53:16,724 - app - INFO - generar_predicciones:46 - Predicciones generadas para 2 períodos
2025-09-04 17:53:46,702 - app - INFO - generar_predicciones:46 - Predicciones generadas para 2 períodos
2025-09-04 17:54:16,765 - app - INFO - generar_predicciones:46 - Predicciones generadas para 2 períodos
2025-09-04 17:54:46,858 - app - INFO - generar_predicciones:46 - Predicciones generadas para 2 períodos
2025-09-04 17:55:16,708 - app - INFO - generar_predicciones:46 - Predicciones generadas para 2 períodos
2025-09-04 17:55:46,697 - app - INFO - generar_predicciones:46 - Predicciones generadas para 2 períodos
2025-09-04 17:56:35,698 - app - INFO - generar_predicciones:46 - Predicciones generadas para 2 períodos
2025-09-04 17:57:35,697 - app - INFO - generar_predicciones:46 - Predicciones generadas para 2 períodos
2025-09-04 17:57:46,375 - app - INFO - generar_predicciones:46 - Predicciones generadas para 2 períodos
2025-09-04 17:58:35,684 - app - INFO - generar_predicciones:46 - Predicciones generadas para 2 períodos
2025-09-04 17:59:35,703 - app - INFO - generar_predicciones:46 - Predicciones generadas para 2 períodos
2025-09-04 17:59:41,065 - app - INFO - generar_predicciones:46 - Predicciones generadas para 2 períodos
2025-09-04 18:00:12,701 - app - INFO - generar_predicciones:46 - Predicciones generadas para 2 períodos
2025-09-04 18:00:42,720 - app - INFO - generar_predicciones:46 - Predicciones generadas para 2 períodos
2025-09-04 18:00:47,540 - app - INFO - generar_predicciones:46 - Predicciones generadas para 2 períodos
2025-09-04 18:00:53,048 - app - INFO - generar_predicciones:46 - Predicciones generadas para 2 períodos
2025-09-04 18:01:24,768 - app - INFO - generar_predicciones:46 - Predicciones generadas para 2 períodos
2025-09-04 18:01:54,791 - app - INFO - generar_predicciones:46 - Predicciones generadas para 2 períodos
2025-09-04 18:02:05,792 - app - INFO - generar_predicciones:46 - Predicciones generadas para 2 períodos
2025-09-04 18:02:06,308 - app - INFO - generar_predicciones:46 - Predicciones generadas para 2 períodos
2025-09-04 18:02:23,200 - app - INFO - generar_predicciones:46 - Predicciones generadas para 2 períodos
2025-09-04 18:02:31,917 - app - INFO - generar_predicciones:46 - Predicciones generadas para 2 períodos
2025-09-04 18:02:35,743 - app - INFO - generar_predicciones:46 - Predicciones generadas para 2 períodos
2025-09-04 18:02:36,738 - app - INFO - generar_predicciones:46 - Predicciones generadas para 2 períodos
2025-09-04 18:02:39,794 - app - INFO - generar_predicciones:46 - Predicciones generadas para 2 períodos
2025-09-04 18:02:55,249 - app - INFO - generar_predicciones:46 - Predicciones generadas para 2 períodos
2025-09-04 18:03:06,677 - app - INFO - generar_predicciones:46 - Predicciones generadas para 2 períodos
2025-09-04 18:03:26,660 - app - INFO - generar_predicciones:46 - Predicciones generadas para 2 períodos
2025-09-04 18:03:36,679 - app - INFO - generar_predicciones:46 - Predicciones generadas para 2 períodos
2025-09-04 18:03:43,861 - app - INFO - generar_predicciones:46 - Predicciones generadas para 2 períodos
2025-09-04 18:03:52,062 - app - INFO - generar_predicciones:46 - Predicciones generadas para 2 períodos
2025-09-04 18:04:23,685 - app - INFO - generar_predicciones:46 - Predicciones generadas para 2 períodos
2025-09-04 18:04:53,683 - app - INFO - generar_predicciones:46 - Predicciones generadas para 2 períodos
2025-09-04 18:05:23,700 - app - INFO - generar_predicciones:46 - Predicciones generadas para 2 períodos
2025-09-04 18:05:53,680 - app - INFO - generar_predicciones:46 - Predicciones generadas para 2 períodos
2025-09-04 18:06:12,198 - app - INFO - generar_predicciones:46 - Predicciones generadas para 2 períodos
2025-09-04 18:06:18,363 - app - INFO - generar_predicciones:46 - Predicciones generadas para 2 períodos
2025-09-04 18:06:49,705 - app - INFO - generar_predicciones:46 - Predicciones generadas para 2 períodos
2025-09-04 18:07:19,689 - app - INFO - generar_predicciones:46 - Predicciones generadas para 2 períodos
2025-09-04 18:07:49,697 - app - INFO - generar_predicciones:46 - Predicciones generadas para 2 períodos
2025-09-04 18:08:19,667 - app - INFO - generar_predicciones:46 - Predicciones generadas para 2 períodos
2025-09-04 18:08:49,729 - app - INFO - generar_predicciones:46 - Predicciones generadas para 2 períodos
2025-09-04 18:08:55,307 - app - INFO - generar_predicciones:46 - Predicciones generadas para 2 períodos
2025-09-04 18:09:02,765 - app - INFO - generar_predicciones:46 - Predicciones generadas para 2 períodos
2025-09-04 18:09:33,708 - app - INFO - generar_predicciones:46 - Predicciones generadas para 2 períodos
2025-09-04 18:10:03,792 - app - INFO - generar_predicciones:46 - Predicciones generadas para 2 períodos
2025-09-04 18:10:26,606 - app - INFO - generar_predicciones:46 - Predicciones generadas para 2 períodos
2025-09-04 18:10:57,698 - app - INFO - generar_predicciones:46 - Predicciones generadas para 2 períodos
2025-09-04 18:11:27,459 - app - INFO - generar_predicciones:46 - Predicciones generadas para 2 períodos
2025-09-04 18:11:57,725 - app - INFO - generar_predicciones:46 - Predicciones generadas para 2 períodos
2025-09-04 18:12:27,470 - app - INFO - generar_predicciones:46 - Predicciones generadas para 2 períodos
2025-09-04 18:12:57,465 - app - INFO - generar_predicciones:46 - Predicciones generadas para 2 períodos
2025-09-04 18:13:27,447 - app - INFO - generar_predicciones:46 - Predicciones generadas para 2 períodos
2025-09-04 18:13:57,439 - app - INFO - generar_predicciones:46 - Predicciones generadas para 2 períodos
2025-09-04 18:14:27,468 - app - INFO - generar_predicciones:46 - Predicciones generadas para 2 períodos
2025-09-04 18:14:57,451 - app - INFO - generar_predicciones:46 - Predicciones generadas para 2 períodos
2025-09-04 18:15:27,471 - app - INFO - generar_predicciones:46 - Predicciones generadas para 2 períodos
2025-09-04 18:15:27,696 - app - INFO - generar_predicciones:46 - Predicciones generadas para 2 períodos
2025-09-04 18:15:57,687 - app - INFO - generar_predicciones:46 - Predicciones generadas para 2 períodos
2025-09-04 18:16:27,442 - app - INFO - generar_predicciones:46 - Predicciones generadas para 2 períodos
2025-09-04 18:16:47,189 - app - INFO - generar_predicciones:46 - Predicciones generadas para 2 períodos
2025-09-04 18:17:18,696 - app - INFO - generar_predicciones:46 - Predicciones generadas para 2 períodos
2025-09-04 18:17:48,711 - app - INFO - generar_predicciones:46 - Predicciones generadas para 2 períodos
2025-09-04 18:18:04,806 - app - INFO - generar_predicciones:46 - Predicciones generadas para 2 períodos
2025-09-04 21:33:43,723 - app - INFO - generar_predicciones:46 - Predicciones generadas para 2 períodos
2025-09-04 21:34:10,729 - app - INFO - generar_predicciones:46 - Predicciones generadas para 2 períodos
2025-09-04 21:34:38,777 - app - INFO - generar_predicciones:46 - Predicciones generadas para 2 períodos
2025-09-04 21:35:10,470 - app - INFO - generar_predicciones:46 - Predicciones generadas para 2 períodos
2025-09-04 21:35:57,506 - app - INFO - generar_predicciones:46 - Predicciones generadas para 2 períodos
2025-09-04 21:36:09,873 - app - INFO - generar_predicciones:46 - Predicciones generadas para 2 períodos
2025-09-04 21:36:45,033 - app - INFO - generar_predicciones:46 - Predicciones generadas para 2 períodos
2025-09-04 21:37:09,794 - app - INFO - generar_predicciones:46 - Predicciones generadas para 2 períodos
2025-09-04 21:37:10,713 - app - INFO - generar_predicciones:46 - Predicciones generadas para 2 períodos
2025-09-04 21:37:23,529 - app - INFO - generar_predicciones:46 - Predicciones generadas para 2 períodos
2025-09-04 21:37:38,831 - app - INFO - generar_predicciones:46 - Predicciones generadas para 2 períodos
2025-09-04 21:37:42,027 - app - INFO - generar_predicciones:46 - Predicciones generadas para 2 períodos
2025-09-04 22:19:04,827 - app - ERROR - get_statistics_for_period:235 - Error obteniendo estadísticas: ac-bzbe2he-shard-00-00.axv5efh.mongodb.net:27017: [Errno 11001] getaddrinfo failed (configured timeouts: socketTimeoutMS: 20000.0ms, connectTimeoutMS: 20000.0ms),ac-bzbe2he-shard-00-02.axv5efh.mongodb.net:27017: [Errno 11001] getaddrinfo failed (configured timeouts: socketTimeoutMS: 20000.0ms, connectTimeoutMS: 20000.0ms),ac-bzbe2he-shard-00-01.axv5efh.mongodb.net:27017: [Errno 11001] getaddrinfo failed (configured timeouts: socketTimeoutMS: 20000.0ms, connectTimeoutMS: 20000.0ms), Timeout: 30s, Topology Description: <TopologyDescription id: 68ba165bbaa123beb19ae4fc, topology_type: ReplicaSetNoPrimary, servers: [<ServerDescription ('ac-bzbe2he-shard-00-00.axv5efh.mongodb.net', 27017) server_type: Unknown, rtt: None, error=AutoReconnect('ac-bzbe2he-shard-00-00.axv5efh.mongodb.net:27017: [Errno 11001] getaddrinfo failed (configured timeouts: socketTimeoutMS: 20000.0ms, connectTimeoutMS: 20000.0ms)')>, <ServerDescription ('ac-bzbe2he-shard-00-01.axv5efh.mongodb.net', 27017) server_type: Unknown, rtt: None, error=AutoReconnect('ac-bzbe2he-shard-00-01.axv5efh.mongodb.net:27017: [Errno 11001] getaddrinfo failed (configured timeouts: socketTimeoutMS: 20000.0ms, connectTimeoutMS: 20000.0ms)')>, <ServerDescription ('ac-bzbe2he-shard-00-02.axv5efh.mongodb.net', 27017) server_type: Unknown, rtt: None, error=AutoReconnect('ac-bzbe2he-shard-00-02.axv5efh.mongodb.net:27017: [Errno 11001] getaddrinfo failed (configured timeouts: socketTimeoutMS: 20000.0ms, connectTimeoutMS: 20000.0ms)')>]>
2025-09-04 22:19:04,844 - app - ERROR - find_by_time_range:107 - Error obteniendo documentos por rango: ac-bzbe2he-shard-00-00.axv5efh.mongodb.net:27017: [Errno 11001] getaddrinfo failed (configured timeouts: socketTimeoutMS: 20000.0ms, connectTimeoutMS: 20000.0ms),ac-bzbe2he-shard-00-02.axv5efh.mongodb.net:27017: [Errno 11001] getaddrinfo failed (configured timeouts: socketTimeoutMS: 20000.0ms, connectTimeoutMS: 20000.0ms),ac-bzbe2he-shard-00-01.axv5efh.mongodb.net:27017: [Errno 11001] getaddrinfo failed (configured timeouts: socketTimeoutMS: 20000.0ms, connectTimeoutMS: 20000.0ms), Timeout: 30s, Topology Description: <TopologyDescription id: 68ba165bbaa123beb19ae4fc, topology_type: ReplicaSetNoPrimary, servers: [<ServerDescription ('ac-bzbe2he-shard-00-00.axv5efh.mongodb.net', 27017) server_type: Unknown, rtt: None, error=AutoReconnect('ac-bzbe2he-shard-00-00.axv5efh.mongodb.net:27017: [Errno 11001] getaddrinfo failed (configured timeouts: socketTimeoutMS: 20000.0ms, connectTimeoutMS: 20000.0ms)')>, <ServerDescription ('ac-bzbe2he-shard-00-01.axv5efh.mongodb.net', 27017) server_type: Unknown, rtt: None, error=AutoReconnect('ac-bzbe2he-shard-00-01.axv5efh.mongodb.net:27017: [Errno 11001] getaddrinfo failed (configured timeouts: socketTimeoutMS: 20000.0ms, connectTimeoutMS: 20000.0ms)')>, <ServerDescription ('ac-bzbe2he-shard-00-02.axv5efh.mongodb.net', 27017) server_type: Unknown, rtt: None, error=AutoReconnect('ac-bzbe2he-shard-00-02.axv5efh.mongodb.net:27017: [Errno 11001] getaddrinfo failed (configured timeouts: socketTimeoutMS: 20000.0ms, connectTimeoutMS: 20000.0ms)')>]>
2025-09-04 22:19:04,844 - app - ERROR - find_by_time_range:107 - Error obteniendo documentos por rango: ac-bzbe2he-shard-00-00.axv5efh.mongodb.net:27017: [Errno 11001] getaddrinfo failed (configured timeouts: socketTimeoutMS: 20000.0ms, connectTimeoutMS: 20000.0ms),ac-bzbe2he-shard-00-02.axv5efh.mongodb.net:27017: [Errno 11001] getaddrinfo failed (configured timeouts: socketTimeoutMS: 20000.0ms, connectTimeoutMS: 20000.0ms),ac-bzbe2he-shard-00-01.axv5efh.mongodb.net:27017: [Errno 11001] getaddrinfo failed (configured timeouts: socketTimeoutMS: 20000.0ms, connectTimeoutMS: 20000.0ms), Timeout: 30s, Topology Description: <TopologyDescription id: 68ba165bbaa123beb19ae4fc, topology_type: ReplicaSetNoPrimary, servers: [<ServerDescription ('ac-bzbe2he-shard-00-00.axv5efh.mongodb.net', 27017) server_type: Unknown, rtt: None, error=AutoReconnect('ac-bzbe2he-shard-00-00.axv5efh.mongodb.net:27017: [Errno 11001] getaddrinfo failed (configured timeouts: socketTimeoutMS: 20000.0ms, connectTimeoutMS: 20000.0ms)')>, <ServerDescription ('ac-bzbe2he-shard-00-01.axv5efh.mongodb.net', 27017) server_type: Unknown, rtt: None, error=AutoReconnect('ac-bzbe2he-shard-00-01.axv5efh.mongodb.net:27017: [Errno 11001] getaddrinfo failed (configured timeouts: socketTimeoutMS: 20000.0ms, connectTimeoutMS: 20000.0ms)')>, <ServerDescription ('ac-bzbe2he-shard-00-02.axv5efh.mongodb.net', 27017) server_type: Unknown, rtt: None, error=AutoReconnect('ac-bzbe2he-shard-00-02.axv5efh.mongodb.net:27017: [Errno 11001] getaddrinfo failed (configured timeouts: socketTimeoutMS: 20000.0ms, connectTimeoutMS: 20000.0ms)')>]>
2025-09-04 22:19:04,845 - app - ERROR - find_by_estado:141 - Error obteniendo documentos por estado: ac-bzbe2he-shard-00-00.axv5efh.mongodb.net:27017: [Errno 11001] getaddrinfo failed (configured timeouts: socketTimeoutMS: 20000.0ms, connectTimeoutMS: 20000.0ms),ac-bzbe2he-shard-00-02.axv5efh.mongodb.net:27017: [Errno 11001] getaddrinfo failed (configured timeouts: socketTimeoutMS: 20000.0ms, connectTimeoutMS: 20000.0ms),ac-bzbe2he-shard-00-01.axv5efh.mongodb.net:27017: [Errno 11001] getaddrinfo failed (configured timeouts: socketTimeoutMS: 20000.0ms, connectTimeoutMS: 20000.0ms), Timeout: 30s, Topology Description: <TopologyDescription id: 68ba165bbaa123beb19ae4fc, topology_type: ReplicaSetNoPrimary, servers: [<ServerDescription ('ac-bzbe2he-shard-00-00.axv5efh.mongodb.net', 27017) server_type: Unknown, rtt: None, error=AutoReconnect('ac-bzbe2he-shard-00-00.axv5efh.mongodb.net:27017: [Errno 11001] getaddrinfo failed (configured timeouts: socketTimeoutMS: 20000.0ms, connectTimeoutMS: 20000.0ms)')>, <ServerDescription ('ac-bzbe2he-shard-00-01.axv5efh.mongodb.net', 27017) server_type: Unknown, rtt: None, error=AutoReconnect('ac-bzbe2he-shard-00-01.axv5efh.mongodb.net:27017: [Errno 11001] getaddrinfo failed (configured timeouts: socketTimeoutMS: 20000.0ms, connectTimeoutMS: 20000.0ms)')>, <ServerDescription ('ac-bzbe2he-shard-00-02.axv5efh.mongodb.net', 27017) server_type: Unknown, rtt: None, error=AutoReconnect('ac-bzbe2he-shard-00-02.axv5efh.mongodb.net:27017: [Errno 11001] getaddrinfo failed (configured timeouts: socketTimeoutMS: 20000.0ms, connectTimeoutMS: 20000.0ms)')>]>
2025-09-04 22:19:04,845 - app - ERROR - find_latest:124 - Error obteniendo último documento: ac-bzbe2he-shard-00-00.axv5efh.mongodb.net:27017: [Errno 11001] getaddrinfo failed (configured timeouts: socketTimeoutMS: 20000.0ms, connectTimeoutMS: 20000.0ms),ac-bzbe2he-shard-00-02.axv5efh.mongodb.net:27017: [Errno 11001] getaddrinfo failed (configured timeouts: socketTimeoutMS: 20000.0ms, connectTimeoutMS: 20000.0ms),ac-bzbe2he-shard-00-01.axv5efh.mongodb.net:27017: [Errno 11001] getaddrinfo failed (configured timeouts: socketTimeoutMS: 20000.0ms, connectTimeoutMS: 20000.0ms), Timeout: 30s, Topology Description: <TopologyDescription id: 68ba165bbaa123beb19ae4fc, topology_type: ReplicaSetNoPrimary, servers: [<ServerDescription ('ac-bzbe2he-shard-00-00.axv5efh.mongodb.net', 27017) server_type: Unknown, rtt: None, error=AutoReconnect('ac-bzbe2he-shard-00-00.axv5efh.mongodb.net:27017: [Errno 11001] getaddrinfo failed (configured timeouts: socketTimeoutMS: 20000.0ms, connectTimeoutMS: 20000.0ms)')>, <ServerDescription ('ac-bzbe2he-shard-00-01.axv5efh.mongodb.net', 27017) server_type: Unknown, rtt: None, error=AutoReconnect('ac-bzbe2he-shard-00-01.axv5efh.mongodb.net:27017: [Errno 11001] getaddrinfo failed (configured timeouts: socketTimeoutMS: 20000.0ms, connectTimeoutMS: 20000.0ms)')>, <ServerDescription ('ac-bzbe2he-shard-00-02.axv5efh.mongodb.net', 27017) server_type: Unknown, rtt: None, error=AutoReconnect('ac-bzbe2he-shard-00-02.axv5efh.mongodb.net:27017: [Errno 11001] getaddrinfo failed (configured timeouts: socketTimeoutMS: 20000.0ms, connectTimeoutMS: 20000.0ms)')>]>
2025-09-04 22:19:09,389 - app - ERROR - find_latest:124 - Error obteniendo último documento: ac-bzbe2he-shard-00-00.axv5efh.mongodb.net:27017: [Errno 11001] getaddrinfo failed (configured timeouts: socketTimeoutMS: 20000.0ms, connectTimeoutMS: 20000.0ms),ac-bzbe2he-shard-00-02.axv5efh.mongodb.net:27017: [Errno 11001] getaddrinfo failed (configured timeouts: socketTimeoutMS: 20000.0ms, connectTimeoutMS: 20000.0ms),ac-bzbe2he-shard-00-01.axv5efh.mongodb.net:27017: [Errno 11001] getaddrinfo failed (configured timeouts: socketTimeoutMS: 20000.0ms, connectTimeoutMS: 20000.0ms), Timeout: 30s, Topology Description: <TopologyDescription id: 68ba165bbaa123beb19ae4fc, topology_type: ReplicaSetNoPrimary, servers: [<ServerDescription ('ac-bzbe2he-shard-00-00.axv5efh.mongodb.net', 27017) server_type: Unknown, rtt: None, error=AutoReconnect('ac-bzbe2he-shard-00-00.axv5efh.mongodb.net:27017: [Errno 11001] getaddrinfo failed (configured timeouts: socketTimeoutMS: 20000.0ms, connectTimeoutMS: 20000.0ms)')>, <ServerDescription ('ac-bzbe2he-shard-00-01.axv5efh.mongodb.net', 27017) server_type: Unknown, rtt: None, error=AutoReconnect('ac-bzbe2he-shard-00-01.axv5efh.mongodb.net:27017: [Errno 11001] getaddrinfo failed (configured timeouts: socketTimeoutMS: 20000.0ms, connectTimeoutMS: 20000.0ms)')>, <ServerDescription ('ac-bzbe2he-shard-00-02.axv5efh.mongodb.net', 27017) server_type: Unknown, rtt: None, error=AutoReconnect('ac-bzbe2he-shard-00-02.axv5efh.mongodb.net:27017: [Errno 11001] getaddrinfo failed (configured timeouts: socketTimeoutMS: 20000.0ms, connectTimeoutMS: 20000.0ms)')>]>
2025-09-04 22:19:09,900 - app - ERROR - find_by_time_range:107 - Error obteniendo documentos por rango: ac-bzbe2he-shard-00-00.axv5efh.mongodb.net:27017: [Errno 11001] getaddrinfo failed (configured timeouts: socketTimeoutMS: 20000.0ms, connectTimeoutMS: 20000.0ms),ac-bzbe2he-shard-00-02.axv5efh.mongodb.net:27017: [Errno 11001] getaddrinfo failed (configured timeouts: socketTimeoutMS: 20000.0ms, connectTimeoutMS: 20000.0ms),ac-bzbe2he-shard-00-01.axv5efh.mongodb.net:27017: [Errno 11001] getaddrinfo failed (configured timeouts: socketTimeoutMS: 20000.0ms, connectTimeoutMS: 20000.0ms), Timeout: 30s, Topology Description: <TopologyDescription id: 68ba165bbaa123beb19ae4fc, topology_type: ReplicaSetNoPrimary, servers: [<ServerDescription ('ac-bzbe2he-shard-00-00.axv5efh.mongodb.net', 27017) server_type: Unknown, rtt: None, error=AutoReconnect('ac-bzbe2he-shard-00-00.axv5efh.mongodb.net:27017: [Errno 11001] getaddrinfo failed (configured timeouts: socketTimeoutMS: 20000.0ms, connectTimeoutMS: 20000.0ms)')>, <ServerDescription ('ac-bzbe2he-shard-00-01.axv5efh.mongodb.net', 27017) server_type: Unknown, rtt: None, error=AutoReconnect('ac-bzbe2he-shard-00-01.axv5efh.mongodb.net:27017: [Errno 11001] getaddrinfo failed (configured timeouts: socketTimeoutMS: 20000.0ms, connectTimeoutMS: 20000.0ms)')>, <ServerDescription ('ac-bzbe2he-shard-00-02.axv5efh.mongodb.net', 27017) server_type: Unknown, rtt: None, error=AutoReconnect('ac-bzbe2he-shard-00-02.axv5efh.mongodb.net:27017: [Errno 11001] getaddrinfo failed (configured timeouts: socketTimeoutMS: 20000.0ms, connectTimeoutMS: 20000.0ms)')>]>
2025-09-04 22:19:09,900 - app - ERROR - get_statistics_for_period:235 - Error obteniendo estadísticas: ac-bzbe2he-shard-00-00.axv5efh.mongodb.net:27017: [Errno 11001] getaddrinfo failed (configured timeouts: socketTimeoutMS: 20000.0ms, connectTimeoutMS: 20000.0ms),ac-bzbe2he-shard-00-02.axv5efh.mongodb.net:27017: [Errno 11001] getaddrinfo failed (configured timeouts: socketTimeoutMS: 20000.0ms, connectTimeoutMS: 20000.0ms),ac-bzbe2he-shard-00-01.axv5efh.mongodb.net:27017: [Errno 11001] getaddrinfo failed (configured timeouts: socketTimeoutMS: 20000.0ms, connectTimeoutMS: 20000.0ms), Timeout: 30s, Topology Description: <TopologyDescription id: 68ba165bbaa123beb19ae4fc, topology_type: ReplicaSetNoPrimary, servers: [<ServerDescription ('ac-bzbe2he-shard-00-00.axv5efh.mongodb.net', 27017) server_type: Unknown, rtt: None, error=AutoReconnect('ac-bzbe2he-shard-00-00.axv5efh.mongodb.net:27017: [Errno 11001] getaddrinfo failed (configured timeouts: socketTimeoutMS: 20000.0ms, connectTimeoutMS: 20000.0ms)')>, <ServerDescription ('ac-bzbe2he-shard-00-01.axv5efh.mongodb.net', 27017) server_type: Unknown, rtt: None, error=AutoReconnect('ac-bzbe2he-shard-00-01.axv5efh.mongodb.net:27017: [Errno 11001] getaddrinfo failed (configured timeouts: socketTimeoutMS: 20000.0ms, connectTimeoutMS: 20000.0ms)')>, <ServerDescription ('ac-bzbe2he-shard-00-02.axv5efh.mongodb.net', 27017) server_type: Unknown, rtt: None, error=AutoReconnect('ac-bzbe2he-shard-00-02.axv5efh.mongodb.net:27017: [Errno 11001] getaddrinfo failed (configured timeouts: socketTimeoutMS: 20000.0ms, connectTimeoutMS: 20000.0ms)')>]>
2025-09-04 22:19:09,901 - app - ERROR - find_by_estado:141 - Error obteniendo documentos por estado: ac-bzbe2he-shard-00-00.axv5efh.mongodb.net:27017: [Errno 11001] getaddrinfo failed (configured timeouts: socketTimeoutMS: 20000.0ms, connectTimeoutMS: 20000.0ms),ac-bzbe2he-shard-00-02.axv5efh.mongodb.net:27017: [Errno 11001] getaddrinfo failed (configured timeouts: socketTimeoutMS: 20000.0ms, connectTimeoutMS: 20000.0ms),ac-bzbe2he-shard-00-01.axv5efh.mongodb.net:27017: [Errno 11001] getaddrinfo failed (configured timeouts: socketTimeoutMS: 20000.0ms, connectTimeoutMS: 20000.0ms), Timeout: 30s, Topology Description: <TopologyDescription id: 68ba165bbaa123beb19ae4fc, topology_type: ReplicaSetNoPrimary, servers: [<ServerDescription ('ac-bzbe2he-shard-00-00.axv5efh.mongodb.net', 27017) server_type: Unknown, rtt: None, error=AutoReconnect('ac-bzbe2he-shard-00-00.axv5efh.mongodb.net:27017: [Errno 11001] getaddrinfo failed (configured timeouts: socketTimeoutMS: 20000.0ms, connectTimeoutMS: 20000.0ms)')>, <ServerDescription ('ac-bzbe2he-shard-00-01.axv5efh.mongodb.net', 27017) server_type: Unknown, rtt: None, error=AutoReconnect('ac-bzbe2he-shard-00-01.axv5efh.mongodb.net:27017: [Errno 11001] getaddrinfo failed (configured timeouts: socketTimeoutMS: 20000.0ms, connectTimeoutMS: 20000.0ms)')>, <ServerDescription ('ac-bzbe2he-shard-00-02.axv5efh.mongodb.net', 27017) server_type: Unknown, rtt: None, error=AutoReconnect('ac-bzbe2he-shard-00-02.axv5efh.mongodb.net:27017: [Errno 11001] getaddrinfo failed (configured timeouts: socketTimeoutMS: 20000.0ms, connectTimeoutMS: 20000.0ms)')>]>
2025-09-04 22:19:09,902 - app - ERROR - find_by_time_range:107 - Error obteniendo documentos por rango: ac-bzbe2he-shard-00-00.axv5efh.mongodb.net:27017: [Errno 11001] getaddrinfo failed (configured timeouts: socketTimeoutMS: 20000.0ms, connectTimeoutMS: 20000.0ms),ac-bzbe2he-shard-00-02.axv5efh.mongodb.net:27017: [Errno 11001] getaddrinfo failed (configured timeouts: socketTimeoutMS: 20000.0ms, connectTimeoutMS: 20000.0ms),ac-bzbe2he-shard-00-01.axv5efh.mongodb.net:27017: [Errno 11001] getaddrinfo failed (configured timeouts: socketTimeoutMS: 20000.0ms, connectTimeoutMS: 20000.0ms), Timeout: 30s, Topology Description: <TopologyDescription id: 68ba165bbaa123beb19ae4fc, topology_type: ReplicaSetNoPrimary, servers: [<ServerDescription ('ac-bzbe2he-shard-00-00.axv5efh.mongodb.net', 27017) server_type: Unknown, rtt: None, error=AutoReconnect('ac-bzbe2he-shard-00-00.axv5efh.mongodb.net:27017: [Errno 11001] getaddrinfo failed (configured timeouts: socketTimeoutMS: 20000.0ms, connectTimeoutMS: 20000.0ms)')>, <ServerDescription ('ac-bzbe2he-shard-00-01.axv5efh.mongodb.net', 27017) server_type: Unknown, rtt: None, error=AutoReconnect('ac-bzbe2he-shard-00-01.axv5efh.mongodb.net:27017: [Errno 11001] getaddrinfo failed (configured timeouts: socketTimeoutMS: 20000.0ms, connectTimeoutMS: 20000.0ms)')>, <ServerDescription ('ac-bzbe2he-shard-00-02.axv5efh.mongodb.net', 27017) server_type: Unknown, rtt: None, error=AutoReconnect('ac-bzbe2he-shard-00-02.axv5efh.mongodb.net:27017: [Errno 11001] getaddrinfo failed (configured timeouts: socketTimeoutMS: 20000.0ms, connectTimeoutMS: 20000.0ms)')>]>
2025-09-04 22:19:34,996 - app - ERROR - find_by_estado:141 - Error obteniendo documentos por estado: ac-bzbe2he-shard-00-00.axv5efh.mongodb.net:27017: [Errno 11001] getaddrinfo failed (configured timeouts: socketTimeoutMS: 20000.0ms, connectTimeoutMS: 20000.0ms),ac-bzbe2he-shard-00-02.axv5efh.mongodb.net:27017: [Errno 11001] getaddrinfo failed (configured timeouts: socketTimeoutMS: 20000.0ms, connectTimeoutMS: 20000.0ms),ac-bzbe2he-shard-00-01.axv5efh.mongodb.net:27017: [Errno 11001] getaddrinfo failed (configured timeouts: socketTimeoutMS: 20000.0ms, connectTimeoutMS: 20000.0ms), Timeout: 30s, Topology Description: <TopologyDescription id: 68ba165bbaa123beb19ae4fc, topology_type: ReplicaSetNoPrimary, servers: [<ServerDescription ('ac-bzbe2he-shard-00-00.axv5efh.mongodb.net', 27017) server_type: Unknown, rtt: None, error=AutoReconnect('ac-bzbe2he-shard-00-00.axv5efh.mongodb.net:27017: [Errno 11001] getaddrinfo failed (configured timeouts: socketTimeoutMS: 20000.0ms, connectTimeoutMS: 20000.0ms)')>, <ServerDescription ('ac-bzbe2he-shard-00-01.axv5efh.mongodb.net', 27017) server_type: Unknown, rtt: None, error=AutoReconnect('ac-bzbe2he-shard-00-01.axv5efh.mongodb.net:27017: [Errno 11001] getaddrinfo failed (configured timeouts: socketTimeoutMS: 20000.0ms, connectTimeoutMS: 20000.0ms)')>, <ServerDescription ('ac-bzbe2he-shard-00-02.axv5efh.mongodb.net', 27017) server_type: Unknown, rtt: None, error=AutoReconnect('ac-bzbe2he-shard-00-02.axv5efh.mongodb.net:27017: [Errno 11001] getaddrinfo failed (configured timeouts: socketTimeoutMS: 20000.0ms, connectTimeoutMS: 20000.0ms)')>]>
2025-09-04 22:19:39,918 - app - ERROR - find_by_estado:141 - Error obteniendo documentos por estado: ac-bzbe2he-shard-00-00.axv5efh.mongodb.net:27017: [Errno 11001] getaddrinfo failed (configured timeouts: socketTimeoutMS: 20000.0ms, connectTimeoutMS: 20000.0ms),ac-bzbe2he-shard-00-02.axv5efh.mongodb.net:27017: [Errno 11001] getaddrinfo failed (configured timeouts: socketTimeoutMS: 20000.0ms, connectTimeoutMS: 20000.0ms),ac-bzbe2he-shard-00-01.axv5efh.mongodb.net:27017: [Errno 11001] getaddrinfo failed (configured timeouts: socketTimeoutMS: 20000.0ms, connectTimeoutMS: 20000.0ms), Timeout: 30s, Topology Description: <TopologyDescription id: 68ba165bbaa123beb19ae4fc, topology_type: ReplicaSetNoPrimary, servers: [<ServerDescription ('ac-bzbe2he-shard-00-00.axv5efh.mongodb.net', 27017) server_type: Unknown, rtt: None, error=AutoReconnect('ac-bzbe2he-shard-00-00.axv5efh.mongodb.net:27017: [Errno 11001] getaddrinfo failed (configured timeouts: socketTimeoutMS: 20000.0ms, connectTimeoutMS: 20000.0ms)')>, <ServerDescription ('ac-bzbe2he-shard-00-01.axv5efh.mongodb.net', 27017) server_type: Unknown, rtt: None, error=AutoReconnect('ac-bzbe2he-shard-00-01.axv5efh.mongodb.net:27017: [Errno 11001] getaddrinfo failed (configured timeouts: socketTimeoutMS: 20000.0ms, connectTimeoutMS: 20000.0ms)')>, <ServerDescription ('ac-bzbe2he-shard-00-02.axv5efh.mongodb.net', 27017) server_type: Unknown, rtt: None, error=AutoReconnect('ac-bzbe2he-shard-00-02.axv5efh.mongodb.net:27017: [Errno 11001] getaddrinfo failed (configured timeouts: socketTimeoutMS: 20000.0ms, connectTimeoutMS: 20000.0ms)')>]>
2025-09-04 22:19:46,278 - app - INFO - main:51 - 🛑 Cerrando aplicación...
2025-09-04 22:19:49,000 - app - ERROR - get_statistics_for_period:235 - Error obteniendo estadísticas: ac-bzbe2he-shard-00-00.axv5efh.mongodb.net:27017: [Errno 11001] getaddrinfo failed (configured timeouts: socketTimeoutMS: 20000.0ms, connectTimeoutMS: 20000.0ms),ac-bzbe2he-shard-00-02.axv5efh.mongodb.net:27017: [Errno 11001] getaddrinfo failed (configured timeouts: socketTimeoutMS: 20000.0ms, connectTimeoutMS: 20000.0ms),ac-bzbe2he-shard-00-01.axv5efh.mongodb.net:27017: [Errno 11001] getaddrinfo failed (configured timeouts: socketTimeoutMS: 20000.0ms, connectTimeoutMS: 20000.0ms), Timeout: 30s, Topology Description: <TopologyDescription id: 68ba165bbaa123beb19ae4fc, topology_type: ReplicaSetNoPrimary, servers: [<ServerDescription ('ac-bzbe2he-shard-00-00.axv5efh.mongodb.net', 27017) server_type: Unknown, rtt: None, error=AutoReconnect('ac-bzbe2he-shard-00-00.axv5efh.mongodb.net:27017: [Errno 11001] getaddrinfo failed (configured timeouts: socketTimeoutMS: 20000.0ms, connectTimeoutMS: 20000.0ms)')>, <ServerDescription ('ac-bzbe2he-shard-00-01.axv5efh.mongodb.net', 27017) server_type: Unknown, rtt: None, error=AutoReconnect('ac-bzbe2he-shard-00-01.axv5efh.mongodb.net:27017: [Errno 11001] getaddrinfo failed (configured timeouts: socketTimeoutMS: 20000.0ms, connectTimeoutMS: 20000.0ms)')>, <ServerDescription ('ac-bzbe2he-shard-00-02.axv5efh.mongodb.net', 27017) server_type: Unknown, rtt: None, error=AutoReconnect('ac-bzbe2he-shard-00-02.axv5efh.mongodb.net:27017: [Errno 11001] getaddrinfo failed (configured timeouts: socketTimeoutMS: 20000.0ms, connectTimeoutMS: 20000.0ms)')>]>
2025-09-04 22:19:49,001 - app - ERROR - find_by_estado:141 - Error obteniendo documentos por estado: ac-bzbe2he-shard-00-00.axv5efh.mongodb.net:27017: [Errno 11001] getaddrinfo failed (configured timeouts: socketTimeoutMS: 20000.0ms, connectTimeoutMS: 20000.0ms),ac-bzbe2he-shard-00-02.axv5efh.mongodb.net:27017: [Errno 11001] getaddrinfo failed (configured timeouts: socketTimeoutMS: 20000.0ms, connectTimeoutMS: 20000.0ms),ac-bzbe2he-shard-00-01.axv5efh.mongodb.net:27017: [Errno 11001] getaddrinfo failed (configured timeouts: socketTimeoutMS: 20000.0ms, connectTimeoutMS: 20000.0ms), Timeout: 30s, Topology Description: <TopologyDescription id: 68ba165bbaa123beb19ae4fc, topology_type: ReplicaSetNoPrimary, servers: [<ServerDescription ('ac-bzbe2he-shard-00-00.axv5efh.mongodb.net', 27017) server_type: Unknown, rtt: None, error=AutoReconnect('ac-bzbe2he-shard-00-00.axv5efh.mongodb.net:27017: [Errno 11001] getaddrinfo failed (configured timeouts: socketTimeoutMS: 20000.0ms, connectTimeoutMS: 20000.0ms)')>, <ServerDescription ('ac-bzbe2he-shard-00-01.axv5efh.mongodb.net', 27017) server_type: Unknown, rtt: None, error=AutoReconnect('ac-bzbe2he-shard-00-01.axv5efh.mongodb.net:27017: [Errno 11001] getaddrinfo failed (configured timeouts: socketTimeoutMS: 20000.0ms, connectTimeoutMS: 20000.0ms)')>, <ServerDescription ('ac-bzbe2he-shard-00-02.axv5efh.mongodb.net', 27017) server_type: Unknown, rtt: None, error=AutoReconnect('ac-bzbe2he-shard-00-02.axv5efh.mongodb.net:27017: [Errno 11001] getaddrinfo failed (configured timeouts: socketTimeoutMS: 20000.0ms, connectTimeoutMS: 20000.0ms)')>]>
2025-09-04 22:19:49,003 - app - ERROR - find_by_time_range:107 - Error obteniendo documentos por rango: ac-bzbe2he-shard-00-00.axv5efh.mongodb.net:27017: [Errno 11001] getaddrinfo failed (configured timeouts: socketTimeoutMS: 20000.0ms, connectTimeoutMS: 20000.0ms),ac-bzbe2he-shard-00-02.axv5efh.mongodb.net:27017: [Errno 11001] getaddrinfo failed (configured timeouts: socketTimeoutMS: 20000.0ms, connectTimeoutMS: 20000.0ms),ac-bzbe2he-shard-00-01.axv5efh.mongodb.net:27017: [Errno 11001] getaddrinfo failed (configured timeouts: socketTimeoutMS: 20000.0ms, connectTimeoutMS: 20000.0ms), Timeout: 30s, Topology Description: <TopologyDescription id: 68ba165bbaa123beb19ae4fc, topology_type: ReplicaSetNoPrimary, servers: [<ServerDescription ('ac-bzbe2he-shard-00-00.axv5efh.mongodb.net', 27017) server_type: Unknown, rtt: None, error=AutoReconnect('ac-bzbe2he-shard-00-00.axv5efh.mongodb.net:27017: [Errno 11001] getaddrinfo failed (configured timeouts: socketTimeoutMS: 20000.0ms, connectTimeoutMS: 20000.0ms)')>, <ServerDescription ('ac-bzbe2he-shard-00-01.axv5efh.mongodb.net', 27017) server_type: Unknown, rtt: None, error=AutoReconnect('ac-bzbe2he-shard-00-01.axv5efh.mongodb.net:27017: [Errno 11001] getaddrinfo failed (configured timeouts: socketTimeoutMS: 20000.0ms, connectTimeoutMS: 20000.0ms)')>, <ServerDescription ('ac-bzbe2he-shard-00-02.axv5efh.mongodb.net', 27017) server_type: Unknown, rtt: None, error=AutoReconnect('ac-bzbe2he-shard-00-02.axv5efh.mongodb.net:27017: [Errno 11001] getaddrinfo failed (configured timeouts: socketTimeoutMS: 20000.0ms, connectTimeoutMS: 20000.0ms)')>]>
2025-09-04 22:19:49,003 - app - ERROR - find_latest:124 - Error obteniendo último documento: ac-bzbe2he-shard-00-00.axv5efh.mongodb.net:27017: [Errno 11001] getaddrinfo failed (configured timeouts: socketTimeoutMS: 20000.0ms, connectTimeoutMS: 20000.0ms),ac-bzbe2he-shard-00-02.axv5efh.mongodb.net:27017: [Errno 11001] getaddrinfo failed (configured timeouts: socketTimeoutMS: 20000.0ms, connectTimeoutMS: 20000.0ms),ac-bzbe2he-shard-00-01.axv5efh.mongodb.net:27017: [Errno 11001] getaddrinfo failed (configured timeouts: socketTimeoutMS: 20000.0ms, connectTimeoutMS: 20000.0ms), Timeout: 30s, Topology Description: <TopologyDescription id: 68ba165bbaa123beb19ae4fc, topology_type: ReplicaSetNoPrimary, servers: [<ServerDescription ('ac-bzbe2he-shard-00-00.axv5efh.mongodb.net', 27017) server_type: Unknown, rtt: None, error=AutoReconnect('ac-bzbe2he-shard-00-00.axv5efh.mongodb.net:27017: [Errno 11001] getaddrinfo failed (configured timeouts: socketTimeoutMS: 20000.0ms, connectTimeoutMS: 20000.0ms)')>, <ServerDescription ('ac-bzbe2he-shard-00-01.axv5efh.mongodb.net', 27017) server_type: Unknown, rtt: None, error=AutoReconnect('ac-bzbe2he-shard-00-01.axv5efh.mongodb.net:27017: [Errno 11001] getaddrinfo failed (configured timeouts: socketTimeoutMS: 20000.0ms, connectTimeoutMS: 20000.0ms)')>, <ServerDescription ('ac-bzbe2he-shard-00-02.axv5efh.mongodb.net', 27017) server_type: Unknown, rtt: None, error=AutoReconnect('ac-bzbe2he-shard-00-02.axv5efh.mongodb.net:27017: [Errno 11001] getaddrinfo failed (configured timeouts: socketTimeoutMS: 20000.0ms, connectTimeoutMS: 20000.0ms)')>]>
2025-09-04 22:19:49,004 - app - ERROR - find_by_time_range:107 - Error obteniendo documentos por rango: ac-bzbe2he-shard-00-00.axv5efh.mongodb.net:27017: [Errno 11001] getaddrinfo failed (configured timeouts: socketTimeoutMS: 20000.0ms, connectTimeoutMS: 20000.0ms),ac-bzbe2he-shard-00-02.axv5efh.mongodb.net:27017: [Errno 11001] getaddrinfo failed (configured timeouts: socketTimeoutMS: 20000.0ms, connectTimeoutMS: 20000.0ms),ac-bzbe2he-shard-00-01.axv5efh.mongodb.net:27017: [Errno 11001] getaddrinfo failed (configured timeouts: socketTimeoutMS: 20000.0ms, connectTimeoutMS: 20000.0ms), Timeout: 30s, Topology Description: <TopologyDescription id: 68ba165bbaa123beb19ae4fc, topology_type: ReplicaSetNoPrimary, servers: [<ServerDescription ('ac-bzbe2he-shard-00-00.axv5efh.mongodb.net', 27017) server_type: Unknown, rtt: None, error=AutoReconnect('ac-bzbe2he-shard-00-00.axv5efh.mongodb.net:27017: [Errno 11001] getaddrinfo failed (configured timeouts: socketTimeoutMS: 20000.0ms, connectTimeoutMS: 20000.0ms)')>, <ServerDescription ('ac-bzbe2he-shard-00-01.axv5efh.mongodb.net', 27017) server_type: Unknown, rtt: None, error=AutoReconnect('ac-bzbe2he-shard-00-01.axv5efh.mongodb.net:27017: [Errno 11001] getaddrinfo failed (configured timeouts: socketTimeoutMS: 20000.0ms, connectTimeoutMS: 20000.0ms)')>, <ServerDescription ('ac-bzbe2he-shard-00-02.axv5efh.mongodb.net', 27017) server_type: Unknown, rtt: None, error=AutoReconnect('ac-bzbe2he-shard-00-02.axv5efh.mongodb.net:27017: [Errno 11001] getaddrinfo failed (configured timeouts: socketTimeoutMS: 20000.0ms, connectTimeoutMS: 20000.0ms)')>]>
2025-09-04 22:19:57,861 - app - INFO - main:51 - 🛑 Cerrando aplicación...
2025-09-04 22:20:10,895 - app - INFO - configure_logging:52 - Sistema de logging configurado correctamente
2025-09-04 22:20:11,189 - app - INFO - register_blueprints:92 - Blueprints registrados correctamente
2025-09-04 22:20:11,190 - app - INFO - create_app:76 - Aplicación iniciada en modo: development
2025-09-04 22:20:11,190 - app - INFO - main:33 - 🚀 Iniciando aplicación en 0.0.0.0:5000
2025-09-04 22:20:11,191 - app - INFO - main:34 - 🔧 Modo: development
2025-09-04 22:20:11,191 - app - INFO - main:35 - 🐛 Debug: activado
2025-09-04 22:20:30,361 - app - INFO - configure_logging:52 - Sistema de logging configurado correctamente
2025-09-04 22:20:30,625 - app - INFO - register_blueprints:92 - Blueprints registrados correctamente
2025-09-04 22:20:30,625 - app - INFO - create_app:76 - Aplicación iniciada en modo: development
2025-09-04 22:20:30,626 - app - INFO - main:33 - 🚀 Iniciando aplicación en 0.0.0.0:5000
2025-09-04 22:20:30,627 - app - INFO - main:34 - 🔧 Modo: development
2025-09-04 22:20:30,628 - app - INFO - main:35 - 🐛 Debug: activado
2025-09-04 22:20:50,792 - app - ERROR - decorated_function:52 - Error en estadisticas_diarias: The resolution lifetime expired after 20.003 seconds: Server Do53:192.168.100.1@53 answered The DNS operation timed out.; Server Do53:190.90.1.90@53 answered The DNS operation timed out.; Server Do53:8.8.8.8@53 answered The DNS operation timed out.; Server Do53:192.168.0.1@53 answered The DNS operation timed out.; Server Do53:192.168.100.1@53 answered The DNS operation timed out.; Server Do53:190.90.1.90@53 answered The DNS operation timed out.; Server Do53:8.8.8.8@53 answered The DNS operation timed out.; Server Do53:192.168.0.1@53 answered The DNS operation timed out.; Server Do53:192.168.100.1@53 answered The DNS operation timed out.; Server Do53:190.90.1.90@53 answered The DNS operation timed out.
2025-09-04 22:20:50,807 - app - ERROR - decorated_function:52 - Error en obtener_alertas: The resolution lifetime expired after 20.003 seconds: Server Do53:192.168.100.1@53 answered The DNS operation timed out.; Server Do53:190.90.1.90@53 answered The DNS operation timed out.; Server Do53:8.8.8.8@53 answered The DNS operation timed out.; Server Do53:192.168.0.1@53 answered The DNS operation timed out.; Server Do53:192.168.100.1@53 answered The DNS operation timed out.; Server Do53:190.90.1.90@53 answered The DNS operation timed out.; Server Do53:8.8.8.8@53 answered The DNS operation timed out.; Server Do53:192.168.0.1@53 answered The DNS operation timed out.; Server Do53:192.168.100.1@53 answered The DNS operation timed out.; Server Do53:190.90.1.90@53 answered The DNS operation timed out.
2025-09-04 22:20:50,808 - app - ERROR - decorated_function:52 - Error en ultima_lectura: The resolution lifetime expired after 20.007 seconds: Server Do53:192.168.100.1@53 answered The DNS operation timed out.; Server Do53:190.90.1.90@53 answered The DNS operation timed out.; Server Do53:8.8.8.8@53 answered The DNS operation timed out.; Server Do53:192.168.0.1@53 answered The DNS operation timed out.; Server Do53:192.168.100.1@53 answered The DNS operation timed out.; Server Do53:190.90.1.90@53 answered The DNS operation timed out.; Server Do53:8.8.8.8@53 answered The DNS operation timed out.; Server Do53:192.168.0.1@53 answered The DNS operation timed out.; Server Do53:192.168.100.1@53 answered The DNS operation timed out.; Server Do53:190.90.1.90@53 answered The DNS operation timed out.
2025-09-04 22:20:50,809 - app - ERROR - decorated_function:52 - Error en rango_tiempo: The resolution lifetime expired after 20.015 seconds: Server Do53:192.168.100.1@53 answered The DNS operation timed out.; Server Do53:190.90.1.90@53 answered The DNS operation timed out.; Server Do53:8.8.8.8@53 answered The DNS operation timed out.; Server Do53:192.168.0.1@53 answered The DNS operation timed out.; Server Do53:192.168.100.1@53 answered The DNS operation timed out.; Server Do53:190.90.1.90@53 answered The DNS operation timed out.; Server Do53:8.8.8.8@53 answered The DNS operation timed out.; Server Do53:192.168.0.1@53 answered The DNS operation timed out.; Server Do53:192.168.100.1@53 answered The DNS operation timed out.; Server Do53:190.90.1.90@53 answered The DNS operation timed out.
2025-09-04 22:20:50,809 - app - ERROR - decorated_function:52 - Error en predicciones: The resolution lifetime expired after 20.003 seconds: Server Do53:192.168.100.1@53 answered The DNS operation timed out.; Server Do53:190.90.1.90@53 answered The DNS operation timed out.; Server Do53:8.8.8.8@53 answered The DNS operation timed out.; Server Do53:192.168.0.1@53 answered The DNS operation timed out.; Server Do53:192.168.100.1@53 answered The DNS operation timed out.; Server Do53:190.90.1.90@53 answered The DNS operation timed out.; Server Do53:8.8.8.8@53 answered The DNS operation timed out.; Server Do53:192.168.0.1@53 answered The DNS operation timed out.; Server Do53:192.168.100.1@53 answered The DNS operation timed out.; Server Do53:190.90.1.90@53 answered The DNS operation timed out.
2025-09-04 22:20:51,019 - app - ERROR - decorated_function:53 - Traceback: Traceback (most recent call last):
  File "C:\dev\sistema_arduino_nivel_agua\backend\backend-flask\app\utils\decorators.py", line 44, in decorated_function
    return f(*args, **kwargs)
  File "C:\dev\sistema_arduino_nivel_agua\backend\backend-flask\app\api\sensor_routes.py", line 130, in predicciones
    response, status_code = service_factory.sensor_controller.get_predicciones()
                            ^^^^^^^^^^^^^^^^^^^^^^^^^^^^^^^^^
  File "C:\dev\sistema_arduino_nivel_agua\backend\backend-flask\app\factory.py", line 63, in sensor_controller
    sensor_service=self.sensor_service
                   ^^^^^^^^^^^^^^^^^^^
  File "C:\dev\sistema_arduino_nivel_agua\backend\backend-flask\app\factory.py", line 54, in sensor_service
    repository=self.sensor_repository
               ^^^^^^^^^^^^^^^^^^^^^^
  File "C:\dev\sistema_arduino_nivel_agua\backend\backend-flask\app\factory.py", line 43, in sensor_repository
    client=self.mongo_client,
           ^^^^^^^^^^^^^^^^^
  File "C:\dev\sistema_arduino_nivel_agua\backend\backend-flask\app\factory.py", line 26, in mongo_client
    self._mongo_client = MongoClient(mongo_uri)
                         ~~~~~~~~~~~^^^^^^^^^^^
  File "C:\dev\sistema_arduino_nivel_agua\backend\backend-flask\venv\Lib\site-packages\pymongo\mongo_client.py", line 771, in __init__
    res = uri_parser.parse_uri(
        entity,
    ...<6 lines>...
        srv_max_hosts=srv_max_hosts,
    )
  File "C:\dev\sistema_arduino_nivel_agua\backend\backend-flask\venv\Lib\site-packages\pymongo\uri_parser.py", line 558, in parse_uri
    nodes = dns_resolver.get_hosts()
  File "C:\dev\sistema_arduino_nivel_agua\backend\backend-flask\venv\Lib\site-packages\pymongo\srv_resolver.py", line 131, in get_hosts
    _, nodes = self._get_srv_response_and_hosts(True)
               ~~~~~~~~~~~~~~~~~~~~~~~~~~~~~~~~^^^^^^
  File "C:\dev\sistema_arduino_nivel_agua\backend\backend-flask\venv\Lib\site-packages\pymongo\srv_resolver.py", line 111, in _get_srv_response_and_hosts
    results = self._resolve_uri(encapsulate_errors)
  File "C:\dev\sistema_arduino_nivel_agua\backend\backend-flask\venv\Lib\site-packages\pymongo\srv_resolver.py", line 105, in _resolve_uri
    raise ConfigurationError(str(exc)) from None
pymongo.errors.ConfigurationError: The resolution lifetime expired after 20.003 seconds: Server Do53:192.168.100.1@53 answered The DNS operation timed out.; Server Do53:190.90.1.90@53 answered The DNS operation timed out.; Server Do53:8.8.8.8@53 answered The DNS operation timed out.; Server Do53:192.168.0.1@53 answered The DNS operation timed out.; Server Do53:192.168.100.1@53 answered The DNS operation timed out.; Server Do53:190.90.1.90@53 answered The DNS operation timed out.; Server Do53:8.8.8.8@53 answered The DNS operation timed out.; Server Do53:192.168.0.1@53 answered The DNS operation timed out.; Server Do53:192.168.100.1@53 answered The DNS operation timed out.; Server Do53:190.90.1.90@53 answered The DNS operation timed out.

2025-09-04 22:20:51,023 - app - ERROR - decorated_function:53 - Traceback: Traceback (most recent call last):
  File "C:\dev\sistema_arduino_nivel_agua\backend\backend-flask\app\utils\decorators.py", line 44, in decorated_function
    return f(*args, **kwargs)
  File "C:\dev\sistema_arduino_nivel_agua\backend\backend-flask\app\api\sensor_routes.py", line 117, in ultima_lectura
    response, status_code = service_factory.sensor_controller.get_ultima_lectura()
                            ^^^^^^^^^^^^^^^^^^^^^^^^^^^^^^^^^
  File "C:\dev\sistema_arduino_nivel_agua\backend\backend-flask\app\factory.py", line 63, in sensor_controller
    sensor_service=self.sensor_service
                   ^^^^^^^^^^^^^^^^^^^
  File "C:\dev\sistema_arduino_nivel_agua\backend\backend-flask\app\factory.py", line 54, in sensor_service
    repository=self.sensor_repository
               ^^^^^^^^^^^^^^^^^^^^^^
  File "C:\dev\sistema_arduino_nivel_agua\backend\backend-flask\app\factory.py", line 43, in sensor_repository
    client=self.mongo_client,
           ^^^^^^^^^^^^^^^^^
  File "C:\dev\sistema_arduino_nivel_agua\backend\backend-flask\app\factory.py", line 26, in mongo_client
    self._mongo_client = MongoClient(mongo_uri)
                         ~~~~~~~~~~~^^^^^^^^^^^
  File "C:\dev\sistema_arduino_nivel_agua\backend\backend-flask\venv\Lib\site-packages\pymongo\mongo_client.py", line 771, in __init__
    res = uri_parser.parse_uri(
        entity,
    ...<6 lines>...
        srv_max_hosts=srv_max_hosts,
    )
  File "C:\dev\sistema_arduino_nivel_agua\backend\backend-flask\venv\Lib\site-packages\pymongo\uri_parser.py", line 558, in parse_uri
    nodes = dns_resolver.get_hosts()
  File "C:\dev\sistema_arduino_nivel_agua\backend\backend-flask\venv\Lib\site-packages\pymongo\srv_resolver.py", line 131, in get_hosts
    _, nodes = self._get_srv_response_and_hosts(True)
               ~~~~~~~~~~~~~~~~~~~~~~~~~~~~~~~~^^^^^^
  File "C:\dev\sistema_arduino_nivel_agua\backend\backend-flask\venv\Lib\site-packages\pymongo\srv_resolver.py", line 111, in _get_srv_response_and_hosts
    results = self._resolve_uri(encapsulate_errors)
  File "C:\dev\sistema_arduino_nivel_agua\backend\backend-flask\venv\Lib\site-packages\pymongo\srv_resolver.py", line 105, in _resolve_uri
    raise ConfigurationError(str(exc)) from None
pymongo.errors.ConfigurationError: The resolution lifetime expired after 20.007 seconds: Server Do53:192.168.100.1@53 answered The DNS operation timed out.; Server Do53:190.90.1.90@53 answered The DNS operation timed out.; Server Do53:8.8.8.8@53 answered The DNS operation timed out.; Server Do53:192.168.0.1@53 answered The DNS operation timed out.; Server Do53:192.168.100.1@53 answered The DNS operation timed out.; Server Do53:190.90.1.90@53 answered The DNS operation timed out.; Server Do53:8.8.8.8@53 answered The DNS operation timed out.; Server Do53:192.168.0.1@53 answered The DNS operation timed out.; Server Do53:192.168.100.1@53 answered The DNS operation timed out.; Server Do53:190.90.1.90@53 answered The DNS operation timed out.

2025-09-04 22:20:51,028 - app - ERROR - decorated_function:53 - Traceback: Traceback (most recent call last):
  File "C:\dev\sistema_arduino_nivel_agua\backend\backend-flask\app\utils\decorators.py", line 44, in decorated_function
    return f(*args, **kwargs)
  File "C:\dev\sistema_arduino_nivel_agua\backend\backend-flask\app\api\sensor_routes.py", line 104, in estadisticas_diarias
    response, status_code = service_factory.sensor_controller.get_estadisticas_diarias()
                            ^^^^^^^^^^^^^^^^^^^^^^^^^^^^^^^^^
  File "C:\dev\sistema_arduino_nivel_agua\backend\backend-flask\app\factory.py", line 63, in sensor_controller
    sensor_service=self.sensor_service
                   ^^^^^^^^^^^^^^^^^^^
  File "C:\dev\sistema_arduino_nivel_agua\backend\backend-flask\app\factory.py", line 54, in sensor_service
    repository=self.sensor_repository
               ^^^^^^^^^^^^^^^^^^^^^^
  File "C:\dev\sistema_arduino_nivel_agua\backend\backend-flask\app\factory.py", line 43, in sensor_repository
    client=self.mongo_client,
           ^^^^^^^^^^^^^^^^^
  File "C:\dev\sistema_arduino_nivel_agua\backend\backend-flask\app\factory.py", line 26, in mongo_client
    self._mongo_client = MongoClient(mongo_uri)
                         ~~~~~~~~~~~^^^^^^^^^^^
  File "C:\dev\sistema_arduino_nivel_agua\backend\backend-flask\venv\Lib\site-packages\pymongo\mongo_client.py", line 771, in __init__
    res = uri_parser.parse_uri(
        entity,
    ...<6 lines>...
        srv_max_hosts=srv_max_hosts,
    )
  File "C:\dev\sistema_arduino_nivel_agua\backend\backend-flask\venv\Lib\site-packages\pymongo\uri_parser.py", line 558, in parse_uri
    nodes = dns_resolver.get_hosts()
  File "C:\dev\sistema_arduino_nivel_agua\backend\backend-flask\venv\Lib\site-packages\pymongo\srv_resolver.py", line 131, in get_hosts
    _, nodes = self._get_srv_response_and_hosts(True)
               ~~~~~~~~~~~~~~~~~~~~~~~~~~~~~~~~^^^^^^
  File "C:\dev\sistema_arduino_nivel_agua\backend\backend-flask\venv\Lib\site-packages\pymongo\srv_resolver.py", line 111, in _get_srv_response_and_hosts
    results = self._resolve_uri(encapsulate_errors)
  File "C:\dev\sistema_arduino_nivel_agua\backend\backend-flask\venv\Lib\site-packages\pymongo\srv_resolver.py", line 105, in _resolve_uri
    raise ConfigurationError(str(exc)) from None
pymongo.errors.ConfigurationError: The resolution lifetime expired after 20.003 seconds: Server Do53:192.168.100.1@53 answered The DNS operation timed out.; Server Do53:190.90.1.90@53 answered The DNS operation timed out.; Server Do53:8.8.8.8@53 answered The DNS operation timed out.; Server Do53:192.168.0.1@53 answered The DNS operation timed out.; Server Do53:192.168.100.1@53 answered The DNS operation timed out.; Server Do53:190.90.1.90@53 answered The DNS operation timed out.; Server Do53:8.8.8.8@53 answered The DNS operation timed out.; Server Do53:192.168.0.1@53 answered The DNS operation timed out.; Server Do53:192.168.100.1@53 answered The DNS operation timed out.; Server Do53:190.90.1.90@53 answered The DNS operation timed out.

2025-09-04 22:20:51,033 - app - ERROR - decorated_function:53 - Traceback: Traceback (most recent call last):
  File "C:\dev\sistema_arduino_nivel_agua\backend\backend-flask\app\utils\decorators.py", line 44, in decorated_function
    return f(*args, **kwargs)
  File "C:\dev\sistema_arduino_nivel_agua\backend\backend-flask\app\api\sensor_routes.py", line 173, in obtener_alertas
    response, status_code = service_factory.sensor_controller.get_alertas()
                            ^^^^^^^^^^^^^^^^^^^^^^^^^^^^^^^^^
  File "C:\dev\sistema_arduino_nivel_agua\backend\backend-flask\app\factory.py", line 63, in sensor_controller
    sensor_service=self.sensor_service
                   ^^^^^^^^^^^^^^^^^^^
  File "C:\dev\sistema_arduino_nivel_agua\backend\backend-flask\app\factory.py", line 54, in sensor_service
    repository=self.sensor_repository
               ^^^^^^^^^^^^^^^^^^^^^^
  File "C:\dev\sistema_arduino_nivel_agua\backend\backend-flask\app\factory.py", line 43, in sensor_repository
    client=self.mongo_client,
           ^^^^^^^^^^^^^^^^^
  File "C:\dev\sistema_arduino_nivel_agua\backend\backend-flask\app\factory.py", line 26, in mongo_client
    self._mongo_client = MongoClient(mongo_uri)
                         ~~~~~~~~~~~^^^^^^^^^^^
  File "C:\dev\sistema_arduino_nivel_agua\backend\backend-flask\venv\Lib\site-packages\pymongo\mongo_client.py", line 771, in __init__
    res = uri_parser.parse_uri(
        entity,
    ...<6 lines>...
        srv_max_hosts=srv_max_hosts,
    )
  File "C:\dev\sistema_arduino_nivel_agua\backend\backend-flask\venv\Lib\site-packages\pymongo\uri_parser.py", line 558, in parse_uri
    nodes = dns_resolver.get_hosts()
  File "C:\dev\sistema_arduino_nivel_agua\backend\backend-flask\venv\Lib\site-packages\pymongo\srv_resolver.py", line 131, in get_hosts
    _, nodes = self._get_srv_response_and_hosts(True)
               ~~~~~~~~~~~~~~~~~~~~~~~~~~~~~~~~^^^^^^
  File "C:\dev\sistema_arduino_nivel_agua\backend\backend-flask\venv\Lib\site-packages\pymongo\srv_resolver.py", line 111, in _get_srv_response_and_hosts
    results = self._resolve_uri(encapsulate_errors)
  File "C:\dev\sistema_arduino_nivel_agua\backend\backend-flask\venv\Lib\site-packages\pymongo\srv_resolver.py", line 105, in _resolve_uri
    raise ConfigurationError(str(exc)) from None
pymongo.errors.ConfigurationError: The resolution lifetime expired after 20.003 seconds: Server Do53:192.168.100.1@53 answered The DNS operation timed out.; Server Do53:190.90.1.90@53 answered The DNS operation timed out.; Server Do53:8.8.8.8@53 answered The DNS operation timed out.; Server Do53:192.168.0.1@53 answered The DNS operation timed out.; Server Do53:192.168.100.1@53 answered The DNS operation timed out.; Server Do53:190.90.1.90@53 answered The DNS operation timed out.; Server Do53:8.8.8.8@53 answered The DNS operation timed out.; Server Do53:192.168.0.1@53 answered The DNS operation timed out.; Server Do53:192.168.100.1@53 answered The DNS operation timed out.; Server Do53:190.90.1.90@53 answered The DNS operation timed out.

2025-09-04 22:20:51,036 - app - ERROR - decorated_function:53 - Traceback: Traceback (most recent call last):
  File "C:\dev\sistema_arduino_nivel_agua\backend\backend-flask\app\utils\decorators.py", line 44, in decorated_function
    return f(*args, **kwargs)
  File "C:\dev\sistema_arduino_nivel_agua\backend\backend-flask\app\api\sensor_routes.py", line 91, in rango_tiempo
    response, status_code = service_factory.sensor_controller.get_lecturas_rango(rango)
                            ^^^^^^^^^^^^^^^^^^^^^^^^^^^^^^^^^
  File "C:\dev\sistema_arduino_nivel_agua\backend\backend-flask\app\factory.py", line 63, in sensor_controller
    sensor_service=self.sensor_service
                   ^^^^^^^^^^^^^^^^^^^
  File "C:\dev\sistema_arduino_nivel_agua\backend\backend-flask\app\factory.py", line 54, in sensor_service
    repository=self.sensor_repository
               ^^^^^^^^^^^^^^^^^^^^^^
  File "C:\dev\sistema_arduino_nivel_agua\backend\backend-flask\app\factory.py", line 43, in sensor_repository
    client=self.mongo_client,
           ^^^^^^^^^^^^^^^^^
  File "C:\dev\sistema_arduino_nivel_agua\backend\backend-flask\app\factory.py", line 26, in mongo_client
    self._mongo_client = MongoClient(mongo_uri)
                         ~~~~~~~~~~~^^^^^^^^^^^
  File "C:\dev\sistema_arduino_nivel_agua\backend\backend-flask\venv\Lib\site-packages\pymongo\mongo_client.py", line 771, in __init__
    res = uri_parser.parse_uri(
        entity,
    ...<6 lines>...
        srv_max_hosts=srv_max_hosts,
    )
  File "C:\dev\sistema_arduino_nivel_agua\backend\backend-flask\venv\Lib\site-packages\pymongo\uri_parser.py", line 558, in parse_uri
    nodes = dns_resolver.get_hosts()
  File "C:\dev\sistema_arduino_nivel_agua\backend\backend-flask\venv\Lib\site-packages\pymongo\srv_resolver.py", line 131, in get_hosts
    _, nodes = self._get_srv_response_and_hosts(True)
               ~~~~~~~~~~~~~~~~~~~~~~~~~~~~~~~~^^^^^^
  File "C:\dev\sistema_arduino_nivel_agua\backend\backend-flask\venv\Lib\site-packages\pymongo\srv_resolver.py", line 111, in _get_srv_response_and_hosts
    results = self._resolve_uri(encapsulate_errors)
  File "C:\dev\sistema_arduino_nivel_agua\backend\backend-flask\venv\Lib\site-packages\pymongo\srv_resolver.py", line 105, in _resolve_uri
    raise ConfigurationError(str(exc)) from None
pymongo.errors.ConfigurationError: The resolution lifetime expired after 20.015 seconds: Server Do53:192.168.100.1@53 answered The DNS operation timed out.; Server Do53:190.90.1.90@53 answered The DNS operation timed out.; Server Do53:8.8.8.8@53 answered The DNS operation timed out.; Server Do53:192.168.0.1@53 answered The DNS operation timed out.; Server Do53:192.168.100.1@53 answered The DNS operation timed out.; Server Do53:190.90.1.90@53 answered The DNS operation timed out.; Server Do53:8.8.8.8@53 answered The DNS operation timed out.; Server Do53:192.168.0.1@53 answered The DNS operation timed out.; Server Do53:192.168.100.1@53 answered The DNS operation timed out.; Server Do53:190.90.1.90@53 answered The DNS operation timed out.

2025-09-04 22:20:52,270 - app - ERROR - decorated_function:52 - Error en ultima_lectura: The resolution lifetime expired after 20.005 seconds: Server Do53:192.168.100.1@53 answered The DNS operation timed out.; Server Do53:190.90.1.90@53 answered The DNS operation timed out.; Server Do53:8.8.8.8@53 answered The DNS operation timed out.; Server Do53:192.168.0.1@53 answered The DNS operation timed out.; Server Do53:192.168.100.1@53 answered The DNS operation timed out.; Server Do53:190.90.1.90@53 answered The DNS operation timed out.; Server Do53:8.8.8.8@53 answered The DNS operation timed out.; Server Do53:192.168.0.1@53 answered The DNS operation timed out.; Server Do53:192.168.100.1@53 answered The DNS operation timed out.; Server Do53:190.90.1.90@53 answered The DNS operation timed out.
2025-09-04 22:20:52,274 - app - ERROR - decorated_function:53 - Traceback: Traceback (most recent call last):
  File "C:\dev\sistema_arduino_nivel_agua\backend\backend-flask\app\utils\decorators.py", line 44, in decorated_function
    return f(*args, **kwargs)
  File "C:\dev\sistema_arduino_nivel_agua\backend\backend-flask\app\api\sensor_routes.py", line 117, in ultima_lectura
    response, status_code = service_factory.sensor_controller.get_ultima_lectura()
                            ^^^^^^^^^^^^^^^^^^^^^^^^^^^^^^^^^
  File "C:\dev\sistema_arduino_nivel_agua\backend\backend-flask\app\factory.py", line 63, in sensor_controller
    sensor_service=self.sensor_service
                   ^^^^^^^^^^^^^^^^^^^
  File "C:\dev\sistema_arduino_nivel_agua\backend\backend-flask\app\factory.py", line 54, in sensor_service
    repository=self.sensor_repository
               ^^^^^^^^^^^^^^^^^^^^^^
  File "C:\dev\sistema_arduino_nivel_agua\backend\backend-flask\app\factory.py", line 43, in sensor_repository
    client=self.mongo_client,
           ^^^^^^^^^^^^^^^^^
  File "C:\dev\sistema_arduino_nivel_agua\backend\backend-flask\app\factory.py", line 26, in mongo_client
    self._mongo_client = MongoClient(mongo_uri)
                         ~~~~~~~~~~~^^^^^^^^^^^
  File "C:\dev\sistema_arduino_nivel_agua\backend\backend-flask\venv\Lib\site-packages\pymongo\mongo_client.py", line 771, in __init__
    res = uri_parser.parse_uri(
        entity,
    ...<6 lines>...
        srv_max_hosts=srv_max_hosts,
    )
  File "C:\dev\sistema_arduino_nivel_agua\backend\backend-flask\venv\Lib\site-packages\pymongo\uri_parser.py", line 558, in parse_uri
    nodes = dns_resolver.get_hosts()
  File "C:\dev\sistema_arduino_nivel_agua\backend\backend-flask\venv\Lib\site-packages\pymongo\srv_resolver.py", line 131, in get_hosts
    _, nodes = self._get_srv_response_and_hosts(True)
               ~~~~~~~~~~~~~~~~~~~~~~~~~~~~~~~~^^^^^^
  File "C:\dev\sistema_arduino_nivel_agua\backend\backend-flask\venv\Lib\site-packages\pymongo\srv_resolver.py", line 111, in _get_srv_response_and_hosts
    results = self._resolve_uri(encapsulate_errors)
  File "C:\dev\sistema_arduino_nivel_agua\backend\backend-flask\venv\Lib\site-packages\pymongo\srv_resolver.py", line 105, in _resolve_uri
    raise ConfigurationError(str(exc)) from None
pymongo.errors.ConfigurationError: The resolution lifetime expired after 20.005 seconds: Server Do53:192.168.100.1@53 answered The DNS operation timed out.; Server Do53:190.90.1.90@53 answered The DNS operation timed out.; Server Do53:8.8.8.8@53 answered The DNS operation timed out.; Server Do53:192.168.0.1@53 answered The DNS operation timed out.; Server Do53:192.168.100.1@53 answered The DNS operation timed out.; Server Do53:190.90.1.90@53 answered The DNS operation timed out.; Server Do53:8.8.8.8@53 answered The DNS operation timed out.; Server Do53:192.168.0.1@53 answered The DNS operation timed out.; Server Do53:192.168.100.1@53 answered The DNS operation timed out.; Server Do53:190.90.1.90@53 answered The DNS operation timed out.

2025-09-04 22:20:56,425 - app - ERROR - decorated_function:52 - Error en predicciones: The resolution lifetime expired after 20.001 seconds: Server Do53:192.168.100.1@53 answered The DNS operation timed out.; Server Do53:190.90.1.90@53 answered The DNS operation timed out.; Server Do53:8.8.8.8@53 answered The DNS operation timed out.; Server Do53:192.168.0.1@53 answered The DNS operation timed out.; Server Do53:192.168.100.1@53 answered The DNS operation timed out.; Server Do53:190.90.1.90@53 answered The DNS operation timed out.; Server Do53:8.8.8.8@53 answered The DNS operation timed out.; Server Do53:192.168.0.1@53 answered The DNS operation timed out.; Server Do53:192.168.100.1@53 answered The DNS operation timed out.; Server Do53:190.90.1.90@53 answered The DNS operation timed out.
2025-09-04 22:20:56,426 - app - ERROR - decorated_function:52 - Error en estadisticas_diarias: The resolution lifetime expired after 20.004 seconds: Server Do53:192.168.100.1@53 answered The DNS operation timed out.; Server Do53:190.90.1.90@53 answered The DNS operation timed out.; Server Do53:8.8.8.8@53 answered The DNS operation timed out.; Server Do53:192.168.0.1@53 answered The DNS operation timed out.; Server Do53:192.168.100.1@53 answered The DNS operation timed out.; Server Do53:190.90.1.90@53 answered The DNS operation timed out.; Server Do53:8.8.8.8@53 answered The DNS operation timed out.; Server Do53:192.168.0.1@53 answered The DNS operation timed out.; Server Do53:192.168.100.1@53 answered The DNS operation timed out.; Server Do53:190.90.1.90@53 answered The DNS operation timed out.
2025-09-04 22:20:56,426 - app - ERROR - decorated_function:52 - Error en ultima_lectura: The resolution lifetime expired after 20.007 seconds: Server Do53:192.168.100.1@53 answered The DNS operation timed out.; Server Do53:190.90.1.90@53 answered The DNS operation timed out.; Server Do53:8.8.8.8@53 answered The DNS operation timed out.; Server Do53:192.168.0.1@53 answered The DNS operation timed out.; Server Do53:192.168.100.1@53 answered The DNS operation timed out.; Server Do53:190.90.1.90@53 answered The DNS operation timed out.; Server Do53:8.8.8.8@53 answered The DNS operation timed out.; Server Do53:192.168.0.1@53 answered The DNS operation timed out.; Server Do53:192.168.100.1@53 answered The DNS operation timed out.; Server Do53:190.90.1.90@53 answered The DNS operation timed out.
2025-09-04 22:20:56,435 - app - ERROR - decorated_function:53 - Traceback: Traceback (most recent call last):
  File "C:\dev\sistema_arduino_nivel_agua\backend\backend-flask\app\utils\decorators.py", line 44, in decorated_function
    return f(*args, **kwargs)
  File "C:\dev\sistema_arduino_nivel_agua\backend\backend-flask\app\api\sensor_routes.py", line 130, in predicciones
    response, status_code = service_factory.sensor_controller.get_predicciones()
                            ^^^^^^^^^^^^^^^^^^^^^^^^^^^^^^^^^
  File "C:\dev\sistema_arduino_nivel_agua\backend\backend-flask\app\factory.py", line 63, in sensor_controller
    sensor_service=self.sensor_service
                   ^^^^^^^^^^^^^^^^^^^
  File "C:\dev\sistema_arduino_nivel_agua\backend\backend-flask\app\factory.py", line 54, in sensor_service
    repository=self.sensor_repository
               ^^^^^^^^^^^^^^^^^^^^^^
  File "C:\dev\sistema_arduino_nivel_agua\backend\backend-flask\app\factory.py", line 43, in sensor_repository
    client=self.mongo_client,
           ^^^^^^^^^^^^^^^^^
  File "C:\dev\sistema_arduino_nivel_agua\backend\backend-flask\app\factory.py", line 26, in mongo_client
    self._mongo_client = MongoClient(mongo_uri)
                         ~~~~~~~~~~~^^^^^^^^^^^
  File "C:\dev\sistema_arduino_nivel_agua\backend\backend-flask\venv\Lib\site-packages\pymongo\mongo_client.py", line 771, in __init__
    res = uri_parser.parse_uri(
        entity,
    ...<6 lines>...
        srv_max_hosts=srv_max_hosts,
    )
  File "C:\dev\sistema_arduino_nivel_agua\backend\backend-flask\venv\Lib\site-packages\pymongo\uri_parser.py", line 558, in parse_uri
    nodes = dns_resolver.get_hosts()
  File "C:\dev\sistema_arduino_nivel_agua\backend\backend-flask\venv\Lib\site-packages\pymongo\srv_resolver.py", line 131, in get_hosts
    _, nodes = self._get_srv_response_and_hosts(True)
               ~~~~~~~~~~~~~~~~~~~~~~~~~~~~~~~~^^^^^^
  File "C:\dev\sistema_arduino_nivel_agua\backend\backend-flask\venv\Lib\site-packages\pymongo\srv_resolver.py", line 111, in _get_srv_response_and_hosts
    results = self._resolve_uri(encapsulate_errors)
  File "C:\dev\sistema_arduino_nivel_agua\backend\backend-flask\venv\Lib\site-packages\pymongo\srv_resolver.py", line 105, in _resolve_uri
    raise ConfigurationError(str(exc)) from None
pymongo.errors.ConfigurationError: The resolution lifetime expired after 20.001 seconds: Server Do53:192.168.100.1@53 answered The DNS operation timed out.; Server Do53:190.90.1.90@53 answered The DNS operation timed out.; Server Do53:8.8.8.8@53 answered The DNS operation timed out.; Server Do53:192.168.0.1@53 answered The DNS operation timed out.; Server Do53:192.168.100.1@53 answered The DNS operation timed out.; Server Do53:190.90.1.90@53 answered The DNS operation timed out.; Server Do53:8.8.8.8@53 answered The DNS operation timed out.; Server Do53:192.168.0.1@53 answered The DNS operation timed out.; Server Do53:192.168.100.1@53 answered The DNS operation timed out.; Server Do53:190.90.1.90@53 answered The DNS operation timed out.

2025-09-04 22:20:56,438 - app - ERROR - decorated_function:53 - Traceback: Traceback (most recent call last):
  File "C:\dev\sistema_arduino_nivel_agua\backend\backend-flask\app\utils\decorators.py", line 44, in decorated_function
    return f(*args, **kwargs)
  File "C:\dev\sistema_arduino_nivel_agua\backend\backend-flask\app\api\sensor_routes.py", line 104, in estadisticas_diarias
    response, status_code = service_factory.sensor_controller.get_estadisticas_diarias()
                            ^^^^^^^^^^^^^^^^^^^^^^^^^^^^^^^^^
  File "C:\dev\sistema_arduino_nivel_agua\backend\backend-flask\app\factory.py", line 63, in sensor_controller
    sensor_service=self.sensor_service
                   ^^^^^^^^^^^^^^^^^^^
  File "C:\dev\sistema_arduino_nivel_agua\backend\backend-flask\app\factory.py", line 54, in sensor_service
    repository=self.sensor_repository
               ^^^^^^^^^^^^^^^^^^^^^^
  File "C:\dev\sistema_arduino_nivel_agua\backend\backend-flask\app\factory.py", line 43, in sensor_repository
    client=self.mongo_client,
           ^^^^^^^^^^^^^^^^^
  File "C:\dev\sistema_arduino_nivel_agua\backend\backend-flask\app\factory.py", line 26, in mongo_client
    self._mongo_client = MongoClient(mongo_uri)
                         ~~~~~~~~~~~^^^^^^^^^^^
  File "C:\dev\sistema_arduino_nivel_agua\backend\backend-flask\venv\Lib\site-packages\pymongo\mongo_client.py", line 771, in __init__
    res = uri_parser.parse_uri(
        entity,
    ...<6 lines>...
        srv_max_hosts=srv_max_hosts,
    )
  File "C:\dev\sistema_arduino_nivel_agua\backend\backend-flask\venv\Lib\site-packages\pymongo\uri_parser.py", line 558, in parse_uri
    nodes = dns_resolver.get_hosts()
  File "C:\dev\sistema_arduino_nivel_agua\backend\backend-flask\venv\Lib\site-packages\pymongo\srv_resolver.py", line 131, in get_hosts
    _, nodes = self._get_srv_response_and_hosts(True)
               ~~~~~~~~~~~~~~~~~~~~~~~~~~~~~~~~^^^^^^
  File "C:\dev\sistema_arduino_nivel_agua\backend\backend-flask\venv\Lib\site-packages\pymongo\srv_resolver.py", line 111, in _get_srv_response_and_hosts
    results = self._resolve_uri(encapsulate_errors)
  File "C:\dev\sistema_arduino_nivel_agua\backend\backend-flask\venv\Lib\site-packages\pymongo\srv_resolver.py", line 105, in _resolve_uri
    raise ConfigurationError(str(exc)) from None
pymongo.errors.ConfigurationError: The resolution lifetime expired after 20.004 seconds: Server Do53:192.168.100.1@53 answered The DNS operation timed out.; Server Do53:190.90.1.90@53 answered The DNS operation timed out.; Server Do53:8.8.8.8@53 answered The DNS operation timed out.; Server Do53:192.168.0.1@53 answered The DNS operation timed out.; Server Do53:192.168.100.1@53 answered The DNS operation timed out.; Server Do53:190.90.1.90@53 answered The DNS operation timed out.; Server Do53:8.8.8.8@53 answered The DNS operation timed out.; Server Do53:192.168.0.1@53 answered The DNS operation timed out.; Server Do53:192.168.100.1@53 answered The DNS operation timed out.; Server Do53:190.90.1.90@53 answered The DNS operation timed out.

2025-09-04 22:20:56,440 - app - ERROR - decorated_function:52 - Error en obtener_alertas: The resolution lifetime expired after 20.014 seconds: Server Do53:192.168.100.1@53 answered The DNS operation timed out.; Server Do53:190.90.1.90@53 answered The DNS operation timed out.; Server Do53:8.8.8.8@53 answered The DNS operation timed out.; Server Do53:192.168.0.1@53 answered The DNS operation timed out.; Server Do53:192.168.100.1@53 answered The DNS operation timed out.; Server Do53:190.90.1.90@53 answered The DNS operation timed out.; Server Do53:8.8.8.8@53 answered The DNS operation timed out.; Server Do53:192.168.0.1@53 answered The DNS operation timed out.; Server Do53:192.168.100.1@53 answered The DNS operation timed out.; Server Do53:190.90.1.90@53 answered The DNS operation timed out.
2025-09-04 22:20:56,444 - app - ERROR - decorated_function:53 - Traceback: Traceback (most recent call last):
  File "C:\dev\sistema_arduino_nivel_agua\backend\backend-flask\app\utils\decorators.py", line 44, in decorated_function
    return f(*args, **kwargs)
  File "C:\dev\sistema_arduino_nivel_agua\backend\backend-flask\app\api\sensor_routes.py", line 117, in ultima_lectura
    response, status_code = service_factory.sensor_controller.get_ultima_lectura()
                            ^^^^^^^^^^^^^^^^^^^^^^^^^^^^^^^^^
  File "C:\dev\sistema_arduino_nivel_agua\backend\backend-flask\app\factory.py", line 63, in sensor_controller
    sensor_service=self.sensor_service
                   ^^^^^^^^^^^^^^^^^^^
  File "C:\dev\sistema_arduino_nivel_agua\backend\backend-flask\app\factory.py", line 54, in sensor_service
    repository=self.sensor_repository
               ^^^^^^^^^^^^^^^^^^^^^^
  File "C:\dev\sistema_arduino_nivel_agua\backend\backend-flask\app\factory.py", line 43, in sensor_repository
    client=self.mongo_client,
           ^^^^^^^^^^^^^^^^^
  File "C:\dev\sistema_arduino_nivel_agua\backend\backend-flask\app\factory.py", line 26, in mongo_client
    self._mongo_client = MongoClient(mongo_uri)
                         ~~~~~~~~~~~^^^^^^^^^^^
  File "C:\dev\sistema_arduino_nivel_agua\backend\backend-flask\venv\Lib\site-packages\pymongo\mongo_client.py", line 771, in __init__
    res = uri_parser.parse_uri(
        entity,
    ...<6 lines>...
        srv_max_hosts=srv_max_hosts,
    )
  File "C:\dev\sistema_arduino_nivel_agua\backend\backend-flask\venv\Lib\site-packages\pymongo\uri_parser.py", line 558, in parse_uri
    nodes = dns_resolver.get_hosts()
  File "C:\dev\sistema_arduino_nivel_agua\backend\backend-flask\venv\Lib\site-packages\pymongo\srv_resolver.py", line 131, in get_hosts
    _, nodes = self._get_srv_response_and_hosts(True)
               ~~~~~~~~~~~~~~~~~~~~~~~~~~~~~~~~^^^^^^
  File "C:\dev\sistema_arduino_nivel_agua\backend\backend-flask\venv\Lib\site-packages\pymongo\srv_resolver.py", line 111, in _get_srv_response_and_hosts
    results = self._resolve_uri(encapsulate_errors)
  File "C:\dev\sistema_arduino_nivel_agua\backend\backend-flask\venv\Lib\site-packages\pymongo\srv_resolver.py", line 105, in _resolve_uri
    raise ConfigurationError(str(exc)) from None
pymongo.errors.ConfigurationError: The resolution lifetime expired after 20.007 seconds: Server Do53:192.168.100.1@53 answered The DNS operation timed out.; Server Do53:190.90.1.90@53 answered The DNS operation timed out.; Server Do53:8.8.8.8@53 answered The DNS operation timed out.; Server Do53:192.168.0.1@53 answered The DNS operation timed out.; Server Do53:192.168.100.1@53 answered The DNS operation timed out.; Server Do53:190.90.1.90@53 answered The DNS operation timed out.; Server Do53:8.8.8.8@53 answered The DNS operation timed out.; Server Do53:192.168.0.1@53 answered The DNS operation timed out.; Server Do53:192.168.100.1@53 answered The DNS operation timed out.; Server Do53:190.90.1.90@53 answered The DNS operation timed out.

2025-09-04 22:20:56,457 - app - ERROR - decorated_function:53 - Traceback: Traceback (most recent call last):
  File "C:\dev\sistema_arduino_nivel_agua\backend\backend-flask\app\utils\decorators.py", line 44, in decorated_function
    return f(*args, **kwargs)
  File "C:\dev\sistema_arduino_nivel_agua\backend\backend-flask\app\api\sensor_routes.py", line 173, in obtener_alertas
    response, status_code = service_factory.sensor_controller.get_alertas()
                            ^^^^^^^^^^^^^^^^^^^^^^^^^^^^^^^^^
  File "C:\dev\sistema_arduino_nivel_agua\backend\backend-flask\app\factory.py", line 63, in sensor_controller
    sensor_service=self.sensor_service
                   ^^^^^^^^^^^^^^^^^^^
  File "C:\dev\sistema_arduino_nivel_agua\backend\backend-flask\app\factory.py", line 54, in sensor_service
    repository=self.sensor_repository
               ^^^^^^^^^^^^^^^^^^^^^^
  File "C:\dev\sistema_arduino_nivel_agua\backend\backend-flask\app\factory.py", line 43, in sensor_repository
    client=self.mongo_client,
           ^^^^^^^^^^^^^^^^^
  File "C:\dev\sistema_arduino_nivel_agua\backend\backend-flask\app\factory.py", line 26, in mongo_client
    self._mongo_client = MongoClient(mongo_uri)
                         ~~~~~~~~~~~^^^^^^^^^^^
  File "C:\dev\sistema_arduino_nivel_agua\backend\backend-flask\venv\Lib\site-packages\pymongo\mongo_client.py", line 771, in __init__
    res = uri_parser.parse_uri(
        entity,
    ...<6 lines>...
        srv_max_hosts=srv_max_hosts,
    )
  File "C:\dev\sistema_arduino_nivel_agua\backend\backend-flask\venv\Lib\site-packages\pymongo\uri_parser.py", line 558, in parse_uri
    nodes = dns_resolver.get_hosts()
  File "C:\dev\sistema_arduino_nivel_agua\backend\backend-flask\venv\Lib\site-packages\pymongo\srv_resolver.py", line 131, in get_hosts
    _, nodes = self._get_srv_response_and_hosts(True)
               ~~~~~~~~~~~~~~~~~~~~~~~~~~~~~~~~^^^^^^
  File "C:\dev\sistema_arduino_nivel_agua\backend\backend-flask\venv\Lib\site-packages\pymongo\srv_resolver.py", line 111, in _get_srv_response_and_hosts
    results = self._resolve_uri(encapsulate_errors)
  File "C:\dev\sistema_arduino_nivel_agua\backend\backend-flask\venv\Lib\site-packages\pymongo\srv_resolver.py", line 105, in _resolve_uri
    raise ConfigurationError(str(exc)) from None
pymongo.errors.ConfigurationError: The resolution lifetime expired after 20.014 seconds: Server Do53:192.168.100.1@53 answered The DNS operation timed out.; Server Do53:190.90.1.90@53 answered The DNS operation timed out.; Server Do53:8.8.8.8@53 answered The DNS operation timed out.; Server Do53:192.168.0.1@53 answered The DNS operation timed out.; Server Do53:192.168.100.1@53 answered The DNS operation timed out.; Server Do53:190.90.1.90@53 answered The DNS operation timed out.; Server Do53:8.8.8.8@53 answered The DNS operation timed out.; Server Do53:192.168.0.1@53 answered The DNS operation timed out.; Server Do53:192.168.100.1@53 answered The DNS operation timed out.; Server Do53:190.90.1.90@53 answered The DNS operation timed out.

2025-09-04 22:20:56,737 - app - ERROR - decorated_function:52 - Error en rango_tiempo: The resolution lifetime expired after 20.001 seconds: Server Do53:192.168.100.1@53 answered The DNS operation timed out.; Server Do53:190.90.1.90@53 answered The DNS operation timed out.; Server Do53:8.8.8.8@53 answered The DNS operation timed out.; Server Do53:192.168.0.1@53 answered The DNS operation timed out.; Server Do53:192.168.100.1@53 answered The DNS operation timed out.; Server Do53:190.90.1.90@53 answered The DNS operation timed out.; Server Do53:8.8.8.8@53 answered The DNS operation timed out.; Server Do53:192.168.0.1@53 answered The DNS operation timed out.; Server Do53:192.168.100.1@53 answered The DNS operation timed out.; Server Do53:190.90.1.90@53 answered The DNS operation timed out.
2025-09-04 22:20:56,743 - app - ERROR - decorated_function:53 - Traceback: Traceback (most recent call last):
  File "C:\dev\sistema_arduino_nivel_agua\backend\backend-flask\app\utils\decorators.py", line 44, in decorated_function
    return f(*args, **kwargs)
  File "C:\dev\sistema_arduino_nivel_agua\backend\backend-flask\app\api\sensor_routes.py", line 91, in rango_tiempo
    response, status_code = service_factory.sensor_controller.get_lecturas_rango(rango)
                            ^^^^^^^^^^^^^^^^^^^^^^^^^^^^^^^^^
  File "C:\dev\sistema_arduino_nivel_agua\backend\backend-flask\app\factory.py", line 63, in sensor_controller
    sensor_service=self.sensor_service
                   ^^^^^^^^^^^^^^^^^^^
  File "C:\dev\sistema_arduino_nivel_agua\backend\backend-flask\app\factory.py", line 54, in sensor_service
    repository=self.sensor_repository
               ^^^^^^^^^^^^^^^^^^^^^^
  File "C:\dev\sistema_arduino_nivel_agua\backend\backend-flask\app\factory.py", line 43, in sensor_repository
    client=self.mongo_client,
           ^^^^^^^^^^^^^^^^^
  File "C:\dev\sistema_arduino_nivel_agua\backend\backend-flask\app\factory.py", line 26, in mongo_client
    self._mongo_client = MongoClient(mongo_uri)
                         ~~~~~~~~~~~^^^^^^^^^^^
  File "C:\dev\sistema_arduino_nivel_agua\backend\backend-flask\venv\Lib\site-packages\pymongo\mongo_client.py", line 771, in __init__
    res = uri_parser.parse_uri(
        entity,
    ...<6 lines>...
        srv_max_hosts=srv_max_hosts,
    )
  File "C:\dev\sistema_arduino_nivel_agua\backend\backend-flask\venv\Lib\site-packages\pymongo\uri_parser.py", line 558, in parse_uri
    nodes = dns_resolver.get_hosts()
  File "C:\dev\sistema_arduino_nivel_agua\backend\backend-flask\venv\Lib\site-packages\pymongo\srv_resolver.py", line 131, in get_hosts
    _, nodes = self._get_srv_response_and_hosts(True)
               ~~~~~~~~~~~~~~~~~~~~~~~~~~~~~~~~^^^^^^
  File "C:\dev\sistema_arduino_nivel_agua\backend\backend-flask\venv\Lib\site-packages\pymongo\srv_resolver.py", line 111, in _get_srv_response_and_hosts
    results = self._resolve_uri(encapsulate_errors)
  File "C:\dev\sistema_arduino_nivel_agua\backend\backend-flask\venv\Lib\site-packages\pymongo\srv_resolver.py", line 105, in _resolve_uri
    raise ConfigurationError(str(exc)) from None
pymongo.errors.ConfigurationError: The resolution lifetime expired after 20.001 seconds: Server Do53:192.168.100.1@53 answered The DNS operation timed out.; Server Do53:190.90.1.90@53 answered The DNS operation timed out.; Server Do53:8.8.8.8@53 answered The DNS operation timed out.; Server Do53:192.168.0.1@53 answered The DNS operation timed out.; Server Do53:192.168.100.1@53 answered The DNS operation timed out.; Server Do53:190.90.1.90@53 answered The DNS operation timed out.; Server Do53:8.8.8.8@53 answered The DNS operation timed out.; Server Do53:192.168.0.1@53 answered The DNS operation timed out.; Server Do53:192.168.100.1@53 answered The DNS operation timed out.; Server Do53:190.90.1.90@53 answered The DNS operation timed out.

2025-09-04 22:21:24,751 - app - INFO - mongo_client:31 - ✅ Conexión a MongoDB establecida
2025-09-04 22:21:25,391 - app - INFO - _ensure_indexes:46 - Índices de MongoDB verificados/creados
2025-09-04 22:21:25,398 - app - INFO - __init__:17 - PredictionService inicializado
2025-09-04 22:21:25,403 - app - INFO - __init__:31 - SensorService inicializado
2025-09-04 22:21:25,404 - app - INFO - __init__:22 - SensorController inicializado
2025-09-04 22:21:28,304 - app - INFO - mongo_client:31 - ✅ Conexión a MongoDB establecida
2025-09-04 22:21:29,135 - app - INFO - _ensure_indexes:46 - Índices de MongoDB verificados/creados
2025-09-04 22:21:29,142 - app - INFO - __init__:17 - PredictionService inicializado
2025-09-04 22:21:29,143 - app - INFO - __init__:31 - SensorService inicializado
2025-09-04 22:21:29,144 - app - INFO - __init__:22 - SensorController inicializado
2025-09-04 22:21:30,684 - app - INFO - mongo_client:31 - ✅ Conexión a MongoDB establecida
2025-09-04 22:21:30,714 - app - INFO - mongo_client:31 - ✅ Conexión a MongoDB establecida
2025-09-04 22:21:31,553 - app - INFO - _ensure_indexes:46 - Índices de MongoDB verificados/creados
2025-09-04 22:21:31,557 - app - INFO - __init__:17 - PredictionService inicializado
2025-09-04 22:21:31,559 - app - INFO - __init__:31 - SensorService inicializado
2025-09-04 22:21:31,560 - app - INFO - __init__:22 - SensorController inicializado
2025-09-04 22:21:31,887 - app - INFO - generar_predicciones:46 - Predicciones generadas para 2 períodos
2025-09-04 22:21:32,837 - app - INFO - _ensure_indexes:46 - Índices de MongoDB verificados/creados
2025-09-04 22:21:32,838 - app - INFO - __init__:17 - PredictionService inicializado
2025-09-04 22:21:32,840 - app - INFO - __init__:31 - SensorService inicializado
2025-09-04 22:21:32,840 - app - INFO - __init__:22 - SensorController inicializado
2025-09-04 22:21:33,312 - app - INFO - mongo_client:31 - ✅ Conexión a MongoDB establecida
2025-09-04 22:21:34,410 - app - INFO - _ensure_indexes:46 - Índices de MongoDB verificados/creados
2025-09-04 22:21:34,412 - app - INFO - __init__:17 - PredictionService inicializado
2025-09-04 22:21:34,413 - app - INFO - __init__:31 - SensorService inicializado
2025-09-04 22:21:34,414 - app - INFO - __init__:22 - SensorController inicializado
2025-09-04 22:22:24,499 - app - INFO - generar_predicciones:46 - Predicciones generadas para 2 períodos
2025-09-04 22:22:35,459 - app - INFO - generar_predicciones:46 - Predicciones generadas para 2 períodos
2025-09-04 22:22:46,859 - app - INFO - generar_predicciones:46 - Predicciones generadas para 2 períodos
2025-09-04 22:23:51,935 - app - INFO - generar_predicciones:46 - Predicciones generadas para 2 períodos
2025-09-04 22:24:04,562 - app - INFO - generar_predicciones:46 - Predicciones generadas para 2 períodos
2025-09-04 22:24:25,559 - app - INFO - generar_predicciones:46 - Predicciones generadas para 2 períodos
2025-09-04 22:25:02,656 - app - INFO - generar_predicciones:46 - Predicciones generadas para 2 períodos
2025-09-04 22:25:20,756 - app - INFO - generar_predicciones:46 - Predicciones generadas para 2 períodos
2025-09-04 22:26:02,203 - app - INFO - generar_predicciones:46 - Predicciones generadas para 2 períodos
2025-09-04 22:26:30,767 - app - INFO - generar_predicciones:46 - Predicciones generadas para 2 períodos
2025-09-04 22:27:18,447 - app - INFO - generar_predicciones:46 - Predicciones generadas para 2 períodos
2025-09-04 22:27:20,204 - app - INFO - generar_predicciones:46 - Predicciones generadas para 2 períodos
2025-09-04 22:27:49,606 - app - INFO - generar_predicciones:46 - Predicciones generadas para 2 períodos
2025-09-04 22:28:20,577 - app - INFO - generar_predicciones:46 - Predicciones generadas para 2 períodos
2025-09-04 22:28:50,751 - app - INFO - generar_predicciones:46 - Predicciones generadas para 2 períodos
2025-09-04 22:29:20,592 - app - INFO - generar_predicciones:46 - Predicciones generadas para 2 períodos
2025-09-04 22:29:50,785 - app - INFO - generar_predicciones:46 - Predicciones generadas para 2 períodos
2025-09-04 22:30:20,740 - app - INFO - generar_predicciones:46 - Predicciones generadas para 2 períodos
2025-09-04 22:30:50,832 - app - INFO - generar_predicciones:46 - Predicciones generadas para 2 períodos
2025-09-04 22:31:23,915 - app - INFO - generar_predicciones:46 - Predicciones generadas para 2 períodos
2025-09-04 22:31:50,830 - app - INFO - generar_predicciones:46 - Predicciones generadas para 2 períodos
2025-09-04 22:32:20,719 - app - INFO - generar_predicciones:46 - Predicciones generadas para 2 períodos
2025-09-04 22:32:55,029 - app - INFO - generar_predicciones:46 - Predicciones generadas para 2 períodos
2025-09-04 22:32:59,747 - app - INFO - generar_predicciones:46 - Predicciones generadas para 2 períodos
2025-09-04 22:33:20,982 - app - INFO - generar_predicciones:46 - Predicciones generadas para 2 períodos
2025-09-04 22:33:50,731 - app - INFO - generar_predicciones:46 - Predicciones generadas para 2 períodos
2025-09-04 22:34:20,955 - app - INFO - generar_predicciones:46 - Predicciones generadas para 2 períodos
2025-09-04 22:34:50,618 - app - INFO - generar_predicciones:46 - Predicciones generadas para 2 períodos
2025-09-04 22:35:02,409 - app - INFO - generar_predicciones:46 - Predicciones generadas para 2 períodos
2025-09-04 22:35:09,620 - app - INFO - generar_predicciones:46 - Predicciones generadas para 2 períodos
2025-09-04 22:35:41,068 - app - INFO - generar_predicciones:46 - Predicciones generadas para 2 períodos
2025-09-04 22:35:53,965 - app - INFO - generar_predicciones:46 - Predicciones generadas para 2 períodos
2025-09-04 22:35:57,444 - app - INFO - generar_predicciones:46 - Predicciones generadas para 2 períodos
2025-09-04 22:36:00,006 - app - INFO - generar_predicciones:46 - Predicciones generadas para 2 períodos
2025-09-04 22:36:31,919 - app - INFO - generar_predicciones:46 - Predicciones generadas para 2 períodos
2025-09-04 22:37:01,734 - app - INFO - generar_predicciones:46 - Predicciones generadas para 2 períodos
2025-09-04 22:37:31,710 - app - INFO - generar_predicciones:46 - Predicciones generadas para 2 períodos
2025-09-04 22:38:02,088 - app - INFO - generar_predicciones:46 - Predicciones generadas para 2 períodos
2025-09-04 22:38:31,805 - app - INFO - generar_predicciones:46 - Predicciones generadas para 2 períodos
2025-09-04 22:39:01,864 - app - INFO - generar_predicciones:46 - Predicciones generadas para 2 períodos
2025-09-04 22:39:43,309 - app - INFO - generar_predicciones:46 - Predicciones generadas para 2 períodos
2025-09-04 22:40:01,801 - app - INFO - generar_predicciones:46 - Predicciones generadas para 2 períodos
2025-09-04 22:40:41,174 - app - INFO - generar_predicciones:46 - Predicciones generadas para 2 períodos
2025-09-04 22:40:47,343 - app - INFO - generar_predicciones:46 - Predicciones generadas para 2 períodos
2025-09-04 22:40:57,926 - app - WARNING - not_found:24 - Resource not found: 404 Not Found: The requested URL was not found on the server. If you entered the URL manually please check your spelling and try again.
2025-09-04 22:40:57,927 - app - WARNING - not_found:24 - Resource not found: 404 Not Found: The requested URL was not found on the server. If you entered the URL manually please check your spelling and try again.
2025-09-04 22:40:57,927 - app - WARNING - not_found:24 - Resource not found: 404 Not Found: The requested URL was not found on the server. If you entered the URL manually please check your spelling and try again.
2025-09-04 22:40:57,943 - app - WARNING - not_found:24 - Resource not found: 404 Not Found: The requested URL was not found on the server. If you entered the URL manually please check your spelling and try again.
2025-09-04 22:40:57,983 - app - WARNING - not_found:24 - Resource not found: 404 Not Found: The requested URL was not found on the server. If you entered the URL manually please check your spelling and try again.
2025-09-04 22:41:02,983 - app - WARNING - not_found:24 - Resource not found: 404 Not Found: The requested URL was not found on the server. If you entered the URL manually please check your spelling and try again.
2025-09-04 22:41:03,306 - app - WARNING - not_found:24 - Resource not found: 404 Not Found: The requested URL was not found on the server. If you entered the URL manually please check your spelling and try again.
2025-09-04 22:41:03,310 - app - WARNING - not_found:24 - Resource not found: 404 Not Found: The requested URL was not found on the server. If you entered the URL manually please check your spelling and try again.
2025-09-04 22:41:03,317 - app - WARNING - not_found:24 - Resource not found: 404 Not Found: The requested URL was not found on the server. If you entered the URL manually please check your spelling and try again.
2025-09-04 22:41:03,332 - app - WARNING - not_found:24 - Resource not found: 404 Not Found: The requested URL was not found on the server. If you entered the URL manually please check your spelling and try again.
2025-09-04 22:41:04,498 - app - WARNING - not_found:24 - Resource not found: 404 Not Found: The requested URL was not found on the server. If you entered the URL manually please check your spelling and try again.
2025-09-04 22:41:04,500 - app - WARNING - not_found:24 - Resource not found: 404 Not Found: The requested URL was not found on the server. If you entered the URL manually please check your spelling and try again.
2025-09-04 22:41:04,504 - app - WARNING - not_found:24 - Resource not found: 404 Not Found: The requested URL was not found on the server. If you entered the URL manually please check your spelling and try again.
2025-09-04 22:41:04,511 - app - WARNING - not_found:24 - Resource not found: 404 Not Found: The requested URL was not found on the server. If you entered the URL manually please check your spelling and try again.
2025-09-04 22:41:04,517 - app - WARNING - not_found:24 - Resource not found: 404 Not Found: The requested URL was not found on the server. If you entered the URL manually please check your spelling and try again.
2025-09-04 22:41:05,380 - app - WARNING - not_found:24 - Resource not found: 404 Not Found: The requested URL was not found on the server. If you entered the URL manually please check your spelling and try again.
2025-09-04 22:41:05,696 - app - WARNING - not_found:24 - Resource not found: 404 Not Found: The requested URL was not found on the server. If you entered the URL manually please check your spelling and try again.
2025-09-04 22:41:05,698 - app - WARNING - not_found:24 - Resource not found: 404 Not Found: The requested URL was not found on the server. If you entered the URL manually please check your spelling and try again.
2025-09-04 22:41:05,700 - app - WARNING - not_found:24 - Resource not found: 404 Not Found: The requested URL was not found on the server. If you entered the URL manually please check your spelling and try again.
2025-09-04 22:41:05,704 - app - WARNING - not_found:24 - Resource not found: 404 Not Found: The requested URL was not found on the server. If you entered the URL manually please check your spelling and try again.
2025-09-04 22:41:17,335 - app - INFO - generar_predicciones:46 - Predicciones generadas para 2 períodos
2025-09-04 22:41:48,820 - app - INFO - generar_predicciones:46 - Predicciones generadas para 2 períodos
2025-09-04 22:42:18,057 - app - INFO - generar_predicciones:46 - Predicciones generadas para 2 períodos
2025-09-04 22:42:48,828 - app - INFO - generar_predicciones:46 - Predicciones generadas para 2 períodos
2025-09-04 22:43:18,810 - app - INFO - generar_predicciones:46 - Predicciones generadas para 2 períodos
2025-09-04 22:43:55,660 - app - INFO - generar_predicciones:46 - Predicciones generadas para 2 períodos
2025-09-04 22:44:18,820 - app - INFO - generar_predicciones:46 - Predicciones generadas para 2 períodos
2025-09-04 22:44:48,207 - app - INFO - generar_predicciones:46 - Predicciones generadas para 2 períodos
2025-09-04 22:45:07,631 - app - INFO - generar_predicciones:46 - Predicciones generadas para 2 períodos
2025-09-04 22:45:18,057 - app - INFO - generar_predicciones:46 - Predicciones generadas para 2 períodos
2025-09-04 22:45:50,304 - app - INFO - generar_predicciones:46 - Predicciones generadas para 2 períodos
2025-09-04 22:46:23,817 - app - INFO - generar_predicciones:46 - Predicciones generadas para 2 períodos
2025-09-04 22:46:41,307 - app - INFO - generar_predicciones:46 - Predicciones generadas para 2 períodos
2025-09-04 22:46:49,100 - app - INFO - generar_predicciones:46 - Predicciones generadas para 2 períodos
2025-09-04 22:47:18,297 - app - INFO - generar_predicciones:46 - Predicciones generadas para 2 períodos
2025-09-04 22:47:48,742 - app - INFO - generar_predicciones:46 - Predicciones generadas para 2 períodos
2025-09-04 22:48:18,880 - app - INFO - generar_predicciones:46 - Predicciones generadas para 2 períodos
2025-09-04 22:48:48,831 - app - INFO - generar_predicciones:46 - Predicciones generadas para 2 períodos
2025-09-04 22:49:26,002 - app - INFO - generar_predicciones:46 - Predicciones generadas para 2 períodos
2025-09-04 22:49:52,936 - app - INFO - generar_predicciones:46 - Predicciones generadas para 2 períodos
2025-09-04 22:49:59,585 - app - INFO - generar_predicciones:46 - Predicciones generadas para 2 períodos
2025-09-04 22:50:11,729 - app - INFO - generar_predicciones:46 - Predicciones generadas para 2 períodos
2025-09-04 22:50:36,014 - app - WARNING - not_found:24 - Resource not found: 404 Not Found: The requested URL was not found on the server. If you entered the URL manually please check your spelling and try again.
2025-09-04 22:50:36,321 - app - WARNING - not_found:24 - Resource not found: 404 Not Found: The requested URL was not found on the server. If you entered the URL manually please check your spelling and try again.
2025-09-04 22:50:36,323 - app - WARNING - not_found:24 - Resource not found: 404 Not Found: The requested URL was not found on the server. If you entered the URL manually please check your spelling and try again.
2025-09-04 22:50:36,326 - app - WARNING - not_found:24 - Resource not found: 404 Not Found: The requested URL was not found on the server. If you entered the URL manually please check your spelling and try again.
2025-09-04 22:50:36,331 - app - WARNING - not_found:24 - Resource not found: 404 Not Found: The requested URL was not found on the server. If you entered the URL manually please check your spelling and try again.
2025-09-04 22:50:47,114 - app - INFO - generar_predicciones:46 - Predicciones generadas para 2 períodos
2025-09-04 22:51:18,855 - app - INFO - generar_predicciones:46 - Predicciones generadas para 2 períodos
2025-09-04 22:51:48,812 - app - INFO - generar_predicciones:46 - Predicciones generadas para 2 períodos
2025-09-04 22:52:18,840 - app - INFO - generar_predicciones:46 - Predicciones generadas para 2 períodos
2025-09-04 22:52:52,465 - app - INFO - generar_predicciones:46 - Predicciones generadas para 2 períodos
2025-09-04 22:53:21,527 - app - INFO - generar_predicciones:46 - Predicciones generadas para 2 períodos
2025-09-04 22:53:49,090 - app - INFO - generar_predicciones:46 - Predicciones generadas para 2 períodos
2025-09-04 22:54:18,804 - app - INFO - generar_predicciones:46 - Predicciones generadas para 2 períodos
2025-09-04 22:54:47,945 - app - INFO - generar_predicciones:46 - Predicciones generadas para 2 períodos
2025-09-04 22:55:17,938 - app - INFO - generar_predicciones:46 - Predicciones generadas para 2 períodos
2025-09-04 22:55:48,856 - app - INFO - generar_predicciones:46 - Predicciones generadas para 2 períodos
2025-09-04 22:55:49,053 - app - INFO - generar_predicciones:46 - Predicciones generadas para 2 períodos
2025-09-04 22:56:26,984 - app - INFO - generar_predicciones:46 - Predicciones generadas para 2 períodos
2025-09-04 22:56:37,558 - app - INFO - generar_predicciones:46 - Predicciones generadas para 2 períodos
2025-09-04 22:56:45,341 - app - INFO - generar_predicciones:46 - Predicciones generadas para 2 períodos
2025-09-04 22:57:16,738 - app - INFO - generar_predicciones:46 - Predicciones generadas para 2 períodos
2025-09-04 22:57:47,542 - app - INFO - generar_predicciones:46 - Predicciones generadas para 2 períodos
2025-09-04 22:58:16,723 - app - INFO - generar_predicciones:46 - Predicciones generadas para 2 períodos
2025-09-04 22:58:46,887 - app - INFO - generar_predicciones:46 - Predicciones generadas para 2 períodos
2025-09-04 22:59:16,937 - app - INFO - generar_predicciones:46 - Predicciones generadas para 2 períodos
2025-09-04 22:59:46,065 - app - INFO - generar_predicciones:46 - Predicciones generadas para 2 períodos
2025-09-04 23:00:16,054 - app - INFO - generar_predicciones:46 - Predicciones generadas para 2 períodos
2025-09-04 23:00:24,777 - app - INFO - generar_predicciones:46 - Predicciones generadas para 2 períodos
2025-09-04 23:00:55,758 - app - INFO - generar_predicciones:46 - Predicciones generadas para 2 períodos
2025-09-04 23:01:26,586 - app - INFO - generar_predicciones:46 - Predicciones generadas para 2 períodos
2025-09-04 23:01:55,785 - app - INFO - generar_predicciones:46 - Predicciones generadas para 2 períodos
2025-09-04 23:02:25,744 - app - INFO - generar_predicciones:46 - Predicciones generadas para 2 períodos
2025-09-04 23:02:55,923 - app - INFO - generar_predicciones:46 - Predicciones generadas para 2 períodos
2025-09-04 23:03:26,259 - app - INFO - generar_predicciones:46 - Predicciones generadas para 2 períodos
2025-09-04 23:03:55,778 - app - INFO - generar_predicciones:46 - Predicciones generadas para 2 períodos
2025-09-04 23:04:25,945 - app - INFO - generar_predicciones:46 - Predicciones generadas para 2 períodos
2025-09-04 23:05:21,615 - app - INFO - generar_predicciones:46 - Predicciones generadas para 2 períodos
2025-09-04 23:05:25,937 - app - INFO - generar_predicciones:46 - Predicciones generadas para 2 períodos
2025-09-04 23:05:26,155 - app - INFO - generar_predicciones:46 - Predicciones generadas para 2 períodos
2025-09-04 23:05:55,744 - app - INFO - generar_predicciones:46 - Predicciones generadas para 2 períodos
2025-09-04 23:06:25,990 - app - INFO - generar_predicciones:46 - Predicciones generadas para 2 períodos
2025-09-04 23:06:55,930 - app - INFO - generar_predicciones:46 - Predicciones generadas para 2 períodos
2025-09-04 23:07:28,822 - app - INFO - generar_predicciones:46 - Predicciones generadas para 2 períodos
2025-09-04 23:07:56,011 - app - INFO - generar_predicciones:46 - Predicciones generadas para 2 períodos
2025-09-04 23:08:39,716 - app - INFO - generar_predicciones:46 - Predicciones generadas para 2 períodos
2025-09-04 23:09:30,845 - app - INFO - generar_predicciones:46 - Predicciones generadas para 2 períodos
2025-09-04 23:10:02,732 - app - INFO - generar_predicciones:46 - Predicciones generadas para 2 períodos
2025-09-04 23:10:25,937 - app - INFO - generar_predicciones:46 - Predicciones generadas para 2 períodos
2025-09-04 23:10:26,145 - app - INFO - generar_predicciones:46 - Predicciones generadas para 2 períodos
2025-09-04 23:10:55,777 - app - INFO - generar_predicciones:46 - Predicciones generadas para 2 períodos
2025-09-04 23:11:26,000 - app - INFO - generar_predicciones:46 - Predicciones generadas para 2 períodos
2025-09-04 23:11:55,854 - app - INFO - generar_predicciones:46 - Predicciones generadas para 2 períodos
2025-09-04 23:12:26,437 - app - INFO - generar_predicciones:46 - Predicciones generadas para 2 períodos
2025-09-04 23:12:58,110 - app - INFO - generar_predicciones:46 - Predicciones generadas para 2 períodos
2025-09-04 23:13:35,008 - app - INFO - generar_predicciones:46 - Predicciones generadas para 2 períodos
2025-09-04 23:14:05,126 - app - INFO - generar_predicciones:46 - Predicciones generadas para 2 períodos
2025-09-04 23:14:28,880 - app - INFO - generar_predicciones:46 - Predicciones generadas para 2 períodos
2025-09-04 23:15:00,918 - app - INFO - generar_predicciones:46 - Predicciones generadas para 2 períodos
2025-09-04 23:15:30,871 - app - INFO - generar_predicciones:46 - Predicciones generadas para 2 períodos
2025-09-04 23:16:00,730 - app - INFO - generar_predicciones:46 - Predicciones generadas para 2 períodos
2025-09-04 23:16:18,497 - app - INFO - generar_predicciones:46 - Predicciones generadas para 2 períodos
2025-09-04 23:16:19,120 - app - INFO - generar_predicciones:46 - Predicciones generadas para 2 períodos
2025-09-04 23:16:32,548 - app - INFO - generar_predicciones:46 - Predicciones generadas para 2 períodos
2025-09-04 23:16:48,276 - app - INFO - generar_predicciones:46 - Predicciones generadas para 2 períodos
2025-09-04 23:16:51,981 - app - INFO - generar_predicciones:46 - Predicciones generadas para 2 períodos
2025-09-04 23:17:00,867 - app - INFO - generar_predicciones:46 - Predicciones generadas para 2 períodos
2025-09-04 23:17:09,266 - app - INFO - generar_predicciones:46 - Predicciones generadas para 2 períodos
2025-09-04 23:17:20,353 - app - INFO - generar_predicciones:46 - Predicciones generadas para 2 períodos
2025-09-04 23:17:30,298 - app - INFO - generar_predicciones:46 - Predicciones generadas para 2 períodos
2025-09-04 23:17:31,111 - app - INFO - generar_predicciones:46 - Predicciones generadas para 2 períodos
2025-09-04 23:17:49,756 - app - INFO - generar_predicciones:46 - Predicciones generadas para 2 períodos
2025-09-04 23:18:01,754 - app - INFO - generar_predicciones:46 - Predicciones generadas para 2 períodos
2025-09-04 23:18:02,752 - app - INFO - generar_predicciones:46 - Predicciones generadas para 2 períodos
2025-09-04 23:18:19,740 - app - INFO - generar_predicciones:46 - Predicciones generadas para 2 períodos
2025-09-04 23:18:31,766 - app - INFO - generar_predicciones:46 - Predicciones generadas para 2 períodos
2025-09-04 23:18:32,763 - app - INFO - generar_predicciones:46 - Predicciones generadas para 2 períodos
2025-09-04 23:18:49,738 - app - INFO - generar_predicciones:46 - Predicciones generadas para 2 períodos
2025-09-04 23:19:01,733 - app - INFO - generar_predicciones:46 - Predicciones generadas para 2 períodos
2025-09-04 23:19:02,767 - app - INFO - generar_predicciones:46 - Predicciones generadas para 2 períodos
2025-09-04 23:19:19,736 - app - INFO - generar_predicciones:46 - Predicciones generadas para 2 períodos
2025-09-04 23:19:31,739 - app - INFO - generar_predicciones:46 - Predicciones generadas para 2 períodos
2025-09-04 23:19:32,758 - app - INFO - generar_predicciones:46 - Predicciones generadas para 2 períodos
2025-09-04 23:20:01,711 - app - INFO - generar_predicciones:46 - Predicciones generadas para 2 períodos
2025-09-04 23:20:02,729 - app - INFO - generar_predicciones:46 - Predicciones generadas para 2 períodos
2025-09-04 23:20:30,752 - app - INFO - generar_predicciones:46 - Predicciones generadas para 2 períodos
2025-09-04 23:20:31,750 - app - INFO - generar_predicciones:46 - Predicciones generadas para 2 períodos
2025-09-04 23:20:32,748 - app - INFO - generar_predicciones:46 - Predicciones generadas para 2 períodos
2025-09-04 23:21:00,267 - app - INFO - generar_predicciones:46 - Predicciones generadas para 2 períodos
2025-09-04 23:21:01,120 - app - INFO - generar_predicciones:46 - Predicciones generadas para 2 períodos
2025-09-04 23:21:02,170 - app - INFO - generar_predicciones:46 - Predicciones generadas para 2 períodos
2025-09-04 23:21:19,316 - app - INFO - generar_predicciones:46 - Predicciones generadas para 2 períodos
2025-09-04 23:21:20,245 - app - INFO - generar_predicciones:46 - Predicciones generadas para 2 períodos
2025-09-04 23:21:31,823 - app - INFO - generar_predicciones:46 - Predicciones generadas para 2 períodos
2025-09-04 23:21:32,788 - app - INFO - generar_predicciones:46 - Predicciones generadas para 2 períodos
2025-09-04 23:21:37,738 - app - INFO - generar_predicciones:46 - Predicciones generadas para 2 períodos
2025-09-04 23:22:08,724 - app - INFO - generar_predicciones:46 - Predicciones generadas para 2 períodos
2025-09-04 23:22:38,714 - app - INFO - generar_predicciones:46 - Predicciones generadas para 2 períodos
2025-09-04 23:23:08,715 - app - INFO - generar_predicciones:46 - Predicciones generadas para 2 períodos
2025-09-04 23:23:38,890 - app - INFO - generar_predicciones:46 - Predicciones generadas para 2 períodos
2025-09-04 23:24:08,727 - app - INFO - generar_predicciones:46 - Predicciones generadas para 2 períodos
2025-09-04 23:24:28,505 - app - INFO - generar_predicciones:46 - Predicciones generadas para 2 períodos
2025-09-04 23:24:35,804 - app - INFO - generar_predicciones:46 - Predicciones generadas para 2 períodos
2025-09-04 23:24:42,960 - app - INFO - generar_predicciones:46 - Predicciones generadas para 2 períodos
2025-09-04 23:24:55,493 - app - INFO - generar_predicciones:46 - Predicciones generadas para 2 períodos
2025-09-04 23:25:12,665 - app - INFO - generar_predicciones:46 - Predicciones generadas para 2 períodos
2025-09-04 23:25:13,332 - app - INFO - generar_predicciones:46 - Predicciones generadas para 2 períodos
2025-09-04 23:25:43,365 - app - INFO - generar_predicciones:46 - Predicciones generadas para 2 períodos
2025-09-04 23:25:44,308 - app - INFO - generar_predicciones:46 - Predicciones generadas para 2 períodos
2025-09-04 23:26:13,352 - app - INFO - generar_predicciones:46 - Predicciones generadas para 2 períodos
2025-09-04 23:26:14,870 - app - INFO - generar_predicciones:46 - Predicciones generadas para 2 períodos
2025-09-04 23:26:20,187 - app - INFO - generar_predicciones:46 - Predicciones generadas para 2 períodos
2025-09-04 23:26:52,095 - app - INFO - generar_predicciones:46 - Predicciones generadas para 2 períodos
2025-09-04 23:27:18,870 - app - INFO - generar_predicciones:46 - Predicciones generadas para 2 períodos
2025-09-04 23:27:26,117 - app - INFO - generar_predicciones:46 - Predicciones generadas para 2 períodos
2025-09-04 23:27:39,082 - app - INFO - generar_predicciones:46 - Predicciones generadas para 2 períodos
2025-09-04 23:27:45,009 - app - INFO - generar_predicciones:46 - Predicciones generadas para 2 períodos
2025-09-04 23:28:04,845 - app - INFO - generar_predicciones:46 - Predicciones generadas para 2 períodos
2025-09-04 23:28:12,638 - app - INFO - generar_predicciones:46 - Predicciones generadas para 2 períodos
2025-09-04 23:28:22,026 - app - INFO - generar_predicciones:46 - Predicciones generadas para 2 períodos
2025-09-04 23:28:34,102 - app - INFO - generar_predicciones:46 - Predicciones generadas para 2 períodos
2025-09-04 23:29:05,821 - app - INFO - generar_predicciones:46 - Predicciones generadas para 2 períodos
2025-09-04 23:29:35,797 - app - INFO - generar_predicciones:46 - Predicciones generadas para 2 períodos
2025-09-04 23:30:05,771 - app - INFO - generar_predicciones:46 - Predicciones generadas para 2 períodos
2025-09-04 23:30:35,788 - app - INFO - generar_predicciones:46 - Predicciones generadas para 2 períodos
2025-09-04 23:31:06,255 - app - INFO - generar_predicciones:46 - Predicciones generadas para 2 períodos
2025-09-04 23:31:35,791 - app - INFO - generar_predicciones:46 - Predicciones generadas para 2 períodos
2025-09-04 23:32:06,098 - app - INFO - generar_predicciones:46 - Predicciones generadas para 2 períodos
2025-09-04 23:32:28,483 - app - INFO - generar_predicciones:46 - Predicciones generadas para 2 períodos
2025-09-04 23:32:42,798 - app - INFO - generar_predicciones:46 - Predicciones generadas para 2 períodos
2025-09-04 23:32:43,742 - app - INFO - generar_predicciones:46 - Predicciones generadas para 2 períodos
2025-09-04 23:32:53,664 - app - INFO - generar_predicciones:46 - Predicciones generadas para 2 períodos
2025-09-04 23:33:14,769 - app - INFO - generar_predicciones:46 - Predicciones generadas para 2 períodos
2025-09-04 23:33:25,733 - app - INFO - generar_predicciones:46 - Predicciones generadas para 2 períodos
2025-09-04 23:33:44,706 - app - INFO - generar_predicciones:46 - Predicciones generadas para 2 períodos
2025-09-04 23:33:55,708 - app - INFO - generar_predicciones:46 - Predicciones generadas para 2 períodos
2025-09-04 23:34:14,729 - app - INFO - generar_predicciones:46 - Predicciones generadas para 2 períodos
2025-09-04 23:34:24,804 - app - INFO - generar_predicciones:46 - Predicciones generadas para 2 períodos
2025-09-04 23:34:44,731 - app - INFO - generar_predicciones:46 - Predicciones generadas para 2 períodos
2025-09-04 23:34:55,718 - app - INFO - generar_predicciones:46 - Predicciones generadas para 2 períodos
2025-09-04 23:35:14,693 - app - INFO - generar_predicciones:46 - Predicciones generadas para 2 períodos
2025-09-04 23:35:23,620 - app - INFO - generar_predicciones:46 - Predicciones generadas para 2 períodos
2025-09-04 23:35:24,134 - app - INFO - generar_predicciones:46 - Predicciones generadas para 2 períodos
2025-09-04 23:35:32,110 - app - INFO - generar_predicciones:46 - Predicciones generadas para 2 períodos
2025-09-04 23:35:43,008 - app - INFO - generar_predicciones:46 - Predicciones generadas para 2 períodos
2025-09-04 23:35:44,738 - app - INFO - generar_predicciones:46 - Predicciones generadas para 2 períodos
2025-09-04 23:35:55,845 - app - INFO - generar_predicciones:46 - Predicciones generadas para 2 períodos
2025-09-04 23:36:06,773 - app - INFO - generar_predicciones:46 - Predicciones generadas para 2 períodos
2025-09-04 23:36:14,384 - app - INFO - generar_predicciones:46 - Predicciones generadas para 2 períodos
2025-09-04 23:36:22,038 - app - INFO - generar_predicciones:46 - Predicciones generadas para 2 períodos
2025-09-04 23:36:38,925 - app - INFO - generar_predicciones:46 - Predicciones generadas para 2 períodos
2025-09-04 23:37:10,056 - app - INFO - generar_predicciones:46 - Predicciones generadas para 2 períodos
2025-09-04 23:37:26,907 - app - INFO - generar_predicciones:46 - Predicciones generadas para 2 períodos
2025-09-04 23:37:33,768 - app - INFO - generar_predicciones:46 - Predicciones generadas para 2 períodos
2025-09-04 23:38:04,872 - app - INFO - generar_predicciones:46 - Predicciones generadas para 2 períodos
2025-09-04 23:38:34,768 - app - INFO - generar_predicciones:46 - Predicciones generadas para 2 períodos
2025-09-04 23:39:04,788 - app - INFO - generar_predicciones:46 - Predicciones generadas para 2 períodos
2025-09-04 23:39:10,465 - app - INFO - generar_predicciones:46 - Predicciones generadas para 2 períodos
2025-09-04 23:39:19,812 - app - INFO - generar_predicciones:46 - Predicciones generadas para 2 períodos
2025-09-04 23:55:48,070 - app - INFO - generar_predicciones:46 - Predicciones generadas para 2 períodos
2025-09-04 23:55:58,457 - app - INFO - generar_predicciones:46 - Predicciones generadas para 2 períodos
2025-09-04 23:56:07,867 - app - INFO - generar_predicciones:46 - Predicciones generadas para 2 períodos
2025-09-04 23:56:39,423 - app - INFO - generar_predicciones:46 - Predicciones generadas para 2 períodos
2025-09-04 23:57:09,411 - app - INFO - generar_predicciones:46 - Predicciones generadas para 2 períodos
2025-09-04 23:57:39,411 - app - INFO - generar_predicciones:46 - Predicciones generadas para 2 períodos
2025-09-04 23:58:09,439 - app - INFO - generar_predicciones:46 - Predicciones generadas para 2 períodos
2025-09-04 23:58:39,400 - app - INFO - generar_predicciones:46 - Predicciones generadas para 2 períodos
2025-09-04 23:59:09,407 - app - INFO - generar_predicciones:46 - Predicciones generadas para 2 períodos
2025-09-04 23:59:39,399 - app - INFO - generar_predicciones:46 - Predicciones generadas para 2 períodos
2025-09-05 00:00:09,994 - app - INFO - generar_predicciones:46 - Predicciones generadas para 2 períodos
2025-09-05 00:00:36,843 - app - INFO - generar_predicciones:46 - Predicciones generadas para 2 períodos
2025-09-05 00:00:41,401 - app - INFO - generar_predicciones:46 - Predicciones generadas para 2 períodos
2025-09-05 00:01:12,611 - app - INFO - generar_predicciones:46 - Predicciones generadas para 2 períodos
2025-09-05 00:01:42,639 - app - INFO - generar_predicciones:46 - Predicciones generadas para 2 períodos
2025-09-05 00:02:12,641 - app - INFO - generar_predicciones:46 - Predicciones generadas para 2 períodos
2025-09-05 00:02:42,631 - app - INFO - generar_predicciones:46 - Predicciones generadas para 2 períodos
2025-09-05 00:03:12,648 - app - INFO - generar_predicciones:46 - Predicciones generadas para 2 períodos
2025-09-05 00:03:42,656 - app - INFO - generar_predicciones:46 - Predicciones generadas para 2 períodos
2025-09-05 00:04:30,958 - app - INFO - generar_predicciones:46 - Predicciones generadas para 2 períodos
2025-09-05 00:05:30,644 - app - INFO - generar_predicciones:46 - Predicciones generadas para 2 períodos
2025-09-05 00:05:42,658 - app - INFO - generar_predicciones:46 - Predicciones generadas para 2 períodos
2025-09-05 00:06:30,961 - app - INFO - generar_predicciones:46 - Predicciones generadas para 2 períodos
2025-09-05 00:07:30,856 - app - INFO - generar_predicciones:46 - Predicciones generadas para 2 períodos
2025-09-05 00:08:23,983 - app - INFO - generar_predicciones:46 - Predicciones generadas para 2 períodos
2025-09-05 00:08:42,640 - app - INFO - generar_predicciones:46 - Predicciones generadas para 2 períodos
2025-09-05 00:09:12,305 - app - INFO - generar_predicciones:46 - Predicciones generadas para 2 períodos
2025-09-05 00:09:42,675 - app - INFO - generar_predicciones:46 - Predicciones generadas para 2 períodos
2025-09-05 00:09:57,494 - app - INFO - generar_predicciones:46 - Predicciones generadas para 2 períodos
2025-09-05 00:10:05,752 - app - INFO - generar_predicciones:46 - Predicciones generadas para 2 períodos
2025-09-05 00:10:36,575 - app - INFO - generar_predicciones:46 - Predicciones generadas para 2 períodos
2025-09-05 00:11:06,659 - app - INFO - generar_predicciones:46 - Predicciones generadas para 2 períodos
2025-09-05 00:11:37,454 - app - INFO - generar_predicciones:46 - Predicciones generadas para 2 períodos
2025-09-05 00:12:01,426 - app - WARNING - not_found:24 - Resource not found: 404 Not Found: The requested URL was not found on the server. If you entered the URL manually please check your spelling and try again.
2025-09-05 00:12:01,428 - app - WARNING - not_found:24 - Resource not found: 404 Not Found: The requested URL was not found on the server. If you entered the URL manually please check your spelling and try again.
2025-09-05 00:12:01,430 - app - WARNING - not_found:24 - Resource not found: 404 Not Found: The requested URL was not found on the server. If you entered the URL manually please check your spelling and try again.
2025-09-05 00:12:01,433 - app - WARNING - not_found:24 - Resource not found: 404 Not Found: The requested URL was not found on the server. If you entered the URL manually please check your spelling and try again.
2025-09-05 00:12:01,452 - app - WARNING - not_found:24 - Resource not found: 404 Not Found: The requested URL was not found on the server. If you entered the URL manually please check your spelling and try again.
2025-09-05 00:22:52,662 - app - WARNING - not_found:24 - Resource not found: 404 Not Found: The requested URL was not found on the server. If you entered the URL manually please check your spelling and try again.
2025-09-05 00:22:52,652 - app - WARNING - not_found:24 - Resource not found: 404 Not Found: The requested URL was not found on the server. If you entered the URL manually please check your spelling and try again.
2025-09-05 00:22:52,712 - app - WARNING - not_found:24 - Resource not found: 404 Not Found: The requested URL was not found on the server. If you entered the URL manually please check your spelling and try again.
2025-09-05 00:22:52,629 - app - WARNING - not_found:24 - Resource not found: 404 Not Found: The requested URL was not found on the server. If you entered the URL manually please check your spelling and try again.
2025-09-05 00:22:52,756 - app - WARNING - not_found:24 - Resource not found: 404 Not Found: The requested URL was not found on the server. If you entered the URL manually please check your spelling and try again.
2025-09-05 00:22:58,883 - app - WARNING - not_found:24 - Resource not found: 404 Not Found: The requested URL was not found on the server. If you entered the URL manually please check your spelling and try again.
2025-09-05 00:22:59,211 - app - WARNING - not_found:24 - Resource not found: 404 Not Found: The requested URL was not found on the server. If you entered the URL manually please check your spelling and try again.
2025-09-05 00:22:59,218 - app - WARNING - not_found:24 - Resource not found: 404 Not Found: The requested URL was not found on the server. If you entered the URL manually please check your spelling and try again.
2025-09-05 00:22:59,232 - app - WARNING - not_found:24 - Resource not found: 404 Not Found: The requested URL was not found on the server. If you entered the URL manually please check your spelling and try again.
2025-09-05 00:22:59,238 - app - WARNING - not_found:24 - Resource not found: 404 Not Found: The requested URL was not found on the server. If you entered the URL manually please check your spelling and try again.
2025-09-05 00:23:08,591 - app - WARNING - not_found:24 - Resource not found: 404 Not Found: The requested URL was not found on the server. If you entered the URL manually please check your spelling and try again.
2025-09-05 00:23:08,593 - app - WARNING - not_found:24 - Resource not found: 404 Not Found: The requested URL was not found on the server. If you entered the URL manually please check your spelling and try again.
2025-09-05 00:23:08,596 - app - WARNING - not_found:24 - Resource not found: 404 Not Found: The requested URL was not found on the server. If you entered the URL manually please check your spelling and try again.
2025-09-05 00:23:08,604 - app - WARNING - not_found:24 - Resource not found: 404 Not Found: The requested URL was not found on the server. If you entered the URL manually please check your spelling and try again.
2025-09-05 00:23:08,616 - app - WARNING - not_found:24 - Resource not found: 404 Not Found: The requested URL was not found on the server. If you entered the URL manually please check your spelling and try again.
2025-09-05 00:24:22,164 - app - WARNING - not_found:24 - Resource not found: 404 Not Found: The requested URL was not found on the server. If you entered the URL manually please check your spelling and try again.
2025-09-05 00:24:22,151 - app - WARNING - not_found:24 - Resource not found: 404 Not Found: The requested URL was not found on the server. If you entered the URL manually please check your spelling and try again.
2025-09-05 00:24:22,193 - app - WARNING - not_found:24 - Resource not found: 404 Not Found: The requested URL was not found on the server. If you entered the URL manually please check your spelling and try again.
2025-09-05 00:24:22,090 - app - WARNING - not_found:24 - Resource not found: 404 Not Found: The requested URL was not found on the server. If you entered the URL manually please check your spelling and try again.
2025-09-05 00:24:22,389 - app - WARNING - not_found:24 - Resource not found: 404 Not Found: The requested URL was not found on the server. If you entered the URL manually please check your spelling and try again.
2025-09-05 00:30:38,401 - app - WARNING - not_found:24 - Resource not found: 404 Not Found: The requested URL was not found on the server. If you entered the URL manually please check your spelling and try again.
2025-09-05 00:30:38,408 - app - WARNING - not_found:24 - Resource not found: 404 Not Found: The requested URL was not found on the server. If you entered the URL manually please check your spelling and try again.
2025-09-05 00:30:38,414 - app - WARNING - not_found:24 - Resource not found: 404 Not Found: The requested URL was not found on the server. If you entered the URL manually please check your spelling and try again.
2025-09-05 00:30:38,441 - app - WARNING - not_found:24 - Resource not found: 404 Not Found: The requested URL was not found on the server. If you entered the URL manually please check your spelling and try again.
2025-09-05 00:30:38,454 - app - WARNING - not_found:24 - Resource not found: 404 Not Found: The requested URL was not found on the server. If you entered the URL manually please check your spelling and try again.
2025-09-05 00:30:58,166 - app - WARNING - not_found:24 - Resource not found: 404 Not Found: The requested URL was not found on the server. If you entered the URL manually please check your spelling and try again.
2025-09-05 00:31:23,915 - app - WARNING - not_found:24 - Resource not found: 404 Not Found: The requested URL was not found on the server. If you entered the URL manually please check your spelling and try again.
2025-09-05 00:31:23,917 - app - WARNING - not_found:24 - Resource not found: 404 Not Found: The requested URL was not found on the server. If you entered the URL manually please check your spelling and try again.
2025-09-05 00:31:23,922 - app - WARNING - not_found:24 - Resource not found: 404 Not Found: The requested URL was not found on the server. If you entered the URL manually please check your spelling and try again.
2025-09-05 00:31:23,944 - app - WARNING - not_found:24 - Resource not found: 404 Not Found: The requested URL was not found on the server. If you entered the URL manually please check your spelling and try again.
2025-09-05 00:31:23,953 - app - WARNING - not_found:24 - Resource not found: 404 Not Found: The requested URL was not found on the server. If you entered the URL manually please check your spelling and try again.
2025-09-05 00:32:31,745 - app - WARNING - not_found:24 - Resource not found: 404 Not Found: The requested URL was not found on the server. If you entered the URL manually please check your spelling and try again.
2025-09-05 00:32:31,778 - app - WARNING - not_found:24 - Resource not found: 404 Not Found: The requested URL was not found on the server. If you entered the URL manually please check your spelling and try again.
2025-09-05 00:32:31,848 - app - WARNING - not_found:24 - Resource not found: 404 Not Found: The requested URL was not found on the server. If you entered the URL manually please check your spelling and try again.
2025-09-05 00:32:31,913 - app - WARNING - not_found:24 - Resource not found: 404 Not Found: The requested URL was not found on the server. If you entered the URL manually please check your spelling and try again.
2025-09-05 00:32:31,923 - app - WARNING - not_found:24 - Resource not found: 404 Not Found: The requested URL was not found on the server. If you entered the URL manually please check your spelling and try again.
2025-09-05 00:32:43,537 - app - WARNING - not_found:24 - Resource not found: 404 Not Found: The requested URL was not found on the server. If you entered the URL manually please check your spelling and try again.
2025-09-05 00:32:43,847 - app - WARNING - not_found:24 - Resource not found: 404 Not Found: The requested URL was not found on the server. If you entered the URL manually please check your spelling and try again.
2025-09-05 00:32:43,850 - app - WARNING - not_found:24 - Resource not found: 404 Not Found: The requested URL was not found on the server. If you entered the URL manually please check your spelling and try again.
2025-09-05 00:32:43,856 - app - WARNING - not_found:24 - Resource not found: 404 Not Found: The requested URL was not found on the server. If you entered the URL manually please check your spelling and try again.
2025-09-05 00:32:43,860 - app - WARNING - not_found:24 - Resource not found: 404 Not Found: The requested URL was not found on the server. If you entered the URL manually please check your spelling and try again.
2025-09-05 00:33:49,217 - app - WARNING - not_found:24 - Resource not found: 404 Not Found: The requested URL was not found on the server. If you entered the URL manually please check your spelling and try again.
2025-09-05 00:33:52,661 - app - WARNING - not_found:24 - Resource not found: 404 Not Found: The requested URL was not found on the server. If you entered the URL manually please check your spelling and try again.
2025-09-05 00:33:56,590 - app - WARNING - not_found:24 - Resource not found: 404 Not Found: The requested URL was not found on the server. If you entered the URL manually please check your spelling and try again.
2025-09-05 00:39:29,329 - app - WARNING - not_found:24 - Resource not found: 404 Not Found: The requested URL was not found on the server. If you entered the URL manually please check your spelling and try again.
2025-09-05 00:40:03,310 - app - WARNING - not_found:24 - Resource not found: 404 Not Found: The requested URL was not found on the server. If you entered the URL manually please check your spelling and try again.
2025-09-05 00:42:18,588 - app - WARNING - not_found:24 - Resource not found: 404 Not Found: The requested URL was not found on the server. If you entered the URL manually please check your spelling and try again.
2025-09-05 00:44:12,039 - app - WARNING - not_found:24 - Resource not found: 404 Not Found: The requested URL was not found on the server. If you entered the URL manually please check your spelling and try again.
2025-09-05 00:44:21,669 - app - WARNING - not_found:24 - Resource not found: 404 Not Found: The requested URL was not found on the server. If you entered the URL manually please check your spelling and try again.
2025-09-05 00:44:22,009 - app - WARNING - not_found:24 - Resource not found: 404 Not Found: The requested URL was not found on the server. If you entered the URL manually please check your spelling and try again.
2025-09-05 00:44:22,025 - app - WARNING - not_found:24 - Resource not found: 404 Not Found: The requested URL was not found on the server. If you entered the URL manually please check your spelling and try again.
2025-09-05 00:44:22,122 - app - WARNING - not_found:24 - Resource not found: 404 Not Found: The requested URL was not found on the server. If you entered the URL manually please check your spelling and try again.
2025-09-05 00:44:22,167 - app - WARNING - not_found:24 - Resource not found: 404 Not Found: The requested URL was not found on the server. If you entered the URL manually please check your spelling and try again.
2025-09-05 00:44:32,425 - app - WARNING - not_found:24 - Resource not found: 404 Not Found: The requested URL was not found on the server. If you entered the URL manually please check your spelling and try again.
2025-09-05 00:44:42,102 - app - WARNING - not_found:24 - Resource not found: 404 Not Found: The requested URL was not found on the server. If you entered the URL manually please check your spelling and try again.
2025-09-05 00:44:52,409 - app - WARNING - not_found:24 - Resource not found: 404 Not Found: The requested URL was not found on the server. If you entered the URL manually please check your spelling and try again.
2025-09-05 00:44:52,410 - app - WARNING - not_found:24 - Resource not found: 404 Not Found: The requested URL was not found on the server. If you entered the URL manually please check your spelling and try again.
2025-09-05 00:45:02,112 - app - WARNING - not_found:24 - Resource not found: 404 Not Found: The requested URL was not found on the server. If you entered the URL manually please check your spelling and try again.
2025-09-05 00:45:12,426 - app - WARNING - not_found:24 - Resource not found: 404 Not Found: The requested URL was not found on the server. If you entered the URL manually please check your spelling and try again.
2025-09-05 00:45:22,115 - app - WARNING - not_found:24 - Resource not found: 404 Not Found: The requested URL was not found on the server. If you entered the URL manually please check your spelling and try again.
2025-09-05 00:45:22,424 - app - WARNING - not_found:24 - Resource not found: 404 Not Found: The requested URL was not found on the server. If you entered the URL manually please check your spelling and try again.
2025-09-05 00:45:32,437 - app - WARNING - not_found:24 - Resource not found: 404 Not Found: The requested URL was not found on the server. If you entered the URL manually please check your spelling and try again.
2025-09-05 00:45:42,113 - app - WARNING - not_found:24 - Resource not found: 404 Not Found: The requested URL was not found on the server. If you entered the URL manually please check your spelling and try again.
2025-09-05 00:45:52,483 - app - WARNING - not_found:24 - Resource not found: 404 Not Found: The requested URL was not found on the server. If you entered the URL manually please check your spelling and try again.
2025-09-05 00:46:22,344 - app - WARNING - not_found:24 - Resource not found: 404 Not Found: The requested URL was not found on the server. If you entered the URL manually please check your spelling and try again.
2025-09-05 00:46:30,429 - app - WARNING - not_found:24 - Resource not found: 404 Not Found: The requested URL was not found on the server. If you entered the URL manually please check your spelling and try again.
2025-09-05 00:46:52,116 - app - WARNING - not_found:24 - Resource not found: 404 Not Found: The requested URL was not found on the server. If you entered the URL manually please check your spelling and try again.
2025-09-05 00:47:22,428 - app - WARNING - not_found:24 - Resource not found: 404 Not Found: The requested URL was not found on the server. If you entered the URL manually please check your spelling and try again.
2025-09-05 00:47:30,115 - app - WARNING - not_found:24 - Resource not found: 404 Not Found: The requested URL was not found on the server. If you entered the URL manually please check your spelling and try again.
2025-09-05 00:48:30,432 - app - WARNING - not_found:24 - Resource not found: 404 Not Found: The requested URL was not found on the server. If you entered the URL manually please check your spelling and try again.
2025-09-05 00:48:30,436 - app - WARNING - not_found:24 - Resource not found: 404 Not Found: The requested URL was not found on the server. If you entered the URL manually please check your spelling and try again.
2025-09-05 00:49:30,108 - app - WARNING - not_found:24 - Resource not found: 404 Not Found: The requested URL was not found on the server. If you entered the URL manually please check your spelling and try again.
2025-09-05 00:49:30,422 - app - WARNING - not_found:24 - Resource not found: 404 Not Found: The requested URL was not found on the server. If you entered the URL manually please check your spelling and try again.
2025-09-05 00:50:30,432 - app - WARNING - not_found:24 - Resource not found: 404 Not Found: The requested URL was not found on the server. If you entered the URL manually please check your spelling and try again.
2025-09-05 00:50:30,435 - app - WARNING - not_found:24 - Resource not found: 404 Not Found: The requested URL was not found on the server. If you entered the URL manually please check your spelling and try again.
2025-09-05 00:51:30,121 - app - WARNING - not_found:24 - Resource not found: 404 Not Found: The requested URL was not found on the server. If you entered the URL manually please check your spelling and try again.
2025-09-05 00:51:30,438 - app - WARNING - not_found:24 - Resource not found: 404 Not Found: The requested URL was not found on the server. If you entered the URL manually please check your spelling and try again.
2025-09-05 00:51:40,693 - app - WARNING - not_found:24 - Resource not found: 404 Not Found: The requested URL was not found on the server. If you entered the URL manually please check your spelling and try again.
2025-09-05 00:51:44,873 - app - WARNING - not_found:24 - Resource not found: 404 Not Found: The requested URL was not found on the server. If you entered the URL manually please check your spelling and try again.
2025-09-05 00:51:45,192 - app - WARNING - not_found:24 - Resource not found: 404 Not Found: The requested URL was not found on the server. If you entered the URL manually please check your spelling and try again.
2025-09-05 00:51:45,221 - app - WARNING - not_found:24 - Resource not found: 404 Not Found: The requested URL was not found on the server. If you entered the URL manually please check your spelling and try again.
2025-09-05 00:51:45,226 - app - WARNING - not_found:24 - Resource not found: 404 Not Found: The requested URL was not found on the server. If you entered the URL manually please check your spelling and try again.
2025-09-05 00:51:45,241 - app - WARNING - not_found:24 - Resource not found: 404 Not Found: The requested URL was not found on the server. If you entered the URL manually please check your spelling and try again.
2025-09-05 00:51:55,413 - app - WARNING - not_found:24 - Resource not found: 404 Not Found: The requested URL was not found on the server. If you entered the URL manually please check your spelling and try again.
2025-09-05 00:52:05,271 - app - WARNING - not_found:24 - Resource not found: 404 Not Found: The requested URL was not found on the server. If you entered the URL manually please check your spelling and try again.
2025-09-05 00:52:08,065 - app - WARNING - not_found:24 - Resource not found: 404 Not Found: The requested URL was not found on the server. If you entered the URL manually please check your spelling and try again.
2025-09-05 00:52:08,066 - app - WARNING - not_found:24 - Resource not found: 404 Not Found: The requested URL was not found on the server. If you entered the URL manually please check your spelling and try again.
2025-09-05 00:52:08,068 - app - WARNING - not_found:24 - Resource not found: 404 Not Found: The requested URL was not found on the server. If you entered the URL manually please check your spelling and try again.
2025-09-05 00:52:08,073 - app - WARNING - not_found:24 - Resource not found: 404 Not Found: The requested URL was not found on the server. If you entered the URL manually please check your spelling and try again.
2025-09-05 00:52:08,080 - app - WARNING - not_found:24 - Resource not found: 404 Not Found: The requested URL was not found on the server. If you entered the URL manually please check your spelling and try again.
2025-09-05 00:52:18,116 - app - WARNING - not_found:24 - Resource not found: 404 Not Found: The requested URL was not found on the server. If you entered the URL manually please check your spelling and try again.
2025-09-05 00:52:28,410 - app - WARNING - not_found:24 - Resource not found: 404 Not Found: The requested URL was not found on the server. If you entered the URL manually please check your spelling and try again.
2025-09-05 00:52:38,104 - app - WARNING - not_found:24 - Resource not found: 404 Not Found: The requested URL was not found on the server. If you entered the URL manually please check your spelling and try again.
2025-09-05 00:52:38,422 - app - WARNING - not_found:24 - Resource not found: 404 Not Found: The requested URL was not found on the server. If you entered the URL manually please check your spelling and try again.
2025-09-05 00:52:48,418 - app - WARNING - not_found:24 - Resource not found: 404 Not Found: The requested URL was not found on the server. If you entered the URL manually please check your spelling and try again.
2025-09-05 00:52:58,108 - app - WARNING - not_found:24 - Resource not found: 404 Not Found: The requested URL was not found on the server. If you entered the URL manually please check your spelling and try again.
2025-09-05 00:53:08,419 - app - WARNING - not_found:24 - Resource not found: 404 Not Found: The requested URL was not found on the server. If you entered the URL manually please check your spelling and try again.
2025-09-05 00:53:08,423 - app - WARNING - not_found:24 - Resource not found: 404 Not Found: The requested URL was not found on the server. If you entered the URL manually please check your spelling and try again.
2025-09-05 00:53:17,722 - app - WARNING - not_found:24 - Resource not found: 404 Not Found: The requested URL was not found on the server. If you entered the URL manually please check your spelling and try again.
2025-09-05 00:53:24,353 - app - WARNING - not_found:24 - Resource not found: 404 Not Found: The requested URL was not found on the server. If you entered the URL manually please check your spelling and try again.
2025-09-05 00:53:28,256 - app - WARNING - not_found:24 - Resource not found: 404 Not Found: The requested URL was not found on the server. If you entered the URL manually please check your spelling and try again.
2025-09-05 01:01:17,586 - app - WARNING - not_found:24 - Resource not found: 404 Not Found: The requested URL was not found on the server. If you entered the URL manually please check your spelling and try again.
2025-09-05 01:01:39,551 - app - WARNING - not_found:24 - Resource not found: 404 Not Found: The requested URL was not found on the server. If you entered the URL manually please check your spelling and try again.
2025-09-05 01:03:25,699 - app - WARNING - not_found:24 - Resource not found: 404 Not Found: The requested URL was not found on the server. If you entered the URL manually please check your spelling and try again.
2025-09-05 01:03:27,797 - app - WARNING - not_found:24 - Resource not found: 404 Not Found: The requested URL was not found on the server. If you entered the URL manually please check your spelling and try again.
2025-09-05 01:15:20,520 - app - WARNING - not_found:24 - Resource not found: 404 Not Found: The requested URL was not found on the server. If you entered the URL manually please check your spelling and try again.
2025-09-05 01:15:23,773 - app - WARNING - not_found:24 - Resource not found: 404 Not Found: The requested URL was not found on the server. If you entered the URL manually please check your spelling and try again.
2025-09-05 01:15:26,361 - app - WARNING - not_found:24 - Resource not found: 404 Not Found: The requested URL was not found on the server. If you entered the URL manually please check your spelling and try again.
2025-09-05 01:32:50,199 - app - WARNING - not_found:24 - Resource not found: 404 Not Found: The requested URL was not found on the server. If you entered the URL manually please check your spelling and try again.
2025-09-05 01:51:40,437 - app - WARNING - not_found:24 - Resource not found: 404 Not Found: The requested URL was not found on the server. If you entered the URL manually please check your spelling and try again.
2025-09-05 02:06:01,124 - app - INFO - generar_predicciones:46 - Predicciones generadas para 2 períodos
2025-09-05 02:06:29,999 - app - INFO - generar_predicciones:46 - Predicciones generadas para 2 períodos
2025-09-05 02:06:34,478 - app - INFO - generar_predicciones:46 - Predicciones generadas para 2 períodos
2025-09-05 02:07:04,597 - app - INFO - generar_predicciones:46 - Predicciones generadas para 2 períodos
2025-09-05 02:07:33,773 - app - INFO - generar_predicciones:46 - Predicciones generadas para 2 períodos
2025-09-05 02:08:04,605 - app - INFO - generar_predicciones:46 - Predicciones generadas para 2 períodos
2025-09-05 02:08:35,134 - app - INFO - generar_predicciones:46 - Predicciones generadas para 2 períodos
2025-09-05 02:09:03,815 - app - INFO - generar_predicciones:46 - Predicciones generadas para 2 períodos
2025-09-05 02:09:28,498 - app - INFO - generar_predicciones:46 - Predicciones generadas para 2 períodos
2025-09-05 02:09:59,658 - app - INFO - generar_predicciones:46 - Predicciones generadas para 2 períodos
2025-09-05 02:10:29,623 - app - INFO - generar_predicciones:46 - Predicciones generadas para 2 períodos
2025-09-05 02:10:59,604 - app - INFO - generar_predicciones:46 - Predicciones generadas para 2 períodos
2025-09-05 02:11:29,730 - app - INFO - generar_predicciones:46 - Predicciones generadas para 2 períodos
2025-09-05 02:12:01,806 - app - INFO - generar_predicciones:46 - Predicciones generadas para 2 períodos
2025-09-05 02:12:15,178 - app - INFO - generar_predicciones:46 - Predicciones generadas para 2 períodos
2025-09-05 02:12:46,625 - app - INFO - generar_predicciones:46 - Predicciones generadas para 2 períodos
2025-09-05 02:13:16,552 - app - INFO - generar_predicciones:46 - Predicciones generadas para 2 períodos
2025-09-05 02:13:46,605 - app - INFO - generar_predicciones:46 - Predicciones generadas para 2 períodos
2025-09-05 02:14:16,568 - app - INFO - generar_predicciones:46 - Predicciones generadas para 2 períodos
2025-09-05 02:14:47,035 - app - INFO - generar_predicciones:46 - Predicciones generadas para 2 períodos
2025-09-05 05:34:36,556 - app - INFO - generar_predicciones:46 - Predicciones generadas para 2 períodos
2025-09-05 05:34:51,330 - app - INFO - generar_predicciones:46 - Predicciones generadas para 2 períodos
2025-09-05 05:35:31,095 - app - INFO - generar_predicciones:46 - Predicciones generadas para 2 períodos
2025-09-05 05:36:30,555 - app - INFO - generar_predicciones:46 - Predicciones generadas para 2 períodos
2025-09-05 05:37:16,745 - app - INFO - generar_predicciones:46 - Predicciones generadas para 2 períodos
2025-09-05 05:37:30,670 - app - INFO - generar_predicciones:46 - Predicciones generadas para 2 períodos
2025-09-05 05:37:48,915 - app - INFO - generar_predicciones:46 - Predicciones generadas para 2 períodos
2025-09-05 05:37:54,957 - app - INFO - generar_predicciones:46 - Predicciones generadas para 2 períodos
2025-09-05 05:38:20,849 - app - INFO - generar_predicciones:46 - Predicciones generadas para 2 períodos
2025-09-05 05:38:24,643 - app - INFO - generar_predicciones:46 - Predicciones generadas para 2 períodos
2025-09-05 05:38:31,807 - app - INFO - generar_predicciones:46 - Predicciones generadas para 2 períodos
2025-09-05 05:39:04,072 - app - INFO - generar_predicciones:46 - Predicciones generadas para 2 períodos
2025-09-05 05:39:27,315 - app - INFO - generar_predicciones:46 - Predicciones generadas para 2 períodos
2025-09-05 05:40:00,380 - app - INFO - generar_predicciones:46 - Predicciones generadas para 2 períodos
2025-09-05 05:40:29,574 - app - INFO - generar_predicciones:46 - Predicciones generadas para 2 períodos
2025-09-05 05:40:59,563 - app - INFO - generar_predicciones:46 - Predicciones generadas para 2 períodos
2025-09-05 05:41:29,580 - app - INFO - generar_predicciones:46 - Predicciones generadas para 2 períodos
2025-09-05 05:41:59,578 - app - INFO - generar_predicciones:46 - Predicciones generadas para 2 períodos
2025-09-05 05:42:29,494 - app - INFO - generar_predicciones:46 - Predicciones generadas para 2 períodos
2025-09-05 05:43:30,546 - app - INFO - generar_predicciones:46 - Predicciones generadas para 2 períodos
2025-09-05 05:44:29,166 - app - INFO - generar_predicciones:46 - Predicciones generadas para 2 períodos
2025-09-05 05:44:31,639 - app - INFO - generar_predicciones:46 - Predicciones generadas para 2 períodos
2025-09-05 07:09:13,404 - app - INFO - main:51 - 🛑 Cerrando aplicación...
2025-09-05 07:09:54,179 - app - INFO - configure_logging:52 - Sistema de logging configurado correctamente
2025-09-05 07:09:54,758 - app - INFO - register_blueprints:92 - Blueprints registrados correctamente
2025-09-05 07:09:54,759 - app - INFO - create_app:76 - Aplicación iniciada en modo: development
2025-09-05 07:09:54,760 - app - INFO - main:33 - 🚀 Iniciando aplicación en 0.0.0.0:5000
2025-09-05 07:09:54,761 - app - INFO - main:34 - 🔧 Modo: development
2025-09-05 07:09:54,762 - app - INFO - main:35 - 🐛 Debug: activado
2025-09-05 07:09:59,340 - app - INFO - mongo_client:31 - ✅ Conexión a MongoDB establecida
2025-09-05 07:09:59,445 - app - INFO - mongo_client:31 - ✅ Conexión a MongoDB establecida
2025-09-05 07:09:59,514 - app - INFO - mongo_client:31 - ✅ Conexión a MongoDB establecida
2025-09-05 07:09:59,818 - app - INFO - _ensure_indexes:46 - Índices de MongoDB verificados/creados
2025-09-05 07:09:59,838 - app - INFO - __init__:17 - PredictionService inicializado
2025-09-05 07:09:59,840 - app - INFO - mongo_client:31 - ✅ Conexión a MongoDB establecida
2025-09-05 07:09:59,842 - app - INFO - __init__:31 - SensorService inicializado
2025-09-05 07:09:59,844 - app - INFO - __init__:22 - SensorController inicializado
2025-09-05 07:10:00,145 - app - INFO - mongo_client:31 - ✅ Conexión a MongoDB establecida
2025-09-05 07:10:00,266 - app - INFO - _ensure_indexes:46 - Índices de MongoDB verificados/creados
2025-09-05 07:10:00,269 - app - INFO - __init__:17 - PredictionService inicializado
2025-09-05 07:10:00,270 - app - INFO - __init__:31 - SensorService inicializado
2025-09-05 07:10:00,272 - app - INFO - __init__:22 - SensorController inicializado
2025-09-05 07:10:00,783 - app - INFO - _ensure_indexes:46 - Índices de MongoDB verificados/creados
2025-09-05 07:10:00,789 - app - INFO - __init__:17 - PredictionService inicializado
2025-09-05 07:10:00,793 - app - INFO - __init__:31 - SensorService inicializado
2025-09-05 07:10:00,794 - app - INFO - __init__:22 - SensorController inicializado
2025-09-05 07:10:01,113 - app - INFO - _ensure_indexes:46 - Índices de MongoDB verificados/creados
2025-09-05 07:10:01,114 - app - INFO - __init__:17 - PredictionService inicializado
2025-09-05 07:10:01,116 - app - INFO - __init__:31 - SensorService inicializado
2025-09-05 07:10:01,118 - app - INFO - __init__:22 - SensorController inicializado
2025-09-05 07:10:01,663 - app - INFO - _ensure_indexes:46 - Índices de MongoDB verificados/creados
2025-09-05 07:10:01,666 - app - INFO - __init__:17 - PredictionService inicializado
2025-09-05 07:10:01,668 - app - INFO - __init__:31 - SensorService inicializado
2025-09-05 07:10:01,669 - app - INFO - __init__:22 - SensorController inicializado
2025-09-05 07:10:01,815 - app - INFO - mongo_client:31 - ✅ Conexión a MongoDB establecida
2025-09-05 07:10:03,097 - app - INFO - _ensure_indexes:46 - Índices de MongoDB verificados/creados
2025-09-05 07:10:03,100 - app - INFO - __init__:17 - PredictionService inicializado
2025-09-05 07:10:03,101 - app - INFO - __init__:31 - SensorService inicializado
2025-09-05 07:10:03,102 - app - INFO - __init__:22 - SensorController inicializado
2025-09-05 07:10:22,267 - app - INFO - _ensure_indexes:44 - Índices de usuarios verificados/creados
2025-09-05 07:10:22,274 - app - INFO - __init__:28 - AuthService inicializado
2025-09-05 07:10:22,278 - app - WARNING - _decode_token:293 - Token expirado
2025-09-05 07:10:25,499 - app - INFO - _ensure_indexes:44 - Índices de usuarios verificados/creados
2025-09-05 07:10:25,508 - app - INFO - __init__:28 - AuthService inicializado
2025-09-05 07:10:25,510 - app - WARNING - _decode_token:293 - Token expirado
2025-09-05 07:10:28,118 - app - INFO - _ensure_indexes:44 - Índices de usuarios verificados/creados
2025-09-05 07:10:28,121 - app - INFO - __init__:28 - AuthService inicializado
2025-09-05 07:10:28,122 - app - WARNING - _decode_token:293 - Token expirado
2025-09-05 07:10:32,557 - app - INFO - _ensure_indexes:44 - Índices de usuarios verificados/creados
2025-09-05 07:10:32,563 - app - INFO - __init__:28 - AuthService inicializado
2025-09-05 07:10:32,564 - app - WARNING - _decode_token:293 - Token expirado
2025-09-05 07:10:36,064 - app - INFO - _ensure_indexes:44 - Índices de usuarios verificados/creados
2025-09-05 07:10:36,065 - app - INFO - __init__:28 - AuthService inicializado
2025-09-05 07:10:36,066 - app - WARNING - _decode_token:293 - Token expirado
2025-09-05 07:10:38,719 - app - INFO - _ensure_indexes:44 - Índices de usuarios verificados/creados
2025-09-05 07:10:38,723 - app - INFO - __init__:28 - AuthService inicializado
2025-09-05 07:10:38,726 - app - WARNING - _decode_token:293 - Token expirado
2025-09-05 07:10:47,517 - app - INFO - main:51 - 🛑 Cerrando aplicación...
2025-09-05 07:11:03,634 - app - INFO - configure_logging:52 - Sistema de logging configurado correctamente
2025-09-05 07:11:04,057 - app - INFO - register_blueprints:92 - Blueprints registrados correctamente
2025-09-05 07:11:04,058 - app - INFO - create_app:76 - Aplicación iniciada en modo: development
2025-09-05 07:11:04,059 - app - INFO - main:33 - 🚀 Iniciando aplicación en 0.0.0.0:5000
2025-09-05 07:11:04,059 - app - INFO - main:34 - 🔧 Modo: development
2025-09-05 07:11:04,060 - app - INFO - main:35 - 🐛 Debug: activado
2025-09-05 07:11:10,435 - app - INFO - mongo_client:31 - ✅ Conexión a MongoDB establecida
2025-09-05 07:11:10,446 - app - INFO - mongo_client:31 - ✅ Conexión a MongoDB establecida
2025-09-05 07:11:10,600 - app - INFO - mongo_client:31 - ✅ Conexión a MongoDB establecida
2025-09-05 07:11:10,611 - app - INFO - mongo_client:31 - ✅ Conexión a MongoDB establecida
2025-09-05 07:11:10,612 - app - INFO - mongo_client:31 - ✅ Conexión a MongoDB establecida
2025-09-05 07:11:10,636 - app - INFO - mongo_client:31 - ✅ Conexión a MongoDB establecida
2025-09-05 07:11:10,685 - app - INFO - mongo_client:31 - ✅ Conexión a MongoDB establecida
2025-09-05 07:11:10,708 - app - INFO - mongo_client:31 - ✅ Conexión a MongoDB establecida
2025-09-05 07:11:10,733 - app - INFO - mongo_client:31 - ✅ Conexión a MongoDB establecida
2025-09-05 07:11:10,762 - app - INFO - mongo_client:31 - ✅ Conexión a MongoDB establecida
2025-09-05 07:11:11,159 - app - INFO - _ensure_indexes:46 - Índices de MongoDB verificados/creados
2025-09-05 07:11:11,163 - app - INFO - __init__:17 - PredictionService inicializado
2025-09-05 07:11:11,165 - app - INFO - __init__:31 - SensorService inicializado
2025-09-05 07:11:11,167 - app - INFO - __init__:22 - SensorController inicializado
2025-09-05 07:11:11,272 - app - INFO - _ensure_indexes:44 - Índices de usuarios verificados/creados
2025-09-05 07:11:11,274 - app - INFO - __init__:28 - AuthService inicializado
2025-09-05 07:11:11,275 - app - WARNING - _decode_token:293 - Token expirado
2025-09-05 07:11:11,343 - app - INFO - _ensure_indexes:44 - Índices de usuarios verificados/creados
2025-09-05 07:11:11,345 - app - INFO - __init__:28 - AuthService inicializado
2025-09-05 07:11:11,346 - app - WARNING - _decode_token:293 - Token expirado
2025-09-05 07:11:11,592 - app - INFO - _ensure_indexes:46 - Índices de MongoDB verificados/creados
2025-09-05 07:11:11,594 - app - INFO - __init__:17 - PredictionService inicializado
2025-09-05 07:11:11,595 - app - INFO - __init__:31 - SensorService inicializado
2025-09-05 07:11:11,596 - app - INFO - __init__:22 - SensorController inicializado
2025-09-05 07:11:11,755 - app - INFO - _ensure_indexes:46 - Índices de MongoDB verificados/creados
2025-09-05 07:11:11,757 - app - INFO - __init__:17 - PredictionService inicializado
2025-09-05 07:11:11,758 - app - INFO - __init__:31 - SensorService inicializado
2025-09-05 07:11:11,759 - app - INFO - __init__:22 - SensorController inicializado
2025-09-05 07:11:11,959 - app - INFO - _ensure_indexes:46 - Índices de MongoDB verificados/creados
2025-09-05 07:11:11,990 - app - INFO - __init__:17 - PredictionService inicializado
2025-09-05 07:11:12,015 - app - INFO - __init__:31 - SensorService inicializado
2025-09-05 07:11:12,028 - app - INFO - __init__:22 - SensorController inicializado
2025-09-05 07:11:12,161 - app - INFO - _ensure_indexes:46 - Índices de MongoDB verificados/creados
2025-09-05 07:11:12,209 - app - INFO - __init__:17 - PredictionService inicializado
2025-09-05 07:11:12,211 - app - INFO - _ensure_indexes:46 - Índices de MongoDB verificados/creados
2025-09-05 07:11:12,256 - app - INFO - __init__:31 - SensorService inicializado
2025-09-05 07:11:12,289 - app - INFO - __init__:17 - PredictionService inicializado
2025-09-05 07:11:12,291 - app - INFO - __init__:22 - SensorController inicializado
2025-09-05 07:11:12,292 - app - INFO - __init__:31 - SensorService inicializado
2025-09-05 07:11:12,294 - app - INFO - __init__:22 - SensorController inicializado
2025-09-05 07:11:12,519 - app - INFO - _ensure_indexes:46 - Índices de MongoDB verificados/creados
2025-09-05 07:11:12,526 - app - INFO - __init__:17 - PredictionService inicializado
2025-09-05 07:11:12,527 - app - INFO - __init__:31 - SensorService inicializado
2025-09-05 07:11:12,529 - app - INFO - __init__:22 - SensorController inicializado
2025-09-05 07:11:12,662 - app - INFO - _ensure_indexes:46 - Índices de MongoDB verificados/creados
2025-09-05 07:11:12,663 - app - INFO - __init__:17 - PredictionService inicializado
2025-09-05 07:11:12,664 - app - INFO - __init__:31 - SensorService inicializado
2025-09-05 07:11:12,665 - app - INFO - __init__:22 - SensorController inicializado
2025-09-05 07:11:12,681 - app - INFO - _ensure_indexes:46 - Índices de MongoDB verificados/creados
2025-09-05 07:11:12,683 - app - INFO - __init__:17 - PredictionService inicializado
2025-09-05 07:11:12,684 - app - INFO - __init__:31 - SensorService inicializado
2025-09-05 07:11:12,685 - app - INFO - __init__:22 - SensorController inicializado
2025-09-05 07:11:13,394 - app - INFO - _ensure_indexes:46 - Índices de MongoDB verificados/creados
2025-09-05 07:11:13,395 - app - INFO - __init__:17 - PredictionService inicializado
2025-09-05 07:11:13,396 - app - INFO - __init__:31 - SensorService inicializado
2025-09-05 07:11:13,396 - app - INFO - __init__:22 - SensorController inicializado
2025-09-05 07:11:29,010 - app - INFO - _ensure_indexes:44 - Índices de usuarios verificados/creados
2025-09-05 07:11:29,011 - app - INFO - __init__:28 - AuthService inicializado
2025-09-05 07:11:29,012 - app - WARNING - _decode_token:293 - Token expirado
2025-09-05 07:11:31,500 - app - INFO - _ensure_indexes:44 - Índices de usuarios verificados/creados
2025-09-05 07:11:31,501 - app - INFO - __init__:28 - AuthService inicializado
2025-09-05 07:11:31,501 - app - WARNING - _decode_token:293 - Token expirado
2025-09-05 07:11:58,095 - app - INFO - _ensure_indexes:44 - Índices de usuarios verificados/creados
2025-09-05 07:11:58,097 - app - INFO - __init__:28 - AuthService inicializado
2025-09-05 07:11:58,098 - app - WARNING - _decode_token:293 - Token expirado
2025-09-05 07:12:00,954 - app - INFO - _ensure_indexes:44 - Índices de usuarios verificados/creados
2025-09-05 07:12:00,956 - app - INFO - __init__:28 - AuthService inicializado
2025-09-05 07:12:00,957 - app - WARNING - _decode_token:293 - Token expirado
2025-09-05 07:12:36,321 - app - INFO - _ensure_indexes:44 - Índices de usuarios verificados/creados
2025-09-05 07:12:36,464 - app - INFO - __init__:28 - AuthService inicializado
2025-09-05 07:12:36,475 - app - WARNING - _decode_token:293 - Token expirado
2025-09-05 07:12:39,265 - app - INFO - _ensure_indexes:44 - Índices de usuarios verificados/creados
2025-09-05 07:12:39,266 - app - INFO - __init__:28 - AuthService inicializado
2025-09-05 07:12:39,271 - app - WARNING - _decode_token:293 - Token expirado
2025-09-05 07:12:49,144 - app - INFO - _ensure_indexes:44 - Índices de usuarios verificados/creados
2025-09-05 07:12:49,145 - app - INFO - __init__:28 - AuthService inicializado
2025-09-05 07:12:49,146 - app - WARNING - _decode_token:293 - Token expirado
2025-09-05 07:12:52,079 - app - INFO - _ensure_indexes:44 - Índices de usuarios verificados/creados
2025-09-05 07:12:52,082 - app - INFO - __init__:28 - AuthService inicializado
2025-09-05 07:12:52,084 - app - WARNING - _decode_token:293 - Token expirado
2025-09-05 07:12:56,028 - app - INFO - _ensure_indexes:44 - Índices de usuarios verificados/creados
2025-09-05 07:12:56,030 - app - INFO - __init__:28 - AuthService inicializado
2025-09-05 07:12:56,033 - app - WARNING - _decode_token:296 - Token inválido
2025-09-05 07:12:58,717 - app - INFO - _ensure_indexes:44 - Índices de usuarios verificados/creados
2025-09-05 07:12:58,720 - app - INFO - __init__:28 - AuthService inicializado
2025-09-05 07:12:58,723 - app - WARNING - _decode_token:296 - Token inválido
2025-09-05 07:13:12,562 - app - INFO - _ensure_indexes:44 - Índices de usuarios verificados/creados
2025-09-05 07:13:12,563 - app - INFO - __init__:28 - AuthService inicializado
2025-09-05 07:13:12,564 - app - WARNING - _decode_token:296 - Token inválido
2025-09-05 07:13:16,021 - app - INFO - _ensure_indexes:44 - Índices de usuarios verificados/creados
2025-09-05 07:13:16,022 - app - INFO - __init__:28 - AuthService inicializado
2025-09-05 07:13:16,022 - app - WARNING - _decode_token:296 - Token inválido
2025-09-05 07:13:18,774 - app - INFO - _ensure_indexes:44 - Índices de usuarios verificados/creados
2025-09-05 07:13:18,791 - app - INFO - __init__:28 - AuthService inicializado
2025-09-05 07:13:18,809 - app - WARNING - _decode_token:296 - Token inválido
2025-09-05 07:13:23,432 - app - INFO - _ensure_indexes:44 - Índices de usuarios verificados/creados
2025-09-05 07:13:23,433 - app - INFO - __init__:28 - AuthService inicializado
2025-09-05 07:13:23,434 - app - WARNING - _decode_token:296 - Token inválido
2025-09-05 07:13:26,647 - app - INFO - _ensure_indexes:44 - Índices de usuarios verificados/creados
2025-09-05 07:13:26,696 - app - INFO - __init__:28 - AuthService inicializado
2025-09-05 07:13:26,722 - app - WARNING - _decode_token:296 - Token inválido
2025-09-05 07:13:40,495 - app - INFO - _ensure_indexes:44 - Índices de usuarios verificados/creados
2025-09-05 07:13:40,496 - app - INFO - __init__:28 - AuthService inicializado
2025-09-05 07:13:40,497 - app - WARNING - _decode_token:296 - Token inválido
2025-09-05 07:13:42,971 - app - INFO - _ensure_indexes:44 - Índices de usuarios verificados/creados
2025-09-05 07:13:42,972 - app - INFO - __init__:28 - AuthService inicializado
2025-09-05 07:13:42,972 - app - WARNING - _decode_token:296 - Token inválido
2025-09-05 07:14:05,046 - app - INFO - generar_predicciones:46 - Predicciones generadas para 2 períodos
2025-09-05 07:14:12,754 - app - INFO - _ensure_indexes:44 - Índices de usuarios verificados/creados
2025-09-05 07:14:12,755 - app - INFO - __init__:28 - AuthService inicializado
2025-09-05 07:14:12,756 - app - WARNING - _decode_token:296 - Token inválido
2025-09-05 07:14:15,393 - app - INFO - _ensure_indexes:44 - Índices de usuarios verificados/creados
2025-09-05 07:14:15,396 - app - INFO - __init__:28 - AuthService inicializado
2025-09-05 07:14:15,397 - app - WARNING - _decode_token:296 - Token inválido
2025-09-05 07:15:26,104 - app - INFO - _ensure_indexes:44 - Índices de usuarios verificados/creados
2025-09-05 07:15:26,111 - app - INFO - __init__:28 - AuthService inicializado
2025-09-05 07:15:26,112 - app - WARNING - _decode_token:296 - Token inválido
2025-09-05 07:15:29,119 - app - INFO - _ensure_indexes:44 - Índices de usuarios verificados/creados
2025-09-05 07:15:29,121 - app - INFO - __init__:28 - AuthService inicializado
2025-09-05 07:15:29,123 - app - WARNING - _decode_token:296 - Token inválido
2025-09-05 07:17:18,489 - app - INFO - _ensure_indexes:44 - Índices de usuarios verificados/creados
2025-09-05 07:17:18,498 - app - INFO - __init__:28 - AuthService inicializado
2025-09-05 07:17:19,521 - app - INFO - authenticate_user:121 - Usuario admin autenticado exitosamente
2025-09-05 07:17:19,523 - app - INFO - login:75 - Login exitoso para usuario: admin
2025-09-05 07:17:22,591 - app - INFO - _ensure_indexes:44 - Índices de usuarios verificados/creados
2025-09-05 07:17:22,592 - app - INFO - __init__:28 - AuthService inicializado
2025-09-05 07:17:24,217 - app - INFO - generar_predicciones:46 - Predicciones generadas para 2 períodos
2025-09-05 07:17:31,026 - app - INFO - _ensure_indexes:44 - Índices de usuarios verificados/creados
2025-09-05 07:17:31,027 - app - INFO - __init__:28 - AuthService inicializado
2025-09-05 07:17:34,638 - app - INFO - _ensure_indexes:44 - Índices de usuarios verificados/creados
2025-09-05 07:17:34,640 - app - INFO - __init__:28 - AuthService inicializado
2025-09-05 07:17:35,763 - app - INFO - generar_predicciones:46 - Predicciones generadas para 2 períodos
2025-09-05 07:17:40,598 - app - INFO - _ensure_indexes:44 - Índices de usuarios verificados/creados
2025-09-05 07:17:40,633 - app - INFO - __init__:28 - AuthService inicializado
2025-09-05 07:17:43,493 - app - INFO - _ensure_indexes:44 - Índices de usuarios verificados/creados
2025-09-05 07:17:43,494 - app - INFO - __init__:28 - AuthService inicializado
2025-09-05 07:17:45,933 - app - INFO - generar_predicciones:46 - Predicciones generadas para 2 períodos
2025-09-05 07:17:46,806 - app - INFO - _ensure_indexes:44 - Índices de usuarios verificados/creados
2025-09-05 07:17:46,807 - app - INFO - __init__:28 - AuthService inicializado
2025-09-05 07:17:55,864 - app - INFO - _ensure_indexes:44 - Índices de usuarios verificados/creados
2025-09-05 07:17:55,865 - app - INFO - __init__:28 - AuthService inicializado
2025-09-05 07:18:01,102 - app - INFO - _ensure_indexes:44 - Índices de usuarios verificados/creados
2025-09-05 07:18:01,103 - app - INFO - __init__:28 - AuthService inicializado
2025-09-05 07:18:01,773 - app - INFO - authenticate_user:121 - Usuario admin autenticado exitosamente
2025-09-05 07:18:01,775 - app - INFO - login:75 - Login exitoso para usuario: admin
2025-09-05 07:18:04,483 - app - INFO - _ensure_indexes:44 - Índices de usuarios verificados/creados
2025-09-05 07:18:04,517 - app - INFO - __init__:28 - AuthService inicializado
2025-09-05 07:18:23,631 - app - INFO - _ensure_indexes:44 - Índices de usuarios verificados/creados
2025-09-05 07:18:23,632 - app - INFO - __init__:28 - AuthService inicializado
2025-09-05 07:18:24,404 - app - INFO - authenticate_user:121 - Usuario admin autenticado exitosamente
2025-09-05 07:18:24,405 - app - INFO - login:75 - Login exitoso para usuario: admin
2025-09-05 07:18:26,669 - app - INFO - _ensure_indexes:44 - Índices de usuarios verificados/creados
2025-09-05 07:18:26,678 - app - INFO - __init__:28 - AuthService inicializado
2025-09-05 07:18:28,628 - app - INFO - generar_predicciones:46 - Predicciones generadas para 2 períodos
2025-09-05 07:18:59,350 - app - INFO - generar_predicciones:46 - Predicciones generadas para 2 períodos
2025-09-05 07:19:29,347 - app - INFO - generar_predicciones:46 - Predicciones generadas para 2 períodos
2025-09-05 07:20:15,237 - app - INFO - _ensure_indexes:44 - Índices de usuarios verificados/creados
2025-09-05 07:20:15,242 - app - INFO - __init__:28 - AuthService inicializado
2025-09-05 07:20:16,055 - app - INFO - authenticate_user:121 - Usuario admin autenticado exitosamente
2025-09-05 07:20:16,078 - app - INFO - login:75 - Login exitoso para usuario: admin
2025-09-05 07:20:46,904 - app - INFO - generar_predicciones:46 - Predicciones generadas para 2 períodos
2025-09-05 07:21:00,204 - app - INFO - _ensure_indexes:44 - Índices de usuarios verificados/creados
2025-09-05 07:21:00,205 - app - INFO - __init__:28 - AuthService inicializado
2025-09-05 07:21:06,107 - app - INFO - _ensure_indexes:44 - Índices de usuarios verificados/creados
2025-09-05 07:21:06,108 - app - INFO - __init__:28 - AuthService inicializado
2025-09-05 07:21:06,256 - app - ERROR - get_users:227 - Error obteniendo usuarios: 'UserRepository' object has no attribute 'db_name'
2025-09-05 07:21:09,432 - app - INFO - _ensure_indexes:44 - Índices de usuarios verificados/creados
2025-09-05 07:21:09,434 - app - INFO - __init__:28 - AuthService inicializado
2025-09-05 07:21:09,571 - app - ERROR - get_users:227 - Error obteniendo usuarios: 'UserRepository' object has no attribute 'db_name'
2025-09-05 07:21:15,701 - app - INFO - _ensure_indexes:44 - Índices de usuarios verificados/creados
2025-09-05 07:21:15,702 - app - INFO - __init__:28 - AuthService inicializado
2025-09-05 07:21:16,426 - app - INFO - authenticate_user:121 - Usuario admin autenticado exitosamente
2025-09-05 07:21:16,427 - app - INFO - login:75 - Login exitoso para usuario: admin
2025-09-05 07:21:17,308 - app - INFO - generar_predicciones:46 - Predicciones generadas para 2 períodos
2025-09-05 07:21:48,326 - app - INFO - generar_predicciones:46 - Predicciones generadas para 2 períodos
2025-09-05 07:22:08,972 - app - INFO - generar_predicciones:46 - Predicciones generadas para 2 períodos
2025-09-05 07:22:25,867 - app - INFO - generar_predicciones:46 - Predicciones generadas para 2 períodos
2025-09-05 07:22:37,216 - app - INFO - generar_predicciones:46 - Predicciones generadas para 2 períodos
2025-09-05 07:22:58,569 - app - INFO - _ensure_indexes:44 - Índices de usuarios verificados/creados
2025-09-05 07:22:58,571 - app - INFO - __init__:28 - AuthService inicializado
2025-09-05 07:23:01,659 - app - INFO - _ensure_indexes:44 - Índices de usuarios verificados/creados
2025-09-05 07:23:01,660 - app - INFO - __init__:28 - AuthService inicializado
2025-09-05 07:23:01,908 - app - ERROR - get_users:227 - Error obteniendo usuarios: 'UserRepository' object has no attribute 'db_name'
2025-09-05 07:23:13,773 - app - INFO - _ensure_indexes:44 - Índices de usuarios verificados/creados
2025-09-05 07:23:13,780 - app - INFO - __init__:28 - AuthService inicializado
2025-09-05 07:23:13,936 - app - ERROR - get_users:227 - Error obteniendo usuarios: 'UserRepository' object has no attribute 'db_name'
2025-09-05 07:23:15,564 - app - INFO - _ensure_indexes:44 - Índices de usuarios verificados/creados
2025-09-05 07:23:15,568 - app - INFO - __init__:28 - AuthService inicializado
2025-09-05 07:23:21,576 - app - INFO - _ensure_indexes:44 - Índices de usuarios verificados/creados
2025-09-05 07:23:21,582 - app - INFO - __init__:28 - AuthService inicializado
2025-09-05 07:23:21,730 - app - ERROR - get_users:227 - Error obteniendo usuarios: 'UserRepository' object has no attribute 'db_name'
2025-09-05 07:23:33,747 - app - INFO - _ensure_indexes:44 - Índices de usuarios verificados/creados
2025-09-05 07:23:33,748 - app - INFO - __init__:28 - AuthService inicializado
2025-09-05 07:23:34,433 - app - INFO - authenticate_user:121 - Usuario admin autenticado exitosamente
2025-09-05 07:23:34,434 - app - INFO - login:75 - Login exitoso para usuario: admin
2025-09-05 07:23:37,066 - app - INFO - _ensure_indexes:44 - Índices de usuarios verificados/creados
2025-09-05 07:23:37,067 - app - INFO - __init__:28 - AuthService inicializado
2025-09-05 07:23:40,201 - app - INFO - _ensure_indexes:44 - Índices de usuarios verificados/creados
2025-09-05 07:23:40,202 - app - INFO - __init__:28 - AuthService inicializado
2025-09-05 07:23:40,356 - app - ERROR - get_users:227 - Error obteniendo usuarios: 'UserRepository' object has no attribute 'db_name'
2025-09-05 07:23:42,996 - app - INFO - _ensure_indexes:44 - Índices de usuarios verificados/creados
2025-09-05 07:23:43,000 - app - INFO - __init__:28 - AuthService inicializado
2025-09-05 07:23:43,142 - app - ERROR - get_users:227 - Error obteniendo usuarios: 'UserRepository' object has no attribute 'db_name'
2025-09-05 07:25:42,460 - app - INFO - main:51 - 🛑 Cerrando aplicación...
2025-09-05 07:25:55,711 - app - INFO - configure_logging:52 - Sistema de logging configurado correctamente
2025-09-05 07:25:56,222 - app - INFO - register_blueprints:92 - Blueprints registrados correctamente
2025-09-05 07:25:56,232 - app - INFO - create_app:76 - Aplicación iniciada en modo: development
2025-09-05 07:25:56,236 - app - INFO - main:33 - 🚀 Iniciando aplicación en 0.0.0.0:5000
2025-09-05 07:25:56,239 - app - INFO - main:34 - 🔧 Modo: development
2025-09-05 07:25:56,240 - app - INFO - main:35 - 🐛 Debug: activado
2025-09-05 07:52:49,911 - app - INFO - _ensure_indexes:44 - Índices de usuarios verificados/creados
2025-09-05 07:52:49,948 - app - INFO - __init__:28 - AuthService inicializado
2025-09-05 07:52:56,482 - app - INFO - _ensure_indexes:44 - Índices de usuarios verificados/creados
2025-09-05 07:52:56,483 - app - INFO - __init__:28 - AuthService inicializado
2025-09-05 07:52:57,125 - app - INFO - authenticate_user:121 - Usuario admin autenticado exitosamente
2025-09-05 07:52:57,126 - app - INFO - login:75 - Login exitoso para usuario: admin
2025-09-05 07:52:59,653 - app - INFO - _ensure_indexes:44 - Índices de usuarios verificados/creados
2025-09-05 07:52:59,654 - app - INFO - __init__:28 - AuthService inicializado
2025-09-05 07:53:01,564 - app - INFO - mongo_client:31 - ✅ Conexión a MongoDB establecida
2025-09-05 07:53:01,939 - app - INFO - _ensure_indexes:46 - Índices de MongoDB verificados/creados
2025-09-05 07:53:01,951 - app - INFO - __init__:17 - PredictionService inicializado
2025-09-05 07:53:01,952 - app - INFO - __init__:31 - SensorService inicializado
2025-09-05 07:53:01,953 - app - INFO - __init__:22 - SensorController inicializado
2025-09-05 07:53:01,991 - app - INFO - _ensure_indexes:46 - Índices de MongoDB verificados/creados
2025-09-05 07:53:01,992 - app - INFO - __init__:17 - PredictionService inicializado
2025-09-05 07:53:01,993 - app - INFO - __init__:31 - SensorService inicializado
2025-09-05 07:53:01,994 - app - INFO - __init__:22 - SensorController inicializado
2025-09-05 07:53:02,359 - app - INFO - _ensure_indexes:44 - Índices de usuarios verificados/creados
2025-09-05 07:53:02,360 - app - INFO - __init__:28 - AuthService inicializado
2025-09-05 07:53:02,392 - app - INFO - _ensure_indexes:46 - Índices de MongoDB verificados/creados
2025-09-05 07:53:02,394 - app - INFO - __init__:17 - PredictionService inicializado
2025-09-05 07:53:02,395 - app - INFO - __init__:31 - SensorService inicializado
2025-09-05 07:53:02,396 - app - INFO - __init__:22 - SensorController inicializado
2025-09-05 07:53:02,592 - app - INFO - _ensure_indexes:46 - Índices de MongoDB verificados/creados
2025-09-05 07:53:02,593 - app - INFO - __init__:17 - PredictionService inicializado
2025-09-05 07:53:02,596 - app - INFO - __init__:31 - SensorService inicializado
2025-09-05 07:53:02,597 - app - INFO - __init__:22 - SensorController inicializado
2025-09-05 07:53:02,682 - app - INFO - _ensure_indexes:46 - Índices de MongoDB verificados/creados
2025-09-05 07:53:02,684 - app - INFO - __init__:17 - PredictionService inicializado
2025-09-05 07:53:02,685 - app - INFO - __init__:31 - SensorService inicializado
2025-09-05 07:53:02,686 - app - INFO - __init__:22 - SensorController inicializado
2025-09-05 07:53:03,292 - app - INFO - get_users:218 - Lista de usuarios obtenida por admin: admin
2025-09-05 07:53:05,810 - app - INFO - _ensure_indexes:44 - Índices de usuarios verificados/creados
2025-09-05 07:53:05,811 - app - INFO - __init__:28 - AuthService inicializado
2025-09-05 07:53:06,792 - app - INFO - get_users:218 - Lista de usuarios obtenida por admin: admin
2025-09-05 08:35:11,236 - app - INFO - _ensure_indexes:44 - Índices de usuarios verificados/creados
2025-09-05 08:35:11,352 - app - INFO - __init__:28 - AuthService inicializado
2025-09-05 08:35:19,688 - app - INFO - _ensure_indexes:44 - Índices de usuarios verificados/creados
2025-09-05 08:35:19,689 - app - INFO - __init__:28 - AuthService inicializado
2025-09-05 08:35:20,660 - app - INFO - get_users:218 - Lista de usuarios obtenida por admin: admin
2025-09-05 08:35:23,953 - app - INFO - _ensure_indexes:44 - Índices de usuarios verificados/creados
2025-09-05 08:35:23,954 - app - INFO - __init__:28 - AuthService inicializado
2025-09-05 08:35:24,970 - app - INFO - get_users:218 - Lista de usuarios obtenida por admin: admin
2025-09-05 08:39:41,394 - app - INFO - _ensure_indexes:44 - Índices de usuarios verificados/creados
2025-09-05 08:39:41,407 - app - INFO - __init__:28 - AuthService inicializado
2025-09-05 08:39:41,663 - app - WARNING - authenticate_user:94 - Usuario operador no encontrado
2025-09-05 08:39:41,664 - app - WARNING - login:68 - Intento de login fallido para usuario: operador
2025-09-05 08:40:38,591 - app - INFO - _ensure_indexes:44 - Índices de usuarios verificados/creados
2025-09-05 08:40:38,593 - app - INFO - __init__:28 - AuthService inicializado
2025-09-05 08:40:38,843 - app - WARNING - authenticate_user:94 - Usuario operador no encontrado
2025-09-05 08:40:38,844 - app - WARNING - login:68 - Intento de login fallido para usuario: operador
2025-09-05 08:40:53,947 - app - INFO - _ensure_indexes:44 - Índices de usuarios verificados/creados
2025-09-05 08:40:53,949 - app - INFO - __init__:28 - AuthService inicializado
2025-09-05 08:40:54,617 - app - INFO - authenticate_user:121 - Usuario operator autenticado exitosamente
2025-09-05 08:40:54,618 - app - INFO - login:75 - Login exitoso para usuario: operator
2025-09-05 08:40:57,097 - app - INFO - _ensure_indexes:44 - Índices de usuarios verificados/creados
2025-09-05 08:40:57,098 - app - INFO - __init__:28 - AuthService inicializado
2025-09-05 08:42:20,253 - app - INFO - _ensure_indexes:44 - Índices de usuarios verificados/creados
2025-09-05 08:42:20,259 - app - INFO - __init__:28 - AuthService inicializado
2025-09-05 08:42:24,456 - app - INFO - _ensure_indexes:44 - Índices de usuarios verificados/creados
2025-09-05 08:42:24,558 - app - INFO - __init__:28 - AuthService inicializado
2025-09-05 08:42:54,434 - app - INFO - _ensure_indexes:44 - Índices de usuarios verificados/creados
2025-09-05 08:42:54,444 - app - INFO - __init__:28 - AuthService inicializado
2025-09-05 08:43:03,132 - app - INFO - _ensure_indexes:44 - Índices de usuarios verificados/creados
2025-09-05 08:43:03,133 - app - INFO - __init__:28 - AuthService inicializado
2025-09-05 08:44:34,461 - app - INFO - _ensure_indexes:44 - Índices de usuarios verificados/creados
2025-09-05 08:44:34,464 - app - INFO - __init__:28 - AuthService inicializado
2025-09-05 08:44:39,617 - app - INFO - _ensure_indexes:44 - Índices de usuarios verificados/creados
2025-09-05 08:44:39,619 - app - INFO - __init__:28 - AuthService inicializado
2025-09-05 08:44:41,867 - app - INFO - _ensure_indexes:44 - Índices de usuarios verificados/creados
2025-09-05 08:44:41,868 - app - INFO - __init__:28 - AuthService inicializado
2025-09-05 08:45:07,459 - app - INFO - _ensure_indexes:44 - Índices de usuarios verificados/creados
2025-09-05 08:45:07,461 - app - INFO - __init__:28 - AuthService inicializado
2025-09-05 08:45:26,435 - app - INFO - _ensure_indexes:44 - Índices de usuarios verificados/creados
2025-09-05 08:45:26,436 - app - INFO - __init__:28 - AuthService inicializado
2025-09-05 08:45:34,129 - app - INFO - _ensure_indexes:44 - Índices de usuarios verificados/creados
2025-09-05 08:45:34,129 - app - INFO - __init__:28 - AuthService inicializado
2025-09-05 08:45:42,768 - app - INFO - _ensure_indexes:44 - Índices de usuarios verificados/creados
2025-09-05 08:45:42,774 - app - INFO - __init__:28 - AuthService inicializado
2025-09-05 08:46:22,286 - app - INFO - _ensure_indexes:44 - Índices de usuarios verificados/creados
2025-09-05 08:46:22,286 - app - INFO - __init__:28 - AuthService inicializado
2025-09-05 08:46:25,092 - app - INFO - _ensure_indexes:44 - Índices de usuarios verificados/creados
2025-09-05 08:46:25,093 - app - INFO - __init__:28 - AuthService inicializado
2025-09-05 08:46:26,623 - app - INFO - _ensure_indexes:44 - Índices de usuarios verificados/creados
2025-09-05 08:46:26,624 - app - INFO - __init__:28 - AuthService inicializado
2025-09-05 08:46:58,089 - app - INFO - _ensure_indexes:44 - Índices de usuarios verificados/creados
2025-09-05 08:46:58,092 - app - INFO - __init__:28 - AuthService inicializado
2025-09-05 08:47:20,525 - app - INFO - _ensure_indexes:44 - Índices de usuarios verificados/creados
2025-09-05 08:47:20,526 - app - INFO - __init__:28 - AuthService inicializado
2025-09-05 08:47:28,344 - app - INFO - generar_predicciones:46 - Predicciones generadas para 2 períodos
2025-09-05 08:47:35,197 - app - INFO - _ensure_indexes:44 - Índices de usuarios verificados/creados
2025-09-05 08:47:35,198 - app - INFO - __init__:28 - AuthService inicializado
2025-09-05 08:47:37,566 - app - INFO - _ensure_indexes:44 - Índices de usuarios verificados/creados
2025-09-05 08:47:37,567 - app - INFO - __init__:28 - AuthService inicializado
2025-09-05 08:47:47,638 - app - INFO - _ensure_indexes:44 - Índices de usuarios verificados/creados
2025-09-05 08:47:47,639 - app - INFO - __init__:28 - AuthService inicializado
2025-09-05 08:47:48,421 - app - INFO - authenticate_user:121 - Usuario admin autenticado exitosamente
2025-09-05 08:47:48,422 - app - INFO - login:75 - Login exitoso para usuario: admin
2025-09-05 08:47:50,841 - app - INFO - _ensure_indexes:44 - Índices de usuarios verificados/creados
2025-09-05 08:47:50,842 - app - INFO - __init__:28 - AuthService inicializado
2025-09-05 08:47:53,562 - app - INFO - _ensure_indexes:44 - Índices de usuarios verificados/creados
2025-09-05 08:47:53,563 - app - INFO - __init__:28 - AuthService inicializado
2025-09-05 08:47:54,509 - app - INFO - get_users:218 - Lista de usuarios obtenida por admin: admin
2025-09-05 08:47:56,973 - app - INFO - _ensure_indexes:44 - Índices de usuarios verificados/creados
2025-09-05 08:47:56,974 - app - INFO - __init__:28 - AuthService inicializado
2025-09-05 08:47:57,908 - app - INFO - get_users:218 - Lista de usuarios obtenida por admin: admin
2025-09-05 08:48:08,153 - app - INFO - _ensure_indexes:44 - Índices de usuarios verificados/creados
2025-09-05 08:48:08,154 - app - INFO - __init__:28 - AuthService inicializado
2025-09-05 08:48:10,767 - app - INFO - _ensure_indexes:44 - Índices de usuarios verificados/creados
2025-09-05 08:48:10,768 - app - INFO - __init__:28 - AuthService inicializado
2025-09-05 08:48:11,643 - app - INFO - get_users:218 - Lista de usuarios obtenida por admin: admin
2025-09-05 08:48:13,994 - app - INFO - _ensure_indexes:44 - Índices de usuarios verificados/creados
2025-09-05 08:48:13,995 - app - INFO - __init__:28 - AuthService inicializado
2025-09-05 08:48:14,880 - app - INFO - get_users:218 - Lista de usuarios obtenida por admin: admin
2025-09-05 08:55:51,454 - app - INFO - main:51 - 🛑 Cerrando aplicación...
2025-09-05 08:56:25,047 - app - INFO - configure_logging:52 - Sistema de logging configurado correctamente
2025-09-05 08:56:26,375 - app - INFO - main:51 - 🛑 Cerrando aplicación...
2025-09-05 09:04:43,703 - app - INFO - configure_logging:52 - Sistema de logging configurado correctamente
2025-09-05 09:05:23,178 - app - INFO - configure_logging:52 - Sistema de logging configurado correctamente
2025-09-05 09:06:20,439 - app - INFO - configure_logging:52 - Sistema de logging configurado correctamente
2025-09-05 09:06:55,953 - app - INFO - configure_logging:52 - Sistema de logging configurado correctamente
2025-09-05 09:07:22,386 - app - INFO - configure_logging:52 - Sistema de logging configurado correctamente
2025-09-05 09:07:22,657 - app - INFO - register_blueprints:96 - Blueprints registrados correctamente
2025-09-05 09:07:22,658 - app - INFO - create_app:76 - Aplicación iniciada en modo: development
2025-09-05 09:07:22,658 - app - INFO - main:33 - 🚀 Iniciando aplicación en 0.0.0.0:5000
2025-09-05 09:07:22,659 - app - INFO - main:34 - 🔧 Modo: development
2025-09-05 09:07:22,659 - app - INFO - main:35 - 🐛 Debug: activado
2025-09-05 09:07:28,003 - app - INFO - configure_logging:52 - Sistema de logging configurado correctamente
2025-09-05 09:07:29,478 - app - INFO - register_blueprints:96 - Blueprints registrados correctamente
2025-09-05 09:07:29,481 - app - INFO - create_app:76 - Aplicación iniciada en modo: development
2025-09-05 09:07:29,486 - app - INFO - main:33 - 🚀 Iniciando aplicación en 0.0.0.0:5000
2025-09-05 09:07:29,488 - app - INFO - main:34 - 🔧 Modo: development
2025-09-05 09:07:29,489 - app - INFO - main:35 - 🐛 Debug: activado
2025-09-05 09:07:35,601 - app - INFO - configure_logging:52 - Sistema de logging configurado correctamente
2025-09-05 09:07:36,220 - app - INFO - register_blueprints:96 - Blueprints registrados correctamente
2025-09-05 09:07:36,221 - app - INFO - create_app:76 - Aplicación iniciada en modo: development
2025-09-05 09:07:36,221 - app - INFO - main:33 - 🚀 Iniciando aplicación en 0.0.0.0:5000
2025-09-05 09:07:36,222 - app - INFO - main:34 - 🔧 Modo: development
2025-09-05 09:07:36,224 - app - INFO - main:35 - 🐛 Debug: activado
2025-09-05 09:07:39,494 - app - INFO - configure_logging:52 - Sistema de logging configurado correctamente
2025-09-05 09:07:39,833 - app - INFO - register_blueprints:96 - Blueprints registrados correctamente
2025-09-05 09:07:39,834 - app - INFO - create_app:76 - Aplicación iniciada en modo: development
2025-09-05 09:07:39,835 - app - INFO - main:33 - 🚀 Iniciando aplicación en 0.0.0.0:5000
2025-09-05 09:07:39,837 - app - INFO - main:34 - 🔧 Modo: development
2025-09-05 09:07:39,838 - app - INFO - main:35 - 🐛 Debug: activado
2025-09-05 09:07:41,265 - app - INFO - mongo_client:31 - ✅ Conexión a MongoDB establecida
2025-09-05 09:07:41,311 - app - INFO - mongo_client:31 - ✅ Conexión a MongoDB establecida
2025-09-05 09:07:41,315 - app - INFO - mongo_client:31 - ✅ Conexión a MongoDB establecida
2025-09-05 09:07:41,360 - app - INFO - mongo_client:31 - ✅ Conexión a MongoDB establecida
2025-09-05 09:07:41,360 - app - INFO - mongo_client:31 - ✅ Conexión a MongoDB establecida
2025-09-05 09:07:41,751 - app - INFO - _ensure_indexes:46 - Índices de MongoDB verificados/creados
2025-09-05 09:07:41,782 - app - INFO - __init__:17 - PredictionService inicializado
2025-09-05 09:07:41,811 - app - INFO - __init__:31 - SensorService inicializado
2025-09-05 09:07:41,813 - app - INFO - __init__:22 - SensorController inicializado
2025-09-05 09:07:42,182 - app - INFO - _ensure_indexes:46 - Índices de MongoDB verificados/creados
2025-09-05 09:07:42,184 - app - INFO - __init__:17 - PredictionService inicializado
2025-09-05 09:07:42,185 - app - INFO - __init__:31 - SensorService inicializado
2025-09-05 09:07:42,186 - app - INFO - __init__:22 - SensorController inicializado
2025-09-05 09:07:42,438 - app - INFO - _ensure_indexes:46 - Índices de MongoDB verificados/creados
2025-09-05 09:07:42,439 - app - INFO - __init__:17 - PredictionService inicializado
2025-09-05 09:07:42,440 - app - INFO - __init__:31 - SensorService inicializado
2025-09-05 09:07:42,441 - app - INFO - __init__:22 - SensorController inicializado
2025-09-05 09:07:42,518 - app - INFO - _ensure_indexes:46 - Índices de MongoDB verificados/creados
2025-09-05 09:07:42,519 - app - INFO - __init__:17 - PredictionService inicializado
2025-09-05 09:07:42,520 - app - INFO - __init__:31 - SensorService inicializado
2025-09-05 09:07:42,522 - app - INFO - __init__:22 - SensorController inicializado
2025-09-05 09:07:42,614 - app - INFO - _ensure_indexes:46 - Índices de MongoDB verificados/creados
2025-09-05 09:07:42,635 - app - INFO - __init__:17 - PredictionService inicializado
2025-09-05 09:07:42,641 - app - INFO - __init__:31 - SensorService inicializado
2025-09-05 09:07:42,642 - app - INFO - __init__:22 - SensorController inicializado
2025-09-05 09:07:42,670 - app - INFO - generar_predicciones:46 - Predicciones generadas para 2 períodos
2025-09-05 09:07:42,971 - app - INFO - _ensure_indexes:46 - Índices de MongoDB verificados/creados
2025-09-05 09:07:42,972 - app - INFO - __init__:17 - PredictionService inicializado
2025-09-05 09:07:42,973 - app - INFO - __init__:31 - SensorService inicializado
2025-09-05 09:07:42,974 - app - INFO - __init__:22 - SensorController inicializado
2025-09-05 09:07:43,014 - app - INFO - _ensure_indexes:46 - Índices de MongoDB verificados/creados
2025-09-05 09:07:43,016 - app - INFO - __init__:17 - PredictionService inicializado
2025-09-05 09:07:43,018 - app - INFO - __init__:31 - SensorService inicializado
2025-09-05 09:07:43,020 - app - INFO - __init__:22 - SensorController inicializado
2025-09-05 09:07:43,062 - app - INFO - _ensure_indexes:46 - Índices de MongoDB verificados/creados
2025-09-05 09:07:43,064 - app - INFO - __init__:17 - PredictionService inicializado
2025-09-05 09:07:43,065 - app - INFO - __init__:31 - SensorService inicializado
2025-09-05 09:07:43,066 - app - INFO - __init__:22 - SensorController inicializado
2025-09-05 09:07:43,143 - app - INFO - _ensure_indexes:46 - Índices de MongoDB verificados/creados
2025-09-05 09:07:43,144 - app - INFO - __init__:17 - PredictionService inicializado
2025-09-05 09:07:43,145 - app - INFO - __init__:31 - SensorService inicializado
2025-09-05 09:07:43,145 - app - INFO - __init__:22 - SensorController inicializado
2025-09-05 09:07:43,240 - app - INFO - _ensure_indexes:46 - Índices de MongoDB verificados/creados
2025-09-05 09:07:43,241 - app - INFO - __init__:17 - PredictionService inicializado
2025-09-05 09:07:43,242 - app - INFO - __init__:31 - SensorService inicializado
2025-09-05 09:07:43,243 - app - INFO - __init__:22 - SensorController inicializado
2025-09-05 09:07:43,343 - app - INFO - generar_predicciones:46 - Predicciones generadas para 2 períodos
2025-09-05 09:07:46,090 - app - INFO - generar_predicciones:46 - Predicciones generadas para 2 períodos
2025-09-05 09:08:04,683 - app - INFO - _ensure_indexes:44 - Índices de usuarios verificados/creados
2025-09-05 09:08:04,685 - app - INFO - __init__:28 - AuthService inicializado
2025-09-05 09:08:05,369 - app - INFO - authenticate_user:121 - Usuario admin autenticado exitosamente
2025-09-05 09:08:05,370 - app - INFO - login:75 - Login exitoso para usuario: admin
2025-09-05 09:08:07,972 - app - INFO - _ensure_indexes:44 - Índices de usuarios verificados/creados
2025-09-05 09:08:07,973 - app - INFO - __init__:28 - AuthService inicializado
2025-09-05 09:08:12,749 - app - INFO - _ensure_indexes:44 - Índices de usuarios verificados/creados
2025-09-05 09:08:12,751 - app - INFO - __init__:28 - AuthService inicializado
2025-09-05 09:08:13,628 - app - INFO - get_users:218 - Lista de usuarios obtenida por admin: admin
2025-09-05 09:08:16,025 - app - INFO - _ensure_indexes:44 - Índices de usuarios verificados/creados
2025-09-05 09:08:16,026 - app - INFO - __init__:28 - AuthService inicializado
2025-09-05 09:08:16,902 - app - INFO - get_users:218 - Lista de usuarios obtenida por admin: admin
2025-09-21 18:23:43,818 - app - INFO - configure_logging:52 - Sistema de logging configurado correctamente
2025-09-21 18:23:47,901 - app.utils.rate_limiter - WARNING - _log:35 - ❌ No se pudo conectar a Redis: Error 10061 connecting to localhost:6379. No se puede establecer una conexión ya que el equipo de destino denegó expresamente dicha conexión.
2025-09-21 18:23:47,907 - app.utils.rate_limiter - INFO - _log:35 - ✅ Rate limiter configurado en memoria
2025-09-21 18:23:47,907 - app - INFO - create_app:75 - Rate limiter inicializado
2025-09-21 18:23:48,018 - app.services.websocket_service - INFO - _log:40 - SocketIO inicializado
2025-09-21 18:23:48,019 - app - INFO - create_app:82 - WebSocket service inicializado
2025-09-21 18:23:48,019 - app - INFO - init_app:35 - EmailService inicializado
2025-09-21 18:23:48,020 - app - INFO - init_app:59 - ✅ EmailService configurado correctamente
2025-09-21 18:23:48,021 - app - INFO - create_app:89 - Email service inicializado
2025-09-21 18:26:41,522 - app - INFO - configure_logging:52 - Sistema de logging configurado correctamente
2025-09-21 18:26:45,592 - app.utils.rate_limiter - WARNING - _log:35 - ❌ No se pudo conectar a Redis: Error 10061 connecting to localhost:6379. No se puede establecer una conexión ya que el equipo de destino denegó expresamente dicha conexión.
2025-09-21 18:26:45,597 - app.utils.rate_limiter - INFO - _log:35 - ✅ Rate limiter configurado en memoria
2025-09-21 18:26:45,598 - app - INFO - create_app:75 - Rate limiter inicializado
2025-09-21 18:26:45,693 - app.services.websocket_service - INFO - _log:40 - SocketIO inicializado
2025-09-21 18:26:45,693 - app - INFO - create_app:82 - WebSocket service inicializado
2025-09-21 18:26:45,694 - app - INFO - init_app:35 - EmailService inicializado
2025-09-21 18:26:45,695 - app - INFO - init_app:59 - ✅ EmailService configurado correctamente
2025-09-21 18:26:45,695 - app - INFO - create_app:89 - Email service inicializado
2025-09-21 18:26:47,019 - app - INFO - register_blueprints:128 - Blueprints registrados correctamente
2025-09-21 18:26:47,020 - app - INFO - create_app:100 - Aplicación iniciada en modo: development
2025-09-21 18:26:47,021 - app - INFO - main:34 - 🚀 Iniciando aplicación en 0.0.0.0:5000
2025-09-21 18:26:47,021 - app - INFO - main:35 - 🔧 Modo: development
2025-09-21 18:26:47,022 - app - INFO - main:36 - 🐛 Debug: activado
2025-09-21 18:26:47,023 - app - INFO - main:41 - 🌐 Iniciando con WebSocket habilitado
2025-09-21 18:26:51,668 - app - INFO - configure_logging:52 - Sistema de logging configurado correctamente
2025-09-21 18:26:55,729 - app.utils.rate_limiter - WARNING - _log:35 - ❌ No se pudo conectar a Redis: Error 10061 connecting to localhost:6379. No se puede establecer una conexión ya que el equipo de destino denegó expresamente dicha conexión.
2025-09-21 18:26:55,734 - app.utils.rate_limiter - INFO - _log:35 - ✅ Rate limiter configurado en memoria
2025-09-21 18:26:55,735 - app - INFO - create_app:75 - Rate limiter inicializado
2025-09-21 18:26:55,836 - app.services.websocket_service - INFO - _log:40 - SocketIO inicializado
2025-09-21 18:26:55,837 - app - INFO - create_app:82 - WebSocket service inicializado
2025-09-21 18:26:55,837 - app - INFO - init_app:35 - EmailService inicializado
2025-09-21 18:26:55,838 - app - INFO - init_app:59 - ✅ EmailService configurado correctamente
2025-09-21 18:26:55,839 - app - INFO - create_app:89 - Email service inicializado
2025-09-21 18:26:56,827 - app - INFO - register_blueprints:128 - Blueprints registrados correctamente
2025-09-21 18:26:56,828 - app - INFO - create_app:100 - Aplicación iniciada en modo: development
2025-09-21 18:26:56,829 - app - INFO - main:34 - 🚀 Iniciando aplicación en 0.0.0.0:5000
2025-09-21 18:26:56,829 - app - INFO - main:35 - 🔧 Modo: development
2025-09-21 18:26:56,830 - app - INFO - main:36 - 🐛 Debug: activado
2025-09-21 18:26:56,831 - app - INFO - main:41 - 🌐 Iniciando con WebSocket habilitado
2025-09-21 18:27:28,288 - app - INFO - mongo_client:37 - ✅ Conexión a MongoDB establecida
2025-09-21 18:27:28,694 - app - INFO - _ensure_indexes:46 - Índices de MongoDB verificados/creados
2025-09-21 18:27:28,698 - app - INFO - __init__:17 - PredictionService inicializado
2025-09-21 18:27:28,698 - app - INFO - __init__:31 - SensorService inicializado
2025-09-21 18:27:28,699 - app - INFO - __init__:22 - SensorController inicializado
2025-09-21 18:27:28,842 - app - DEBUG - insert_one:62 - Documento insertado con ID: 68d089e0aee658c049c658f0
2025-09-21 18:27:28,844 - app - INFO - proceso_leer_sensor:70 - Lectura procesada exitosamente: 165.78cm
2025-09-21 18:27:28,845 - app - INFO - proceso_lecturas:104 - Procesadas 1 de 1 lecturas
2025-09-21 18:27:32,057 - app - DEBUG - insert_one:62 - Documento insertado con ID: 68d089e3aee658c049c658f1
2025-09-21 18:27:32,078 - app - INFO - proceso_leer_sensor:70 - Lectura procesada exitosamente: 165.05cm
2025-09-21 18:27:32,098 - app - INFO - proceso_lecturas:104 - Procesadas 1 de 1 lecturas
2025-09-21 18:27:35,286 - app - DEBUG - insert_one:62 - Documento insertado con ID: 68d089e7aee658c049c658f2
2025-09-21 18:27:35,288 - app - INFO - proceso_leer_sensor:70 - Lectura procesada exitosamente: 164.68cm
2025-09-21 18:27:35,288 - app - INFO - proceso_lecturas:104 - Procesadas 1 de 1 lecturas
2025-09-21 18:27:38,483 - app - DEBUG - insert_one:62 - Documento insertado con ID: 68d089eaaee658c049c658f3
2025-09-21 18:27:38,485 - app - INFO - proceso_leer_sensor:70 - Lectura procesada exitosamente: 164.92cm
2025-09-21 18:27:38,486 - app - INFO - proceso_lecturas:104 - Procesadas 1 de 1 lecturas
2025-09-21 18:27:41,691 - app - DEBUG - insert_one:62 - Documento insertado con ID: 68d089edaee658c049c658f4
2025-09-21 18:27:41,692 - app - INFO - proceso_leer_sensor:70 - Lectura procesada exitosamente: 165.07cm
2025-09-21 18:27:41,692 - app - INFO - proceso_lecturas:104 - Procesadas 1 de 1 lecturas
2025-09-21 18:27:44,883 - app - DEBUG - insert_one:62 - Documento insertado con ID: 68d089f0aee658c049c658f5
2025-09-21 18:27:44,884 - app - INFO - proceso_leer_sensor:70 - Lectura procesada exitosamente: 164.68cm
2025-09-21 18:27:44,885 - app - INFO - proceso_lecturas:104 - Procesadas 1 de 1 lecturas
2025-09-21 18:27:48,060 - app - DEBUG - insert_one:62 - Documento insertado con ID: 68d089f3aee658c049c658f6
2025-09-21 18:27:48,062 - app - INFO - proceso_leer_sensor:70 - Lectura procesada exitosamente: 164.82cm
2025-09-21 18:27:48,063 - app - INFO - proceso_lecturas:104 - Procesadas 1 de 1 lecturas
2025-09-21 18:27:51,293 - app - DEBUG - insert_one:62 - Documento insertado con ID: 68d089f7aee658c049c658f7
2025-09-21 18:27:51,294 - app - INFO - proceso_leer_sensor:70 - Lectura procesada exitosamente: 164.25cm
2025-09-21 18:27:51,295 - app - INFO - proceso_lecturas:104 - Procesadas 1 de 1 lecturas
2025-09-21 18:27:54,507 - app - DEBUG - insert_one:62 - Documento insertado con ID: 68d089faaee658c049c658f8
2025-09-21 18:27:54,508 - app - INFO - proceso_leer_sensor:70 - Lectura procesada exitosamente: 164.68cm
2025-09-21 18:27:54,509 - app - INFO - proceso_lecturas:104 - Procesadas 1 de 1 lecturas
2025-09-21 18:27:57,674 - app - DEBUG - insert_one:62 - Documento insertado con ID: 68d089fdaee658c049c658f9
2025-09-21 18:27:57,675 - app - INFO - proceso_leer_sensor:70 - Lectura procesada exitosamente: 164.83cm
2025-09-21 18:27:57,676 - app - INFO - proceso_lecturas:104 - Procesadas 1 de 1 lecturas
2025-09-21 18:28:00,890 - app - DEBUG - insert_one:62 - Documento insertado con ID: 68d08a00aee658c049c658fa
2025-09-21 18:28:00,891 - app - INFO - proceso_leer_sensor:70 - Lectura procesada exitosamente: 164.75cm
2025-09-21 18:28:00,892 - app - INFO - proceso_lecturas:104 - Procesadas 1 de 1 lecturas
2025-09-21 18:28:04,090 - app - DEBUG - insert_one:62 - Documento insertado con ID: 68d08a03aee658c049c658fb
2025-09-21 18:28:04,092 - app - INFO - proceso_leer_sensor:70 - Lectura procesada exitosamente: 165.07cm
2025-09-21 18:28:04,093 - app - INFO - proceso_lecturas:104 - Procesadas 1 de 1 lecturas
2025-09-21 18:28:07,283 - app - DEBUG - insert_one:62 - Documento insertado con ID: 68d08a07aee658c049c658fc
2025-09-21 18:28:07,284 - app - INFO - proceso_leer_sensor:70 - Lectura procesada exitosamente: 164.36cm
2025-09-21 18:28:07,285 - app - INFO - proceso_lecturas:104 - Procesadas 1 de 1 lecturas
2025-09-21 18:28:10,485 - app - DEBUG - insert_one:62 - Documento insertado con ID: 68d08a0aaee658c049c658fd
2025-09-21 18:28:10,487 - app - INFO - proceso_leer_sensor:70 - Lectura procesada exitosamente: 164.37cm
2025-09-21 18:28:10,488 - app - INFO - proceso_lecturas:104 - Procesadas 1 de 1 lecturas
2025-09-21 18:28:13,698 - app - DEBUG - insert_one:62 - Documento insertado con ID: 68d08a0daee658c049c658fe
2025-09-21 18:28:13,699 - app - INFO - proceso_leer_sensor:70 - Lectura procesada exitosamente: 164.83cm
2025-09-21 18:28:13,700 - app - INFO - proceso_lecturas:104 - Procesadas 1 de 1 lecturas
2025-09-21 18:28:16,918 - app - DEBUG - insert_one:62 - Documento insertado con ID: 68d08a10aee658c049c658ff
2025-09-21 18:28:16,919 - app - INFO - proceso_leer_sensor:70 - Lectura procesada exitosamente: 164.8cm
2025-09-21 18:28:16,920 - app - INFO - proceso_lecturas:104 - Procesadas 1 de 1 lecturas
2025-09-21 18:28:20,106 - app - DEBUG - insert_one:62 - Documento insertado con ID: 68d08a13aee658c049c65900
2025-09-21 18:28:20,108 - app - INFO - proceso_leer_sensor:70 - Lectura procesada exitosamente: 164.82cm
2025-09-21 18:28:20,109 - app - INFO - proceso_lecturas:104 - Procesadas 1 de 1 lecturas
2025-09-21 18:28:23,290 - app - DEBUG - insert_one:62 - Documento insertado con ID: 68d08a17aee658c049c65901
2025-09-21 18:28:23,291 - app - INFO - proceso_leer_sensor:70 - Lectura procesada exitosamente: 164.27cm
2025-09-21 18:28:23,292 - app - INFO - proceso_lecturas:104 - Procesadas 1 de 1 lecturas
2025-09-21 18:28:26,481 - app - DEBUG - insert_one:62 - Documento insertado con ID: 68d08a1aaee658c049c65902
2025-09-21 18:28:26,482 - app - INFO - proceso_leer_sensor:70 - Lectura procesada exitosamente: 164.39cm
2025-09-21 18:28:26,483 - app - INFO - proceso_lecturas:104 - Procesadas 1 de 1 lecturas
2025-09-21 18:28:29,673 - app - DEBUG - insert_one:62 - Documento insertado con ID: 68d08a1daee658c049c65903
2025-09-21 18:28:29,694 - app - INFO - proceso_leer_sensor:70 - Lectura procesada exitosamente: 164.51cm
2025-09-21 18:28:29,698 - app - INFO - proceso_lecturas:104 - Procesadas 1 de 1 lecturas
2025-09-21 18:28:32,890 - app - DEBUG - insert_one:62 - Documento insertado con ID: 68d08a20aee658c049c65904
2025-09-21 18:28:32,891 - app - INFO - proceso_leer_sensor:70 - Lectura procesada exitosamente: 164.7cm
2025-09-21 18:28:32,892 - app - INFO - proceso_lecturas:104 - Procesadas 1 de 1 lecturas
2025-09-21 18:28:36,068 - app - DEBUG - insert_one:62 - Documento insertado con ID: 68d08a23aee658c049c65905
2025-09-21 18:28:36,069 - app - INFO - proceso_leer_sensor:70 - Lectura procesada exitosamente: 164.7cm
2025-09-21 18:28:36,070 - app - INFO - proceso_lecturas:104 - Procesadas 1 de 1 lecturas
2025-09-21 18:28:39,282 - app - DEBUG - insert_one:62 - Documento insertado con ID: 68d08a27aee658c049c65906
2025-09-21 18:28:39,284 - app - INFO - proceso_leer_sensor:70 - Lectura procesada exitosamente: 164.8cm
2025-09-21 18:28:39,285 - app - INFO - proceso_lecturas:104 - Procesadas 1 de 1 lecturas
2025-09-21 18:28:42,511 - app - DEBUG - insert_one:62 - Documento insertado con ID: 68d08a2aaee658c049c65907
2025-09-21 18:28:42,512 - app - INFO - proceso_leer_sensor:70 - Lectura procesada exitosamente: 164.27cm
2025-09-21 18:28:42,512 - app - INFO - proceso_lecturas:104 - Procesadas 1 de 1 lecturas
2025-09-21 18:28:45,730 - app - DEBUG - insert_one:62 - Documento insertado con ID: 68d08a2daee658c049c65908
2025-09-21 18:28:45,731 - app - INFO - proceso_leer_sensor:70 - Lectura procesada exitosamente: 164.73cm
2025-09-21 18:28:45,732 - app - INFO - proceso_lecturas:104 - Procesadas 1 de 1 lecturas
2025-09-21 18:28:48,926 - app - DEBUG - insert_one:62 - Documento insertado con ID: 68d08a30aee658c049c65909
2025-09-21 18:28:48,927 - app - INFO - proceso_leer_sensor:70 - Lectura procesada exitosamente: 164.82cm
2025-09-21 18:28:48,928 - app - INFO - proceso_lecturas:104 - Procesadas 1 de 1 lecturas
2025-09-21 18:28:52,131 - app - DEBUG - insert_one:62 - Documento insertado con ID: 68d08a34aee658c049c6590a
2025-09-21 18:28:52,132 - app - INFO - proceso_leer_sensor:70 - Lectura procesada exitosamente: 164.7cm
2025-09-21 18:28:52,133 - app - INFO - proceso_lecturas:104 - Procesadas 1 de 1 lecturas
2025-09-21 18:28:55,353 - app - DEBUG - insert_one:62 - Documento insertado con ID: 68d08a37aee658c049c6590b
2025-09-21 18:28:55,355 - app - INFO - proceso_leer_sensor:70 - Lectura procesada exitosamente: 164.7cm
2025-09-21 18:28:55,355 - app - INFO - proceso_lecturas:104 - Procesadas 1 de 1 lecturas
2025-09-21 18:28:58,540 - app - DEBUG - insert_one:62 - Documento insertado con ID: 68d08a3aaee658c049c6590c
2025-09-21 18:28:58,541 - app - INFO - proceso_leer_sensor:70 - Lectura procesada exitosamente: 164.36cm
2025-09-21 18:28:58,542 - app - INFO - proceso_lecturas:104 - Procesadas 1 de 1 lecturas
2025-09-21 18:29:01,770 - app - DEBUG - insert_one:62 - Documento insertado con ID: 68d08a3daee658c049c6590d
2025-09-21 18:29:01,772 - app - INFO - proceso_leer_sensor:70 - Lectura procesada exitosamente: 164.68cm
2025-09-21 18:29:01,773 - app - INFO - proceso_lecturas:104 - Procesadas 1 de 1 lecturas
2025-09-21 18:29:04,960 - app - DEBUG - insert_one:62 - Documento insertado con ID: 68d08a40aee658c049c6590e
2025-09-21 18:29:04,961 - app - INFO - proceso_leer_sensor:70 - Lectura procesada exitosamente: 165.63cm
2025-09-21 18:29:04,962 - app - INFO - proceso_lecturas:104 - Procesadas 1 de 1 lecturas
2025-09-21 18:29:08,176 - app - DEBUG - insert_one:62 - Documento insertado con ID: 68d08a44aee658c049c6590f
2025-09-21 18:29:08,178 - app - INFO - proceso_leer_sensor:70 - Lectura procesada exitosamente: 164.8cm
2025-09-21 18:29:08,178 - app - INFO - proceso_lecturas:104 - Procesadas 1 de 1 lecturas
2025-09-21 18:29:11,377 - app - DEBUG - insert_one:62 - Documento insertado con ID: 68d08a47aee658c049c65910
2025-09-21 18:29:11,379 - app - INFO - proceso_leer_sensor:70 - Lectura procesada exitosamente: 164.71cm
2025-09-21 18:29:11,380 - app - INFO - proceso_lecturas:104 - Procesadas 1 de 1 lecturas
2025-09-21 18:29:14,545 - app - DEBUG - insert_one:62 - Documento insertado con ID: 68d08a4aaee658c049c65911
2025-09-21 18:29:14,547 - app - INFO - proceso_leer_sensor:70 - Lectura procesada exitosamente: 164.73cm
2025-09-21 18:29:14,547 - app - INFO - proceso_lecturas:104 - Procesadas 1 de 1 lecturas
2025-09-21 18:29:17,741 - app - DEBUG - insert_one:62 - Documento insertado con ID: 68d08a4daee658c049c65912
2025-09-21 18:29:17,742 - app - INFO - proceso_leer_sensor:70 - Lectura procesada exitosamente: 164.82cm
2025-09-21 18:29:17,743 - app - INFO - proceso_lecturas:104 - Procesadas 1 de 1 lecturas
2025-09-21 18:32:45,118 - app - DEBUG - insert_one:62 - Documento insertado con ID: 68d08b1caee658c049c65913
2025-09-21 18:32:45,121 - app - INFO - proceso_leer_sensor:70 - Lectura procesada exitosamente: 168.86cm
2025-09-21 18:32:45,122 - app - INFO - proceso_lecturas:104 - Procesadas 1 de 1 lecturas
2025-09-21 18:32:48,325 - app - DEBUG - insert_one:62 - Documento insertado con ID: 68d08b20aee658c049c65914
2025-09-21 18:32:48,327 - app - INFO - proceso_leer_sensor:70 - Lectura procesada exitosamente: 167.79cm
2025-09-21 18:32:48,328 - app - INFO - proceso_lecturas:104 - Procesadas 1 de 1 lecturas
2025-09-21 18:32:51,515 - app - DEBUG - insert_one:62 - Documento insertado con ID: 68d08b23aee658c049c65915
2025-09-21 18:32:51,517 - app - INFO - proceso_leer_sensor:70 - Lectura procesada exitosamente: 166.35cm
2025-09-21 18:32:51,517 - app - INFO - proceso_lecturas:104 - Procesadas 1 de 1 lecturas
2025-09-21 18:32:54,698 - app - DEBUG - insert_one:62 - Documento insertado con ID: 68d08b26aee658c049c65916
2025-09-21 18:32:54,700 - app - INFO - proceso_leer_sensor:70 - Lectura procesada exitosamente: 167.25cm
2025-09-21 18:32:54,701 - app - INFO - proceso_lecturas:104 - Procesadas 1 de 1 lecturas
2025-09-21 18:32:57,923 - app - DEBUG - insert_one:62 - Documento insertado con ID: 68d08b29aee658c049c65917
2025-09-21 18:32:57,925 - app - INFO - proceso_leer_sensor:70 - Lectura procesada exitosamente: 11.19cm
2025-09-21 18:32:57,926 - app - INFO - proceso_lecturas:104 - Procesadas 1 de 1 lecturas
2025-09-21 18:33:01,112 - app - DEBUG - insert_one:62 - Documento insertado con ID: 68d08b2caee658c049c65918
2025-09-21 18:33:01,113 - app - INFO - proceso_leer_sensor:70 - Lectura procesada exitosamente: 4.2cm
2025-09-21 18:33:01,114 - app - INFO - proceso_lecturas:104 - Procesadas 1 de 1 lecturas
2025-09-21 18:33:04,324 - app - DEBUG - insert_one:62 - Documento insertado con ID: 68d08b30aee658c049c65919
2025-09-21 18:33:04,325 - app - INFO - proceso_leer_sensor:70 - Lectura procesada exitosamente: 4.22cm
2025-09-21 18:33:04,326 - app - INFO - proceso_lecturas:104 - Procesadas 1 de 1 lecturas
2025-09-21 18:49:31,166 - app - INFO - generar_predicciones:46 - Predicciones generadas para 2 períodos
2025-09-21 18:49:50,877 - app - INFO - generar_predicciones:46 - Predicciones generadas para 2 períodos
2025-09-21 18:50:21,851 - app - INFO - generar_predicciones:46 - Predicciones generadas para 2 períodos
2025-09-21 18:50:43,806 - app - INFO - generar_predicciones:46 - Predicciones generadas para 2 períodos
2025-09-21 18:50:52,981 - app - INFO - generar_predicciones:46 - Predicciones generadas para 2 períodos
2025-09-21 18:50:59,020 - app - INFO - generar_predicciones:46 - Predicciones generadas para 2 períodos
2025-09-21 18:51:04,920 - app - INFO - generar_predicciones:46 - Predicciones generadas para 2 períodos
2025-09-21 18:51:35,890 - app - INFO - generar_predicciones:46 - Predicciones generadas para 2 períodos
2025-09-21 18:52:05,867 - app - INFO - generar_predicciones:46 - Predicciones generadas para 2 períodos
2025-09-21 18:52:07,132 - app - INFO - main:64 - 🛑 Cerrando aplicación...
2025-09-21 18:52:18,522 - app - INFO - configure_logging:52 - Sistema de logging configurado correctamente
2025-09-21 18:52:22,604 - app.utils.rate_limiter - WARNING - _log:35 - ❌ No se pudo conectar a Redis: Error 10061 connecting to localhost:6379. No se puede establecer una conexión ya que el equipo de destino denegó expresamente dicha conexión.
2025-09-21 18:52:22,610 - app.utils.rate_limiter - INFO - _log:35 - ✅ Rate limiter configurado en memoria
2025-09-21 18:52:22,611 - app - INFO - create_app:75 - Rate limiter inicializado
2025-09-21 18:52:22,716 - app.services.websocket_service - INFO - _log:40 - SocketIO inicializado
2025-09-21 18:52:22,716 - app - INFO - create_app:82 - WebSocket service inicializado
2025-09-21 18:52:22,717 - app - INFO - init_app:35 - EmailService inicializado
2025-09-21 18:52:22,717 - app - INFO - init_app:59 - ✅ EmailService configurado correctamente
2025-09-21 18:52:22,718 - app - INFO - create_app:89 - Email service inicializado
2025-09-21 18:52:24,182 - app - INFO - register_blueprints:128 - Blueprints registrados correctamente
2025-09-21 18:52:24,183 - app - INFO - create_app:100 - Aplicación iniciada en modo: development
2025-09-21 18:52:24,184 - app - INFO - main:34 - 🚀 Iniciando aplicación en 0.0.0.0:5000
2025-09-21 18:52:24,185 - app - INFO - main:35 - 🔧 Modo: development
2025-09-21 18:52:24,185 - app - INFO - main:36 - 🐛 Debug: activado
2025-09-21 18:52:24,185 - app - INFO - main:41 - 🌐 Iniciando con WebSocket habilitado
2025-09-21 18:52:37,371 - app - INFO - mongo_client:37 - ✅ Conexión a MongoDB establecida
2025-09-21 18:52:37,808 - app - INFO - _ensure_indexes:46 - Índices de MongoDB verificados/creados
2025-09-21 18:52:37,816 - app - INFO - __init__:17 - PredictionService inicializado
2025-09-21 18:52:37,817 - app - INFO - __init__:31 - SensorService inicializado
2025-09-21 18:52:37,818 - app - INFO - __init__:22 - SensorController inicializado
2025-09-21 18:52:38,203 - app - INFO - generar_predicciones:46 - Predicciones generadas para 2 períodos
2025-09-21 18:52:56,357 - app - INFO - main:64 - 🛑 Cerrando aplicación...
2025-09-21 18:53:05,728 - app - INFO - configure_logging:52 - Sistema de logging configurado correctamente
2025-09-21 18:53:09,809 - app.utils.rate_limiter - WARNING - _log:35 - ❌ No se pudo conectar a Redis: Error 10061 connecting to localhost:6379. No se puede establecer una conexión ya que el equipo de destino denegó expresamente dicha conexión.
2025-09-21 18:53:09,815 - app.utils.rate_limiter - INFO - _log:35 - ✅ Rate limiter configurado en memoria
2025-09-21 18:53:09,816 - app - INFO - create_app:75 - Rate limiter inicializado
2025-09-21 18:53:10,080 - app.services.websocket_service - INFO - _log:40 - SocketIO inicializado
2025-09-21 18:53:10,088 - app - INFO - create_app:82 - WebSocket service inicializado
2025-09-21 18:53:10,104 - app - INFO - init_app:35 - EmailService inicializado
2025-09-21 18:53:10,117 - app - INFO - init_app:59 - ✅ EmailService configurado correctamente
2025-09-21 18:53:10,122 - app - INFO - create_app:89 - Email service inicializado
2025-09-21 18:53:11,575 - app - INFO - register_blueprints:128 - Blueprints registrados correctamente
2025-09-21 18:53:11,576 - app - INFO - create_app:100 - Aplicación iniciada en modo: development
2025-09-21 18:53:11,578 - app - INFO - main:34 - 🚀 Iniciando aplicación en 0.0.0.0:5000
2025-09-21 18:53:11,579 - app - INFO - main:35 - 🔧 Modo: development
2025-09-21 18:53:11,580 - app - INFO - main:36 - 🐛 Debug: activado
2025-09-21 18:53:11,581 - app - INFO - main:41 - 🌐 Iniciando con WebSocket habilitado
2025-09-21 18:53:13,559 - app - INFO - mongo_client:37 - ✅ Conexión a MongoDB establecida
2025-09-21 18:53:14,033 - app - INFO - _ensure_indexes:46 - Índices de MongoDB verificados/creados
2025-09-21 18:53:14,039 - app - INFO - __init__:17 - PredictionService inicializado
2025-09-21 18:53:14,040 - app - INFO - __init__:31 - SensorService inicializado
2025-09-21 18:53:14,041 - app - INFO - __init__:22 - SensorController inicializado
2025-09-21 18:53:14,720 - app - INFO - generar_predicciones:46 - Predicciones generadas para 2 períodos
2025-09-21 18:53:45,859 - app - INFO - generar_predicciones:46 - Predicciones generadas para 2 períodos
2025-09-21 18:54:02,657 - app - INFO - generar_predicciones:46 - Predicciones generadas para 2 períodos
2025-09-21 18:54:27,909 - app - INFO - main:64 - 🛑 Cerrando aplicación...
2025-09-21 18:54:36,962 - app - INFO - configure_logging:52 - Sistema de logging configurado correctamente
2025-09-21 18:54:41,024 - app.utils.rate_limiter - WARNING - _log:35 - ❌ No se pudo conectar a Redis: Error 10061 connecting to localhost:6379. No se puede establecer una conexión ya que el equipo de destino denegó expresamente dicha conexión.
2025-09-21 18:54:41,028 - app.utils.rate_limiter - INFO - _log:35 - ✅ Rate limiter configurado en memoria
2025-09-21 18:54:41,029 - app - INFO - create_app:75 - Rate limiter inicializado
2025-09-21 18:54:41,115 - app.services.websocket_service - INFO - _log:40 - SocketIO inicializado
2025-09-21 18:54:41,116 - app - INFO - create_app:82 - WebSocket service inicializado
2025-09-21 18:54:41,116 - app - INFO - init_app:35 - EmailService inicializado
2025-09-21 18:54:41,117 - app - INFO - init_app:59 - ✅ EmailService configurado correctamente
2025-09-21 18:54:41,118 - app - INFO - create_app:89 - Email service inicializado
2025-09-21 18:54:42,450 - app - INFO - register_blueprints:128 - Blueprints registrados correctamente
2025-09-21 18:54:42,452 - app - INFO - create_app:100 - Aplicación iniciada en modo: development
2025-09-21 18:54:42,454 - app - INFO - main:34 - 🚀 Iniciando aplicación en 0.0.0.0:5000
2025-09-21 18:54:42,458 - app - INFO - main:35 - 🔧 Modo: development
2025-09-21 18:54:42,464 - app - INFO - main:36 - 🐛 Debug: activado
2025-09-21 18:54:42,465 - app - INFO - main:41 - 🌐 Iniciando con WebSocket habilitado
2025-09-21 18:54:44,764 - app - INFO - mongo_client:37 - ✅ Conexión a MongoDB establecida
2025-09-21 18:54:45,207 - app - INFO - _ensure_indexes:46 - Índices de MongoDB verificados/creados
2025-09-21 18:54:45,209 - app - INFO - __init__:17 - PredictionService inicializado
2025-09-21 18:54:45,210 - app - INFO - __init__:31 - SensorService inicializado
2025-09-21 18:54:45,211 - app - INFO - __init__:22 - SensorController inicializado
2025-09-21 18:54:45,892 - app - INFO - generar_predicciones:46 - Predicciones generadas para 2 períodos
2025-09-21 18:55:03,898 - app - INFO - generar_predicciones:46 - Predicciones generadas para 2 períodos
2025-09-21 18:55:12,672 - app - INFO - main:64 - 🛑 Cerrando aplicación...
2025-09-21 18:55:23,187 - app - INFO - configure_logging:52 - Sistema de logging configurado correctamente
2025-09-21 18:55:27,286 - app.utils.rate_limiter - WARNING - _log:35 - ❌ No se pudo conectar a Redis: Error 10061 connecting to localhost:6379. No se puede establecer una conexión ya que el equipo de destino denegó expresamente dicha conexión.
2025-09-21 18:55:27,291 - app.utils.rate_limiter - INFO - _log:35 - ✅ Rate limiter configurado en memoria
2025-09-21 18:55:27,292 - app - INFO - create_app:75 - Rate limiter inicializado
2025-09-21 18:55:27,508 - app.services.websocket_service - INFO - _log:40 - SocketIO inicializado
2025-09-21 18:55:27,517 - app - INFO - create_app:82 - WebSocket service inicializado
2025-09-21 18:55:27,521 - app - INFO - init_app:35 - EmailService inicializado
2025-09-21 18:55:27,524 - app - INFO - init_app:59 - ✅ EmailService configurado correctamente
2025-09-21 18:55:27,526 - app - INFO - create_app:89 - Email service inicializado
2025-09-21 18:55:29,442 - app - INFO - register_blueprints:128 - Blueprints registrados correctamente
2025-09-21 18:55:29,443 - app - INFO - create_app:100 - Aplicación iniciada en modo: development
2025-09-21 18:55:29,444 - app - INFO - main:34 - 🚀 Iniciando aplicación en 0.0.0.0:5000
2025-09-21 18:55:29,444 - app - INFO - main:35 - 🔧 Modo: development
2025-09-21 18:55:29,445 - app - INFO - main:36 - 🐛 Debug: activado
2025-09-21 18:55:29,446 - app - INFO - main:41 - 🌐 Iniciando con WebSocket habilitado
2025-09-21 18:55:34,930 - app - INFO - mongo_client:37 - ✅ Conexión a MongoDB establecida
2025-09-21 18:55:35,372 - app - INFO - _ensure_indexes:46 - Índices de MongoDB verificados/creados
2025-09-21 18:55:35,373 - app - INFO - __init__:17 - PredictionService inicializado
2025-09-21 18:55:35,374 - app - INFO - __init__:31 - SensorService inicializado
2025-09-21 18:55:35,375 - app - INFO - __init__:22 - SensorController inicializado
2025-09-21 18:55:36,106 - app - INFO - generar_predicciones:46 - Predicciones generadas para 2 períodos
2025-09-21 18:55:43,034 - app - INFO - generar_predicciones:46 - Predicciones generadas para 2 períodos
2025-09-21 18:55:53,383 - app - INFO - generar_predicciones:46 - Predicciones generadas para 2 períodos
2025-09-21 18:56:24,874 - app - INFO - generar_predicciones:46 - Predicciones generadas para 2 períodos
2025-09-21 18:56:46,712 - app - INFO - main:64 - 🛑 Cerrando aplicación...
2025-09-21 18:56:54,321 - app - INFO - configure_logging:52 - Sistema de logging configurado correctamente
2025-09-21 18:56:58,432 - app.utils.rate_limiter - WARNING - _log:35 - ❌ No se pudo conectar a Redis: Error 10061 connecting to localhost:6379. No se puede establecer una conexión ya que el equipo de destino denegó expresamente dicha conexión.
2025-09-21 18:56:58,436 - app.utils.rate_limiter - INFO - _log:35 - ✅ Rate limiter configurado en memoria
2025-09-21 18:56:58,436 - app - INFO - create_app:75 - Rate limiter inicializado
2025-09-21 18:56:58,528 - app.services.websocket_service - INFO - _log:40 - SocketIO inicializado
2025-09-21 18:56:58,529 - app - INFO - create_app:82 - WebSocket service inicializado
2025-09-21 18:56:58,529 - app - INFO - init_app:35 - EmailService inicializado
2025-09-21 18:56:58,530 - app - INFO - init_app:59 - ✅ EmailService configurado correctamente
2025-09-21 18:56:58,530 - app - INFO - create_app:89 - Email service inicializado
2025-09-21 18:56:59,657 - app - INFO - register_blueprints:128 - Blueprints registrados correctamente
2025-09-21 18:56:59,657 - app - INFO - create_app:100 - Aplicación iniciada en modo: development
2025-09-21 18:56:59,659 - app - INFO - main:34 - 🚀 Iniciando aplicación en 0.0.0.0:5000
2025-09-21 18:56:59,659 - app - INFO - main:35 - 🔧 Modo: development
2025-09-21 18:56:59,660 - app - INFO - main:36 - 🐛 Debug: activado
2025-09-21 18:56:59,661 - app - INFO - main:41 - 🌐 Iniciando con WebSocket habilitado
2025-09-21 18:57:01,653 - app - INFO - mongo_client:37 - ✅ Conexión a MongoDB establecida
2025-09-21 18:57:02,106 - app - INFO - _ensure_indexes:46 - Índices de MongoDB verificados/creados
2025-09-21 18:57:02,108 - app - INFO - __init__:17 - PredictionService inicializado
2025-09-21 18:57:02,108 - app - INFO - __init__:31 - SensorService inicializado
2025-09-21 18:57:02,109 - app - INFO - __init__:22 - SensorController inicializado
2025-09-21 18:57:02,490 - app - INFO - generar_predicciones:46 - Predicciones generadas para 2 períodos
2025-09-21 18:57:24,872 - app - INFO - generar_predicciones:46 - Predicciones generadas para 2 períodos
2025-09-21 18:57:54,855 - app - INFO - generar_predicciones:46 - Predicciones generadas para 2 períodos
2025-09-21 18:58:23,613 - app - INFO - generar_predicciones:46 - Predicciones generadas para 2 períodos
2025-09-21 18:58:54,874 - app - INFO - generar_predicciones:46 - Predicciones generadas para 2 períodos
2025-09-21 18:59:24,763 - app - INFO - generar_predicciones:46 - Predicciones generadas para 2 períodos
2025-09-21 18:59:31,061 - app - INFO - generar_predicciones:46 - Predicciones generadas para 2 períodos
2025-09-21 19:00:02,901 - app - INFO - generar_predicciones:46 - Predicciones generadas para 2 períodos
2025-09-21 19:00:11,062 - app - INFO - generar_predicciones:46 - Predicciones generadas para 2 períodos
2025-09-21 19:00:42,885 - app - INFO - generar_predicciones:46 - Predicciones generadas para 2 períodos
2025-09-21 19:01:12,854 - app - INFO - generar_predicciones:46 - Predicciones generadas para 2 períodos
2025-09-21 19:01:43,643 - app - INFO - generar_predicciones:46 - Predicciones generadas para 2 períodos
2025-09-21 19:02:12,027 - app - INFO - generar_predicciones:46 - Predicciones generadas para 2 períodos
2025-09-21 19:02:41,984 - app - INFO - generar_predicciones:46 - Predicciones generadas para 2 períodos
2025-09-21 19:03:11,975 - app - INFO - generar_predicciones:46 - Predicciones generadas para 2 períodos
2025-09-21 19:03:41,972 - app - INFO - generar_predicciones:46 - Predicciones generadas para 2 períodos
2025-09-21 19:04:11,995 - app - INFO - generar_predicciones:46 - Predicciones generadas para 2 períodos
2025-09-21 19:04:41,846 - app - INFO - generar_predicciones:46 - Predicciones generadas para 2 períodos
2025-09-21 19:05:11,848 - app - INFO - generar_predicciones:46 - Predicciones generadas para 2 períodos
2025-09-21 19:05:42,871 - app - INFO - generar_predicciones:46 - Predicciones generadas para 2 períodos
2025-09-21 19:06:12,891 - app - INFO - generar_predicciones:46 - Predicciones generadas para 2 períodos
2025-09-21 19:06:42,739 - app - INFO - generar_predicciones:46 - Predicciones generadas para 2 períodos
2025-09-21 19:07:41,902 - app - INFO - generar_predicciones:46 - Predicciones generadas para 2 períodos
2025-09-21 19:08:41,901 - app - INFO - generar_predicciones:46 - Predicciones generadas para 2 períodos
2025-09-21 19:09:39,447 - app - INFO - main:64 - 🛑 Cerrando aplicación...
2025-09-21 19:09:49,701 - app - INFO - configure_logging:52 - Sistema de logging configurado correctamente
2025-09-21 19:09:53,800 - app.utils.rate_limiter - WARNING - _log:35 - ❌ No se pudo conectar a Redis: Error 10061 connecting to localhost:6379. No se puede establecer una conexión ya que el equipo de destino denegó expresamente dicha conexión.
2025-09-21 19:09:53,806 - app.utils.rate_limiter - INFO - _log:35 - ✅ Rate limiter configurado en memoria
2025-09-21 19:09:53,806 - app - INFO - create_app:75 - Rate limiter inicializado
2025-09-21 19:09:53,929 - app.services.websocket_service - INFO - _log:40 - SocketIO inicializado
2025-09-21 19:09:53,930 - app - INFO - create_app:82 - WebSocket service inicializado
2025-09-21 19:09:53,931 - app - INFO - init_app:35 - EmailService inicializado
2025-09-21 19:09:53,933 - app - INFO - init_app:59 - ✅ EmailService configurado correctamente
2025-09-21 19:09:53,933 - app - INFO - create_app:89 - Email service inicializado
2025-09-21 19:09:55,385 - app - INFO - register_blueprints:128 - Blueprints registrados correctamente
2025-09-21 19:09:55,387 - app - INFO - create_app:100 - Aplicación iniciada en modo: development
2025-09-21 19:09:55,388 - app - INFO - main:34 - 🚀 Iniciando aplicación en 0.0.0.0:5000
2025-09-21 19:09:55,389 - app - INFO - main:35 - 🔧 Modo: development
2025-09-21 19:09:55,390 - app - INFO - main:36 - 🐛 Debug: activado
2025-09-21 19:09:55,390 - app - INFO - main:41 - 🌐 Iniciando con WebSocket habilitado
2025-09-21 19:09:57,583 - app - INFO - mongo_client:37 - ✅ Conexión a MongoDB establecida
2025-09-21 19:09:58,018 - app - INFO - _ensure_indexes:46 - Índices de MongoDB verificados/creados
2025-09-21 19:09:58,027 - app - INFO - __init__:17 - PredictionService inicializado
2025-09-21 19:09:58,028 - app - INFO - __init__:31 - SensorService inicializado
2025-09-21 19:09:58,028 - app - INFO - __init__:22 - SensorController inicializado
2025-09-21 19:09:58,738 - app - INFO - generar_predicciones:46 - Predicciones generadas para 2 períodos
2025-09-21 19:10:42,526 - app - INFO - generar_predicciones:46 - Predicciones generadas para 2 períodos
2025-09-21 19:10:44,529 - app - INFO - main:64 - 🛑 Cerrando aplicación...
2025-09-21 19:10:49,045 - app - INFO - main:64 - 🛑 Cerrando aplicación...
2025-09-21 19:20:27,460 - app - INFO - configure_logging:58 - Sistema de logging configurado correctamente
2025-09-21 19:20:31,535 - app.utils.rate_limiter - WARNING - _log:35 - ❌ No se pudo conectar a Redis: Error 10061 connecting to localhost:6379. No se puede establecer una conexión ya que el equipo de destino denegó expresamente dicha conexión.
2025-09-21 19:20:31,539 - app.utils.rate_limiter - INFO - _log:35 - ✅ Rate limiter configurado en memoria
2025-09-21 19:20:31,540 - app - INFO - create_app:75 - Rate limiter inicializado
2025-09-21 19:20:31,699 - app.services.websocket_service - INFO - _log:40 - SocketIO inicializado
2025-09-21 19:20:31,700 - app - INFO - create_app:82 - WebSocket service inicializado
2025-09-21 19:20:31,701 - app - INFO - init_app:35 - EmailService inicializado
2025-09-21 19:20:31,702 - app - INFO - init_app:59 - ✅ EmailService configurado correctamente
2025-09-21 19:20:31,703 - app - INFO - create_app:89 - Email service inicializado
2025-09-21 19:20:36,921 - app - INFO - register_blueprints:128 - Blueprints registrados correctamente
2025-09-21 19:20:36,922 - app - INFO - create_app:100 - Aplicación iniciada en modo: development
2025-09-21 19:20:36,923 - app - INFO - main:34 - 🚀 Iniciando aplicación en 0.0.0.0:5000
2025-09-21 19:20:36,924 - app - INFO - main:35 - 🔧 Modo: development
2025-09-21 19:20:36,926 - app - INFO - main:36 - 🐛 Debug: activado
2025-09-21 19:20:36,928 - app - INFO - main:41 - 🌐 Iniciando con WebSocket habilitado
2025-09-21 19:20:40,347 - app - INFO - configure_logging:58 - Sistema de logging configurado correctamente
2025-09-21 19:20:44,418 - app.utils.rate_limiter - WARNING - _log:35 - ❌ No se pudo conectar a Redis: Error 10061 connecting to localhost:6379. No se puede establecer una conexión ya que el equipo de destino denegó expresamente dicha conexión.
2025-09-21 19:20:44,452 - app.utils.rate_limiter - INFO - _log:35 - ✅ Rate limiter configurado en memoria
2025-09-21 19:20:44,455 - app - INFO - create_app:75 - Rate limiter inicializado
2025-09-21 19:20:44,610 - app.services.websocket_service - INFO - _log:40 - SocketIO inicializado
2025-09-21 19:20:44,612 - app - INFO - create_app:82 - WebSocket service inicializado
2025-09-21 19:20:44,613 - app - INFO - init_app:35 - EmailService inicializado
2025-09-21 19:20:44,614 - app - INFO - init_app:59 - ✅ EmailService configurado correctamente
2025-09-21 19:20:44,617 - app - INFO - create_app:89 - Email service inicializado
2025-09-21 19:20:47,198 - app - INFO - register_blueprints:128 - Blueprints registrados correctamente
2025-09-21 19:20:47,199 - app - INFO - create_app:100 - Aplicación iniciada en modo: development
2025-09-21 19:20:47,199 - app - INFO - main:34 - 🚀 Iniciando aplicación en 0.0.0.0:5000
2025-09-21 19:20:47,200 - app - INFO - main:35 - 🔧 Modo: development
2025-09-21 19:20:47,200 - app - INFO - main:36 - 🐛 Debug: activado
2025-09-21 19:20:47,201 - app - INFO - main:41 - 🌐 Iniciando con WebSocket habilitado
2025-09-21 19:20:50,850 - app - INFO - mongo_client:37 - ✅ Conexión a MongoDB establecida
2025-09-21 19:20:51,326 - app - INFO - _ensure_indexes:46 - Índices de MongoDB verificados/creados
2025-09-21 19:20:51,336 - app - INFO - __init__:20 - PredictionService inicializado con configuración robusta
2025-09-21 19:20:51,337 - app - INFO - __init__:31 - SensorService inicializado
2025-09-21 19:20:51,338 - app - INFO - __init__:23 - SensorController inicializado
2025-09-21 19:20:52,130 - app - INFO - _remover_outliers_iqr:199 - Removidos 3 outliers usando IQR
2025-09-21 19:20:52,171 - app - INFO - _preprocesar_datos:168 - Datos preprocesados: 53 -> 50
2025-09-21 19:20:52,304 - app - INFO - generar_predicciones_multi_horizonte:108 - Predicciones generadas exitosamente para 3 horizontes
2025-09-21 19:21:12,051 - app - INFO - _remover_outliers_iqr:199 - Removidos 3 outliers usando IQR
2025-09-21 19:21:12,056 - app - INFO - _preprocesar_datos:168 - Datos preprocesados: 53 -> 50
2025-09-21 19:21:12,065 - app - INFO - generar_predicciones_multi_horizonte:108 - Predicciones generadas exitosamente para 3 horizontes
2025-09-21 19:21:42,046 - app - INFO - _remover_outliers_iqr:199 - Removidos 3 outliers usando IQR
2025-09-21 19:21:42,049 - app - INFO - _preprocesar_datos:168 - Datos preprocesados: 53 -> 50
2025-09-21 19:21:42,054 - app - INFO - generar_predicciones_multi_horizonte:108 - Predicciones generadas exitosamente para 3 horizontes
2025-09-21 19:21:51,356 - app - INFO - _remover_outliers_iqr:199 - Removidos 3 outliers usando IQR
2025-09-21 19:21:51,361 - app - INFO - _preprocesar_datos:168 - Datos preprocesados: 53 -> 50
2025-09-21 19:21:51,368 - app - INFO - generar_predicciones_multi_horizonte:108 - Predicciones generadas exitosamente para 3 horizontes
2025-09-21 19:21:51,678 - app - INFO - _remover_outliers_iqr:199 - Removidos 3 outliers usando IQR
2025-09-21 19:21:51,686 - app - INFO - _preprocesar_datos:168 - Datos preprocesados: 53 -> 50
2025-09-21 19:21:51,717 - app - INFO - generar_predicciones_multi_horizonte:108 - Predicciones generadas exitosamente para 3 horizontes
2025-09-21 19:22:22,001 - app - INFO - _remover_outliers_iqr:199 - Removidos 3 outliers usando IQR
2025-09-21 19:22:22,004 - app - INFO - _preprocesar_datos:168 - Datos preprocesados: 53 -> 50
2025-09-21 19:22:22,008 - app - INFO - generar_predicciones_multi_horizonte:108 - Predicciones generadas exitosamente para 3 horizontes
2025-09-21 19:22:22,611 - app - INFO - _remover_outliers_iqr:199 - Removidos 3 outliers usando IQR
2025-09-21 19:22:22,614 - app - INFO - _preprocesar_datos:168 - Datos preprocesados: 53 -> 50
2025-09-21 19:22:22,618 - app - INFO - generar_predicciones_multi_horizonte:108 - Predicciones generadas exitosamente para 3 horizontes
2025-09-21 19:22:51,994 - app - INFO - _remover_outliers_iqr:199 - Removidos 3 outliers usando IQR
2025-09-21 19:22:51,997 - app - INFO - _preprocesar_datos:168 - Datos preprocesados: 53 -> 50
2025-09-21 19:22:52,000 - app - INFO - generar_predicciones_multi_horizonte:108 - Predicciones generadas exitosamente para 3 horizontes
2025-09-21 19:22:52,600 - app - INFO - _remover_outliers_iqr:199 - Removidos 3 outliers usando IQR
2025-09-21 19:22:52,603 - app - INFO - _preprocesar_datos:168 - Datos preprocesados: 53 -> 50
2025-09-21 19:22:52,606 - app - INFO - generar_predicciones_multi_horizonte:108 - Predicciones generadas exitosamente para 3 horizontes
2025-09-21 19:23:22,657 - app - INFO - _remover_outliers_iqr:199 - Removidos 3 outliers usando IQR
2025-09-21 19:23:22,659 - app - INFO - _preprocesar_datos:168 - Datos preprocesados: 53 -> 50
2025-09-21 19:23:22,663 - app - INFO - generar_predicciones_multi_horizonte:108 - Predicciones generadas exitosamente para 3 horizontes
2025-09-21 19:23:23,116 - app - INFO - _remover_outliers_iqr:199 - Removidos 3 outliers usando IQR
2025-09-21 19:23:23,119 - app - INFO - _preprocesar_datos:168 - Datos preprocesados: 53 -> 50
2025-09-21 19:23:23,122 - app - INFO - generar_predicciones_multi_horizonte:108 - Predicciones generadas exitosamente para 3 horizontes
2025-09-21 19:23:52,685 - app - INFO - _remover_outliers_iqr:199 - Removidos 3 outliers usando IQR
2025-09-21 19:23:52,688 - app - INFO - _preprocesar_datos:168 - Datos preprocesados: 53 -> 50
2025-09-21 19:23:52,690 - app - INFO - generar_predicciones_multi_horizonte:108 - Predicciones generadas exitosamente para 3 horizontes
2025-09-21 19:23:53,147 - app - INFO - _remover_outliers_iqr:199 - Removidos 3 outliers usando IQR
2025-09-21 19:23:53,151 - app - INFO - _preprocesar_datos:168 - Datos preprocesados: 53 -> 50
2025-09-21 19:23:53,155 - app - INFO - generar_predicciones_multi_horizonte:108 - Predicciones generadas exitosamente para 3 horizontes
2025-09-21 19:24:22,678 - app - INFO - _remover_outliers_iqr:199 - Removidos 3 outliers usando IQR
2025-09-21 19:24:22,680 - app - INFO - _preprocesar_datos:168 - Datos preprocesados: 53 -> 50
2025-09-21 19:24:22,682 - app - INFO - generar_predicciones_multi_horizonte:108 - Predicciones generadas exitosamente para 3 horizontes
2025-09-21 19:24:23,139 - app - INFO - _remover_outliers_iqr:199 - Removidos 3 outliers usando IQR
2025-09-21 19:24:23,141 - app - INFO - _preprocesar_datos:168 - Datos preprocesados: 53 -> 50
2025-09-21 19:24:23,143 - app - INFO - generar_predicciones_multi_horizonte:108 - Predicciones generadas exitosamente para 3 horizontes
2025-09-21 19:24:47,375 - app - INFO - _remover_outliers_iqr:199 - Removidos 3 outliers usando IQR
2025-09-21 19:24:47,377 - app - INFO - _preprocesar_datos:168 - Datos preprocesados: 53 -> 50
2025-09-21 19:24:47,380 - app - INFO - generar_predicciones_multi_horizonte:108 - Predicciones generadas exitosamente para 3 horizontes
2025-09-21 19:25:18,690 - app - INFO - _remover_outliers_iqr:199 - Removidos 3 outliers usando IQR
2025-09-21 19:25:18,693 - app - INFO - _preprocesar_datos:168 - Datos preprocesados: 53 -> 50
2025-09-21 19:25:18,697 - app - INFO - generar_predicciones_multi_horizonte:108 - Predicciones generadas exitosamente para 3 horizontes
2025-09-21 19:25:48,712 - app - INFO - _remover_outliers_iqr:199 - Removidos 3 outliers usando IQR
2025-09-21 19:25:48,717 - app - INFO - _preprocesar_datos:168 - Datos preprocesados: 53 -> 50
2025-09-21 19:25:48,723 - app - INFO - generar_predicciones_multi_horizonte:108 - Predicciones generadas exitosamente para 3 horizontes
2025-09-21 19:26:18,703 - app - INFO - _remover_outliers_iqr:199 - Removidos 3 outliers usando IQR
2025-09-21 19:26:18,705 - app - INFO - _preprocesar_datos:168 - Datos preprocesados: 53 -> 50
2025-09-21 19:26:18,709 - app - INFO - generar_predicciones_multi_horizonte:108 - Predicciones generadas exitosamente para 3 horizontes
2025-09-21 19:26:48,866 - app - INFO - _remover_outliers_iqr:199 - Removidos 3 outliers usando IQR
2025-09-21 19:26:48,876 - app - INFO - _preprocesar_datos:168 - Datos preprocesados: 53 -> 50
2025-09-21 19:26:48,883 - app - INFO - generar_predicciones_multi_horizonte:108 - Predicciones generadas exitosamente para 3 horizontes
2025-09-21 19:27:18,900 - app - INFO - _remover_outliers_iqr:199 - Removidos 3 outliers usando IQR
2025-09-21 19:27:18,903 - app - INFO - _preprocesar_datos:168 - Datos preprocesados: 53 -> 50
2025-09-21 19:27:18,909 - app - INFO - generar_predicciones_multi_horizonte:108 - Predicciones generadas exitosamente para 3 horizontes
2025-09-21 19:27:48,736 - app - INFO - _remover_outliers_iqr:199 - Removidos 3 outliers usando IQR
2025-09-21 19:27:48,739 - app - INFO - _preprocesar_datos:168 - Datos preprocesados: 53 -> 50
2025-09-21 19:27:48,743 - app - INFO - generar_predicciones_multi_horizonte:108 - Predicciones generadas exitosamente para 3 horizontes
2025-09-21 19:28:23,253 - app - INFO - main:64 - 🛑 Cerrando aplicación...
2025-09-21 19:28:40,602 - app - INFO - configure_logging:58 - Sistema de logging configurado correctamente
2025-09-21 19:28:44,693 - app.utils.rate_limiter - WARNING - _log:35 - ❌ No se pudo conectar a Redis: Error 10061 connecting to localhost:6379. No se puede establecer una conexión ya que el equipo de destino denegó expresamente dicha conexión.
2025-09-21 19:28:44,709 - app.utils.rate_limiter - INFO - _log:35 - ✅ Rate limiter configurado en memoria
2025-09-21 19:28:44,709 - app - INFO - create_app:75 - Rate limiter inicializado
2025-09-21 19:28:44,859 - app.services.websocket_service - INFO - _log:40 - SocketIO inicializado
2025-09-21 19:28:44,861 - app - INFO - create_app:82 - WebSocket service inicializado
2025-09-21 19:28:44,861 - app - INFO - init_app:35 - EmailService inicializado
2025-09-21 19:28:44,862 - app - INFO - init_app:59 - ✅ EmailService configurado correctamente
2025-09-21 19:28:44,863 - app - INFO - create_app:89 - Email service inicializado
2025-09-21 19:28:46,692 - app - INFO - register_blueprints:128 - Blueprints registrados correctamente
2025-09-21 19:28:46,804 - app - INFO - create_app:100 - Aplicación iniciada en modo: development
2025-09-21 19:28:46,881 - app - INFO - main:34 - 🚀 Iniciando aplicación en 0.0.0.0:5000
2025-09-21 19:28:46,974 - app - INFO - main:35 - 🔧 Modo: development
2025-09-21 19:28:46,976 - app - INFO - main:36 - 🐛 Debug: activado
2025-09-21 19:28:46,978 - app - INFO - main:41 - 🌐 Iniciando con WebSocket habilitado
2025-09-21 19:28:51,191 - app - INFO - mongo_client:37 - ✅ Conexión a MongoDB establecida
2025-09-21 19:28:51,196 - app - INFO - mongo_client:37 - ✅ Conexión a MongoDB establecida
2025-09-21 19:28:51,767 - app - INFO - _ensure_indexes:46 - Índices de MongoDB verificados/creados
2025-09-21 19:28:51,772 - app - INFO - __init__:39 - PredictionService inicializado - scikit-learn: disponible
2025-09-21 19:28:51,773 - app - INFO - __init__:31 - SensorService inicializado
2025-09-21 19:28:51,774 - app - INFO - __init__:23 - SensorController inicializado
2025-09-21 19:28:52,326 - app - INFO - _eliminar_outliers_iqr:247 - Removidos 3 outliers usando IQR (fence: 46.0 - 244.0)
2025-09-21 19:28:52,327 - app - ERROR - _preprocesar_datos_avanzado:212 - Error en preprocesamiento avanzado: PredictionLogger.log_data_preprocessing() got an unexpected keyword argument 'outliers_removidos'. Did you mean 'outliers_removed'?
2025-09-21 19:28:53,303 - app - INFO - _ensure_indexes:46 - Índices de MongoDB verificados/creados
2025-09-21 19:28:53,305 - app - INFO - __init__:39 - PredictionService inicializado - scikit-learn: disponible
2025-09-21 19:28:53,306 - app - INFO - __init__:31 - SensorService inicializado
2025-09-21 19:28:53,308 - app - INFO - __init__:23 - SensorController inicializado
2025-09-21 19:29:41,705 - app - INFO - _eliminar_outliers_iqr:247 - Removidos 3 outliers usando IQR (fence: 46.0 - 244.0)
2025-09-21 19:29:41,707 - app - ERROR - _preprocesar_datos_avanzado:212 - Error en preprocesamiento avanzado: PredictionLogger.log_data_preprocessing() got an unexpected keyword argument 'outliers_removidos'. Did you mean 'outliers_removed'?
2025-09-21 19:29:48,229 - app - INFO - main:64 - 🛑 Cerrando aplicación...
2025-09-21 19:29:56,147 - app - INFO - configure_logging:58 - Sistema de logging configurado correctamente
2025-09-21 19:30:00,253 - app.utils.rate_limiter - WARNING - _log:35 - ❌ No se pudo conectar a Redis: Error 10061 connecting to localhost:6379. No se puede establecer una conexión ya que el equipo de destino denegó expresamente dicha conexión.
2025-09-21 19:30:00,258 - app.utils.rate_limiter - INFO - _log:35 - ✅ Rate limiter configurado en memoria
2025-09-21 19:30:00,260 - app - INFO - create_app:75 - Rate limiter inicializado
2025-09-21 19:30:00,405 - app.services.websocket_service - INFO - _log:40 - SocketIO inicializado
2025-09-21 19:30:00,406 - app - INFO - create_app:82 - WebSocket service inicializado
2025-09-21 19:30:00,407 - app - INFO - init_app:35 - EmailService inicializado
2025-09-21 19:30:00,408 - app - INFO - init_app:59 - ✅ EmailService configurado correctamente
2025-09-21 19:30:00,411 - app - INFO - create_app:89 - Email service inicializado
2025-09-21 19:30:02,568 - app - INFO - register_blueprints:128 - Blueprints registrados correctamente
2025-09-21 19:30:02,569 - app - INFO - create_app:100 - Aplicación iniciada en modo: development
2025-09-21 19:30:02,570 - app - INFO - main:34 - 🚀 Iniciando aplicación en 0.0.0.0:5000
2025-09-21 19:30:02,571 - app - INFO - main:35 - 🔧 Modo: development
2025-09-21 19:30:02,572 - app - INFO - main:36 - 🐛 Debug: activado
2025-09-21 19:30:02,573 - app - INFO - main:41 - 🌐 Iniciando con WebSocket habilitado
2025-09-21 19:30:44,339 - app - INFO - mongo_client:37 - ✅ Conexión a MongoDB establecida
2025-09-21 19:30:44,538 - app - INFO - mongo_client:37 - ✅ Conexión a MongoDB establecida
2025-09-21 19:30:45,081 - app - INFO - _ensure_indexes:46 - Índices de MongoDB verificados/creados
2025-09-21 19:30:45,083 - app - INFO - __init__:39 - PredictionService inicializado - scikit-learn: disponible
2025-09-21 19:30:45,083 - app - INFO - __init__:31 - SensorService inicializado
2025-09-21 19:30:45,084 - app - INFO - __init__:23 - SensorController inicializado
2025-09-21 19:30:45,412 - app - INFO - _eliminar_outliers_iqr:247 - Removidos 3 outliers usando IQR (fence: 46.0 - 244.0)
2025-09-21 19:30:45,415 - app - ERROR - _preprocesar_datos_avanzado:212 - Error en preprocesamiento avanzado: PredictionLogger.log_data_preprocessing() got an unexpected keyword argument 'outliers_removidos'. Did you mean 'outliers_removed'?
2025-09-21 19:30:45,741 - app - INFO - _ensure_indexes:46 - Índices de MongoDB verificados/creados
2025-09-21 19:30:45,805 - app - INFO - __init__:39 - PredictionService inicializado - scikit-learn: disponible
2025-09-21 19:30:45,853 - app - INFO - __init__:31 - SensorService inicializado
2025-09-21 19:30:45,910 - app - INFO - __init__:23 - SensorController inicializado
2025-09-21 19:30:54,164 - app - INFO - main:64 - 🛑 Cerrando aplicación...
2025-09-21 19:31:02,899 - app - INFO - configure_logging:58 - Sistema de logging configurado correctamente
2025-09-21 19:31:07,003 - app.utils.rate_limiter - WARNING - _log:35 - ❌ No se pudo conectar a Redis: Error 10061 connecting to localhost:6379. No se puede establecer una conexión ya que el equipo de destino denegó expresamente dicha conexión.
2025-09-21 19:31:07,008 - app.utils.rate_limiter - INFO - _log:35 - ✅ Rate limiter configurado en memoria
2025-09-21 19:31:07,009 - app - INFO - create_app:75 - Rate limiter inicializado
2025-09-21 19:31:07,113 - app.services.websocket_service - INFO - _log:40 - SocketIO inicializado
2025-09-21 19:31:07,114 - app - INFO - create_app:82 - WebSocket service inicializado
2025-09-21 19:31:07,114 - app - INFO - init_app:35 - EmailService inicializado
2025-09-21 19:31:07,115 - app - INFO - init_app:59 - ✅ EmailService configurado correctamente
2025-09-21 19:31:07,116 - app - INFO - create_app:89 - Email service inicializado
2025-09-21 19:31:08,002 - app - INFO - register_blueprints:128 - Blueprints registrados correctamente
2025-09-21 19:31:08,003 - app - INFO - create_app:100 - Aplicación iniciada en modo: development
2025-09-21 19:31:08,003 - app - INFO - main:34 - 🚀 Iniciando aplicación en 0.0.0.0:5000
2025-09-21 19:31:08,004 - app - INFO - main:35 - 🔧 Modo: development
2025-09-21 19:31:08,005 - app - INFO - main:36 - 🐛 Debug: activado
2025-09-21 19:31:08,006 - app - INFO - main:41 - 🌐 Iniciando con WebSocket habilitado
2025-09-21 19:31:41,380 - app - INFO - mongo_client:37 - ✅ Conexión a MongoDB establecida
2025-09-21 19:31:41,386 - app - INFO - mongo_client:37 - ✅ Conexión a MongoDB establecida
2025-09-21 19:31:41,917 - app - INFO - _ensure_indexes:46 - Índices de MongoDB verificados/creados
2025-09-21 19:31:41,918 - app - INFO - __init__:39 - PredictionService inicializado - scikit-learn: disponible
2025-09-21 19:31:41,919 - app - INFO - __init__:31 - SensorService inicializado
2025-09-21 19:31:41,919 - app - INFO - __init__:23 - SensorController inicializado
2025-09-21 19:31:42,251 - app - INFO - _eliminar_outliers_iqr:247 - Removidos 3 outliers usando IQR (fence: 46.0 - 244.0)
2025-09-21 19:31:42,252 - app - ERROR - _preprocesar_datos_avanzado:212 - Error en preprocesamiento avanzado: PredictionLogger.log_data_preprocessing() got an unexpected keyword argument 'outliers_removidos'. Did you mean 'outliers_removed'?
2025-09-21 19:31:42,729 - app - INFO - _ensure_indexes:46 - Índices de MongoDB verificados/creados
2025-09-21 19:31:42,731 - app - INFO - __init__:39 - PredictionService inicializado - scikit-learn: disponible
2025-09-21 19:31:42,732 - app - INFO - __init__:31 - SensorService inicializado
2025-09-21 19:31:42,732 - app - INFO - __init__:23 - SensorController inicializado
2025-09-21 19:31:48,186 - app - INFO - _eliminar_outliers_iqr:247 - Removidos 3 outliers usando IQR (fence: 46.0 - 244.0)
2025-09-21 19:31:48,188 - app - ERROR - _preprocesar_datos_avanzado:212 - Error en preprocesamiento avanzado: PredictionLogger.log_data_preprocessing() got an unexpected keyword argument 'outliers_removidos'. Did you mean 'outliers_removed'?
2025-09-21 19:31:59,182 - app - INFO - _eliminar_outliers_iqr:247 - Removidos 3 outliers usando IQR (fence: 46.0 - 244.0)
2025-09-21 19:31:59,183 - app - ERROR - _preprocesar_datos_avanzado:212 - Error en preprocesamiento avanzado: PredictionLogger.log_data_preprocessing() got an unexpected keyword argument 'outliers_removidos'. Did you mean 'outliers_removed'?
2025-09-21 19:32:30,689 - app - INFO - _eliminar_outliers_iqr:247 - Removidos 3 outliers usando IQR (fence: 46.0 - 244.0)
2025-09-21 19:32:30,690 - app - ERROR - _preprocesar_datos_avanzado:212 - Error en preprocesamiento avanzado: PredictionLogger.log_data_preprocessing() got an unexpected keyword argument 'outliers_removidos'. Did you mean 'outliers_removed'?
2025-09-21 19:33:00,663 - app - INFO - _eliminar_outliers_iqr:247 - Removidos 3 outliers usando IQR (fence: 46.0 - 244.0)
2025-09-21 19:33:00,664 - app - ERROR - _preprocesar_datos_avanzado:212 - Error en preprocesamiento avanzado: PredictionLogger.log_data_preprocessing() got an unexpected keyword argument 'outliers_removidos'. Did you mean 'outliers_removed'?
2025-09-21 19:33:23,339 - app - INFO - main:64 - 🛑 Cerrando aplicación...
2025-09-21 19:33:24,810 - app - INFO - main:64 - 🛑 Cerrando aplicación...
2025-09-21 19:37:31,245 - app - INFO - configure_logging:58 - Sistema de logging configurado correctamente
2025-09-21 19:37:35,341 - app.utils.rate_limiter - WARNING - _log:35 - ❌ No se pudo conectar a Redis: Error 10061 connecting to localhost:6379. No se puede establecer una conexión ya que el equipo de destino denegó expresamente dicha conexión.
2025-09-21 19:37:35,346 - app.utils.rate_limiter - INFO - _log:35 - ✅ Rate limiter configurado en memoria
2025-09-21 19:37:35,347 - app - INFO - create_app:75 - Rate limiter inicializado
2025-09-21 19:37:35,511 - app.services.websocket_service - INFO - _log:40 - SocketIO inicializado
2025-09-21 19:37:35,512 - app - INFO - create_app:82 - WebSocket service inicializado
2025-09-21 19:37:35,514 - app - INFO - init_app:35 - EmailService inicializado
2025-09-21 19:37:35,516 - app - INFO - init_app:59 - ✅ EmailService configurado correctamente
2025-09-21 19:37:35,517 - app - INFO - create_app:89 - Email service inicializado
2025-09-21 19:37:36,728 - app - INFO - register_blueprints:128 - Blueprints registrados correctamente
2025-09-21 19:37:36,728 - app - INFO - create_app:100 - Aplicación iniciada en modo: development
2025-09-21 19:37:36,729 - app - INFO - main:34 - 🚀 Iniciando aplicación en 0.0.0.0:5000
2025-09-21 19:37:36,730 - app - INFO - main:35 - 🔧 Modo: development
2025-09-21 19:37:36,730 - app - INFO - main:36 - 🐛 Debug: activado
2025-09-21 19:37:36,731 - app - INFO - main:41 - 🌐 Iniciando con WebSocket habilitado
2025-09-21 19:37:41,552 - app - INFO - configure_logging:58 - Sistema de logging configurado correctamente
2025-09-21 19:37:45,646 - app.utils.rate_limiter - WARNING - _log:35 - ❌ No se pudo conectar a Redis: Error 10061 connecting to localhost:6379. No se puede establecer una conexión ya que el equipo de destino denegó expresamente dicha conexión.
2025-09-21 19:37:45,649 - app.utils.rate_limiter - INFO - _log:35 - ✅ Rate limiter configurado en memoria
2025-09-21 19:37:45,649 - app - INFO - create_app:75 - Rate limiter inicializado
2025-09-21 19:37:45,723 - app.services.websocket_service - INFO - _log:40 - SocketIO inicializado
2025-09-21 19:37:45,723 - app - INFO - create_app:82 - WebSocket service inicializado
2025-09-21 19:37:45,724 - app - INFO - init_app:35 - EmailService inicializado
2025-09-21 19:37:45,724 - app - INFO - init_app:59 - ✅ EmailService configurado correctamente
2025-09-21 19:37:45,725 - app - INFO - create_app:89 - Email service inicializado
2025-09-21 19:37:46,564 - app - INFO - register_blueprints:128 - Blueprints registrados correctamente
2025-09-21 19:37:46,565 - app - INFO - create_app:100 - Aplicación iniciada en modo: development
2025-09-21 19:37:46,565 - app - INFO - main:34 - 🚀 Iniciando aplicación en 0.0.0.0:5000
2025-09-21 19:37:46,566 - app - INFO - main:35 - 🔧 Modo: development
2025-09-21 19:37:46,567 - app - INFO - main:36 - 🐛 Debug: activado
2025-09-21 19:37:46,567 - app - INFO - main:41 - 🌐 Iniciando con WebSocket habilitado
2025-09-21 19:37:51,022 - app - INFO - mongo_client:37 - ✅ Conexión a MongoDB establecida
2025-09-21 19:37:51,616 - app - INFO - _ensure_indexes:46 - Índices de MongoDB verificados/creados
2025-09-21 19:37:51,624 - app - INFO - __init__:39 - PredictionService inicializado - scikit-learn: disponible
2025-09-21 19:37:51,626 - app - INFO - __init__:31 - SensorService inicializado
2025-09-21 19:37:51,629 - app - INFO - __init__:23 - SensorController inicializado
2025-09-21 19:37:51,942 - app - INFO - _eliminar_outliers_iqr:247 - Removidos 3 outliers usando IQR (fence: 46.0 - 244.0)
2025-09-21 19:37:51,943 - app - ERROR - _preprocesar_datos_avanzado:212 - Error en preprocesamiento avanzado: PredictionLogger.log_data_preprocessing() got an unexpected keyword argument 'outliers_removidos'. Did you mean 'outliers_removed'?
2025-09-21 19:37:52,584 - app - INFO - mongo_client:37 - ✅ Conexión a MongoDB establecida
2025-09-21 19:37:53,086 - app - INFO - _ensure_indexes:46 - Índices de MongoDB verificados/creados
2025-09-21 19:37:53,086 - app - INFO - __init__:39 - PredictionService inicializado - scikit-learn: disponible
2025-09-21 19:37:53,087 - app - INFO - __init__:31 - SensorService inicializado
2025-09-21 19:37:53,087 - app - INFO - __init__:23 - SensorController inicializado
2025-09-21 19:38:16,518 - app - INFO - _eliminar_outliers_iqr:247 - Removidos 3 outliers usando IQR (fence: 46.0 - 244.0)
2025-09-21 19:38:16,519 - app - ERROR - _preprocesar_datos_avanzado:212 - Error en preprocesamiento avanzado: PredictionLogger.log_data_preprocessing() got an unexpected keyword argument 'outliers_removidos'. Did you mean 'outliers_removed'?
2025-09-21 19:38:47,714 - app - INFO - _eliminar_outliers_iqr:247 - Removidos 3 outliers usando IQR (fence: 46.0 - 244.0)
2025-09-21 19:38:47,715 - app - ERROR - _preprocesar_datos_avanzado:212 - Error en preprocesamiento avanzado: PredictionLogger.log_data_preprocessing() got an unexpected keyword argument 'outliers_removidos'. Did you mean 'outliers_removed'?
2025-09-21 19:38:49,889 - app - DEBUG - insert_one:62 - Documento insertado con ID: 68d09a996101cd33acf815c4
2025-09-21 19:38:49,890 - app - INFO - proceso_leer_sensor:70 - Lectura procesada exitosamente: 169.52cm
2025-09-21 19:38:49,891 - app - INFO - proceso_lecturas:104 - Procesadas 1 de 1 lecturas
2025-09-21 19:38:53,105 - app - DEBUG - insert_one:62 - Documento insertado con ID: 68d09a9c6101cd33acf815c5
2025-09-21 19:38:53,106 - app - INFO - proceso_leer_sensor:70 - Lectura procesada exitosamente: 165.05cm
2025-09-21 19:38:53,106 - app - INFO - proceso_lecturas:104 - Procesadas 1 de 1 lecturas
2025-09-21 19:38:56,328 - app - DEBUG - insert_one:62 - Documento insertado con ID: 68d09aa06101cd33acf815c6
2025-09-21 19:38:56,329 - app - INFO - proceso_leer_sensor:70 - Lectura procesada exitosamente: 165.92cm
2025-09-21 19:38:56,329 - app - INFO - proceso_lecturas:104 - Procesadas 1 de 1 lecturas
2025-09-21 19:38:59,604 - app - DEBUG - insert_one:62 - Documento insertado con ID: 68d09aa36101cd33acf815c7
2025-09-21 19:38:59,604 - app - INFO - proceso_leer_sensor:70 - Lectura procesada exitosamente: 165.92cm
2025-09-21 19:38:59,605 - app - INFO - proceso_lecturas:104 - Procesadas 1 de 1 lecturas
2025-09-21 19:39:02,822 - app - DEBUG - insert_one:62 - Documento insertado con ID: 68d09aa66101cd33acf815c8
2025-09-21 19:39:02,823 - app - INFO - proceso_leer_sensor:70 - Lectura procesada exitosamente: 166.16cm
2025-09-21 19:39:02,824 - app - INFO - proceso_lecturas:104 - Procesadas 1 de 1 lecturas
2025-09-21 19:39:06,086 - app - DEBUG - insert_one:62 - Documento insertado con ID: 68d09aa96101cd33acf815c9
2025-09-21 19:39:06,086 - app - INFO - proceso_leer_sensor:70 - Lectura procesada exitosamente: 165.58cm
2025-09-21 19:39:06,087 - app - INFO - proceso_lecturas:104 - Procesadas 1 de 1 lecturas
2025-09-21 19:39:09,306 - app - DEBUG - insert_one:62 - Documento insertado con ID: 68d09aad6101cd33acf815ca
2025-09-21 19:39:09,307 - app - INFO - proceso_leer_sensor:70 - Lectura procesada exitosamente: 165.94cm
2025-09-21 19:39:09,308 - app - INFO - proceso_lecturas:104 - Procesadas 1 de 1 lecturas
2025-09-21 19:39:12,522 - app - DEBUG - insert_one:62 - Documento insertado con ID: 68d09ab06101cd33acf815cb
2025-09-21 19:39:12,523 - app - INFO - proceso_leer_sensor:70 - Lectura procesada exitosamente: 167.71cm
2025-09-21 19:39:12,524 - app - INFO - proceso_lecturas:104 - Procesadas 1 de 1 lecturas
2025-09-21 19:39:15,758 - app - DEBUG - insert_one:62 - Documento insertado con ID: 68d09ab36101cd33acf815cc
2025-09-21 19:39:15,759 - app - INFO - proceso_leer_sensor:70 - Lectura procesada exitosamente: 169.03cm
2025-09-21 19:39:15,760 - app - INFO - proceso_lecturas:104 - Procesadas 1 de 1 lecturas
2025-09-21 19:39:17,722 - app - INFO - _eliminar_outliers_iqr:247 - Removidos 20 outliers usando IQR (fence: 162.7 - 166.7)
2025-09-21 19:39:17,724 - app - ERROR - _preprocesar_datos_avanzado:212 - Error en preprocesamiento avanzado: PredictionLogger.log_data_preprocessing() got an unexpected keyword argument 'outliers_removidos'. Did you mean 'outliers_removed'?
2025-09-21 19:39:18,949 - app - DEBUG - insert_one:62 - Documento insertado con ID: 68d09ab66101cd33acf815cd
2025-09-21 19:39:18,951 - app - INFO - proceso_leer_sensor:70 - Lectura procesada exitosamente: 169.95cm
2025-09-21 19:39:18,951 - app - INFO - proceso_lecturas:104 - Procesadas 1 de 1 lecturas
2025-09-21 19:39:22,161 - app - DEBUG - insert_one:62 - Documento insertado con ID: 68d09aba6101cd33acf815ce
2025-09-21 19:39:22,163 - app - INFO - proceso_leer_sensor:70 - Lectura procesada exitosamente: 169.58cm
2025-09-21 19:39:22,163 - app - INFO - proceso_lecturas:104 - Procesadas 1 de 1 lecturas
2025-09-21 19:39:25,380 - app - DEBUG - insert_one:62 - Documento insertado con ID: 68d09abd6101cd33acf815cf
2025-09-21 19:39:25,381 - app - INFO - proceso_leer_sensor:70 - Lectura procesada exitosamente: 168.23cm
2025-09-21 19:39:25,382 - app - INFO - proceso_lecturas:104 - Procesadas 1 de 1 lecturas
2025-09-21 19:39:28,630 - app - DEBUG - insert_one:62 - Documento insertado con ID: 68d09ac06101cd33acf815d0
2025-09-21 19:39:28,632 - app - INFO - proceso_leer_sensor:70 - Lectura procesada exitosamente: 169.47cm
2025-09-21 19:39:28,632 - app - INFO - proceso_lecturas:104 - Procesadas 1 de 1 lecturas
2025-09-21 19:39:31,940 - app - DEBUG - insert_one:62 - Documento insertado con ID: 68d09ac36101cd33acf815d1
2025-09-21 19:39:31,943 - app - INFO - proceso_leer_sensor:70 - Lectura procesada exitosamente: 169.58cm
2025-09-21 19:39:31,943 - app - INFO - proceso_lecturas:104 - Procesadas 1 de 1 lecturas
2025-09-21 19:39:47,285 - app - INFO - _eliminar_outliers_iqr:247 - Removidos 21 outliers usando IQR (fence: 161.5 - 168.5)
2025-09-21 19:39:47,287 - app - ERROR - _preprocesar_datos_avanzado:212 - Error en preprocesamiento avanzado: PredictionLogger.log_data_preprocessing() got an unexpected keyword argument 'outliers_removidos'. Did you mean 'outliers_removed'?
2025-09-21 19:40:17,275 - app - INFO - _eliminar_outliers_iqr:247 - Removidos 21 outliers usando IQR (fence: 161.5 - 168.5)
2025-09-21 19:40:17,276 - app - ERROR - _preprocesar_datos_avanzado:212 - Error en preprocesamiento avanzado: PredictionLogger.log_data_preprocessing() got an unexpected keyword argument 'outliers_removidos'. Did you mean 'outliers_removed'?
2025-09-21 19:40:47,689 - app - INFO - _eliminar_outliers_iqr:247 - Removidos 21 outliers usando IQR (fence: 161.5 - 168.5)
2025-09-21 19:40:47,690 - app - ERROR - _preprocesar_datos_avanzado:212 - Error en preprocesamiento avanzado: PredictionLogger.log_data_preprocessing() got an unexpected keyword argument 'outliers_removidos'. Did you mean 'outliers_removed'?
2025-09-21 19:41:17,712 - app - INFO - _eliminar_outliers_iqr:247 - Removidos 21 outliers usando IQR (fence: 161.5 - 168.5)
2025-09-21 19:41:17,714 - app - ERROR - _preprocesar_datos_avanzado:212 - Error en preprocesamiento avanzado: PredictionLogger.log_data_preprocessing() got an unexpected keyword argument 'outliers_removidos'. Did you mean 'outliers_removed'?
2025-09-21 19:41:49,005 - app - INFO - _eliminar_outliers_iqr:247 - Removidos 21 outliers usando IQR (fence: 161.5 - 168.5)
2025-09-21 19:41:49,009 - app - ERROR - _preprocesar_datos_avanzado:212 - Error en preprocesamiento avanzado: PredictionLogger.log_data_preprocessing() got an unexpected keyword argument 'outliers_removidos'. Did you mean 'outliers_removed'?
2025-09-21 19:42:42,036 - app - INFO - _eliminar_outliers_iqr:247 - Removidos 21 outliers usando IQR (fence: 161.5 - 168.5)
2025-09-21 19:42:42,038 - app - ERROR - _preprocesar_datos_avanzado:212 - Error en preprocesamiento avanzado: PredictionLogger.log_data_preprocessing() got an unexpected keyword argument 'outliers_removidos'. Did you mean 'outliers_removed'?
2025-09-21 19:43:41,752 - app - INFO - _eliminar_outliers_iqr:247 - Removidos 21 outliers usando IQR (fence: 161.5 - 168.5)
2025-09-21 19:43:41,753 - app - ERROR - _preprocesar_datos_avanzado:212 - Error en preprocesamiento avanzado: PredictionLogger.log_data_preprocessing() got an unexpected keyword argument 'outliers_removidos'. Did you mean 'outliers_removed'?
2025-09-21 19:44:41,729 - app - INFO - _eliminar_outliers_iqr:247 - Removidos 21 outliers usando IQR (fence: 161.5 - 168.5)
2025-09-21 19:44:41,736 - app - ERROR - _preprocesar_datos_avanzado:212 - Error en preprocesamiento avanzado: PredictionLogger.log_data_preprocessing() got an unexpected keyword argument 'outliers_removidos'. Did you mean 'outliers_removed'?
2025-09-21 19:45:42,044 - app - INFO - _eliminar_outliers_iqr:247 - Removidos 21 outliers usando IQR (fence: 161.5 - 168.5)
2025-09-21 19:45:42,046 - app - ERROR - _preprocesar_datos_avanzado:212 - Error en preprocesamiento avanzado: PredictionLogger.log_data_preprocessing() got an unexpected keyword argument 'outliers_removidos'. Did you mean 'outliers_removed'?
2025-09-21 19:46:42,348 - app - INFO - _eliminar_outliers_iqr:247 - Removidos 21 outliers usando IQR (fence: 161.5 - 168.5)
2025-09-21 19:46:42,354 - app - ERROR - _preprocesar_datos_avanzado:212 - Error en preprocesamiento avanzado: PredictionLogger.log_data_preprocessing() got an unexpected keyword argument 'outliers_removidos'. Did you mean 'outliers_removed'?
2025-09-21 19:47:42,255 - app - INFO - _eliminar_outliers_iqr:247 - Removidos 21 outliers usando IQR (fence: 161.5 - 168.5)
2025-09-21 19:47:42,258 - app - ERROR - _preprocesar_datos_avanzado:212 - Error en preprocesamiento avanzado: PredictionLogger.log_data_preprocessing() got an unexpected keyword argument 'outliers_removidos'. Did you mean 'outliers_removed'?
2025-09-21 19:48:42,673 - app - INFO - _eliminar_outliers_iqr:247 - Removidos 21 outliers usando IQR (fence: 161.5 - 168.5)
2025-09-21 19:48:42,676 - app - ERROR - _preprocesar_datos_avanzado:212 - Error en preprocesamiento avanzado: PredictionLogger.log_data_preprocessing() got an unexpected keyword argument 'outliers_removidos'. Did you mean 'outliers_removed'?
2025-09-21 19:49:12,953 - app - INFO - main:64 - 🛑 Cerrando aplicación...
2025-09-21 19:49:26,203 - app - INFO - configure_logging:58 - Sistema de logging configurado correctamente
2025-09-21 19:49:30,307 - app.utils.rate_limiter - WARNING - _log:35 - ❌ No se pudo conectar a Redis: Error 10061 connecting to localhost:6379. No se puede establecer una conexión ya que el equipo de destino denegó expresamente dicha conexión.
2025-09-21 19:49:30,311 - app.utils.rate_limiter - INFO - _log:35 - ✅ Rate limiter configurado en memoria
2025-09-21 19:49:30,312 - app - INFO - create_app:75 - Rate limiter inicializado
2025-09-21 19:49:30,429 - app.services.websocket_service - INFO - _log:40 - SocketIO inicializado
2025-09-21 19:49:30,430 - app - INFO - create_app:82 - WebSocket service inicializado
2025-09-21 19:49:30,431 - app - INFO - init_app:35 - EmailService inicializado
2025-09-21 19:49:30,433 - app - INFO - init_app:59 - ✅ EmailService configurado correctamente
2025-09-21 19:49:30,434 - app - INFO - create_app:89 - Email service inicializado
2025-09-21 19:49:32,328 - app - INFO - register_blueprints:128 - Blueprints registrados correctamente
2025-09-21 19:49:32,329 - app - INFO - create_app:100 - Aplicación iniciada en modo: development
2025-09-21 19:49:32,330 - app - INFO - main:34 - 🚀 Iniciando aplicación en 0.0.0.0:5000
2025-09-21 19:49:32,331 - app - INFO - main:35 - 🔧 Modo: development
2025-09-21 19:49:32,335 - app - INFO - main:36 - 🐛 Debug: activado
2025-09-21 19:49:32,338 - app - INFO - main:41 - 🌐 Iniciando con WebSocket habilitado
2025-09-21 19:49:36,261 - app - INFO - main:64 - 🛑 Cerrando aplicación...
2025-09-21 19:49:36,530 - app - INFO - mongo_client:37 - ✅ Conexión a MongoDB establecida
2025-09-21 19:49:36,537 - app - WARNING - _ensure_indexes:48 - Error creando índices: Cannot use MongoClient after close
2025-09-21 19:49:36,546 - app - INFO - __init__:39 - PredictionService inicializado - scikit-learn: disponible
2025-09-21 19:49:36,574 - app - INFO - __init__:31 - SensorService inicializado
2025-09-21 19:49:36,605 - app - INFO - __init__:23 - SensorController inicializado
2025-09-21 19:49:36,659 - app - WARNING - proceso_lecturas:101 - Error procesando lectura individual: 1 validation error for SensorReading
nivel_agua
  Value error, Formato de datos inválido. Debe ser 'nivel_agua: [número]cm' o 'Distancia: [número]cm' [type=value_error, input_value='=== Sistema de Alerta Te...or de Nivel de Agua ===', input_type=str]
    For further information visit https://errors.pydantic.dev/2.11/v/value_error
2025-09-21 19:49:36,724 - app - INFO - proceso_lecturas:104 - Procesadas 0 de 1 lecturas
2025-09-21 19:49:44,870 - app - INFO - configure_logging:58 - Sistema de logging configurado correctamente
2025-09-21 19:49:48,951 - app.utils.rate_limiter - WARNING - _log:35 - ❌ No se pudo conectar a Redis: Error 10061 connecting to localhost:6379. No se puede establecer una conexión ya que el equipo de destino denegó expresamente dicha conexión.
2025-09-21 19:49:48,959 - app.utils.rate_limiter - INFO - _log:35 - ✅ Rate limiter configurado en memoria
2025-09-21 19:49:48,960 - app - INFO - create_app:75 - Rate limiter inicializado
2025-09-21 19:49:49,139 - app.services.websocket_service - INFO - _log:40 - SocketIO inicializado
2025-09-21 19:49:49,140 - app - INFO - create_app:82 - WebSocket service inicializado
2025-09-21 19:49:49,142 - app - INFO - init_app:35 - EmailService inicializado
2025-09-21 19:49:49,143 - app - INFO - init_app:59 - ✅ EmailService configurado correctamente
2025-09-21 19:49:49,145 - app - INFO - create_app:89 - Email service inicializado
2025-09-21 19:49:50,815 - app - INFO - register_blueprints:128 - Blueprints registrados correctamente
2025-09-21 19:49:50,816 - app - INFO - create_app:100 - Aplicación iniciada en modo: development
2025-09-21 19:49:50,817 - app - INFO - main:34 - 🚀 Iniciando aplicación en 0.0.0.0:5000
2025-09-21 19:49:50,817 - app - INFO - main:35 - 🔧 Modo: development
2025-09-21 19:49:50,818 - app - INFO - main:36 - 🐛 Debug: activado
2025-09-21 19:49:50,819 - app - INFO - main:41 - 🌐 Iniciando con WebSocket habilitado
2025-09-21 19:49:54,494 - app - INFO - mongo_client:37 - ✅ Conexión a MongoDB establecida
2025-09-21 19:49:54,936 - app - INFO - mongo_client:37 - ✅ Conexión a MongoDB establecida
2025-09-21 19:49:54,937 - app - INFO - mongo_client:37 - ✅ Conexión a MongoDB establecida
2025-09-21 19:49:54,938 - app - INFO - mongo_client:37 - ✅ Conexión a MongoDB establecida
2025-09-21 19:49:55,884 - app - INFO - _ensure_indexes:46 - Índices de MongoDB verificados/creados
2025-09-21 19:49:55,886 - app - INFO - __init__:39 - PredictionService inicializado - scikit-learn: disponible
2025-09-21 19:49:55,887 - app - INFO - __init__:31 - SensorService inicializado
2025-09-21 19:49:55,889 - app - INFO - __init__:23 - SensorController inicializado
2025-09-21 19:49:56,676 - app - INFO - _ensure_indexes:46 - Índices de MongoDB verificados/creados
2025-09-21 19:49:56,678 - app - INFO - _ensure_indexes:46 - Índices de MongoDB verificados/creados
2025-09-21 19:49:56,686 - app - INFO - __init__:39 - PredictionService inicializado - scikit-learn: disponible
2025-09-21 19:49:56,689 - app - INFO - __init__:39 - PredictionService inicializado - scikit-learn: disponible
2025-09-21 19:49:56,693 - app - INFO - __init__:31 - SensorService inicializado
2025-09-21 19:49:56,695 - app - INFO - __init__:31 - SensorService inicializado
2025-09-21 19:49:56,697 - app - INFO - __init__:23 - SensorController inicializado
2025-09-21 19:49:56,707 - app - INFO - __init__:23 - SensorController inicializado
2025-09-21 19:49:56,712 - app - WARNING - proceso_lecturas:101 - Error procesando lectura individual: 1 validation error for SensorReading
nivel_agua
  Value error, Formato de datos inválido. Debe ser 'nivel_agua: [número]cm' o 'Distancia: [número]cm' [type=value_error, input_value='Umbral Inundación: 15.00 cm', input_type=str]
    For further information visit https://errors.pydantic.dev/2.11/v/value_error
2025-09-21 19:49:56,714 - app - WARNING - proceso_lecturas:101 - Error procesando lectura individual: 1 validation error for SensorReading
nivel_agua
  Value error, Formato de datos inválido. Debe ser 'nivel_agua: [número]cm' o 'Distancia: [número]cm' [type=value_error, input_value='Intervalo de muestreo: 5000 ms', input_type=str]
    For further information visit https://errors.pydantic.dev/2.11/v/value_error
2025-09-21 19:49:56,719 - app - INFO - proceso_lecturas:104 - Procesadas 0 de 1 lecturas
2025-09-21 19:49:56,737 - app - INFO - proceso_lecturas:104 - Procesadas 0 de 1 lecturas
2025-09-21 19:49:56,966 - app - INFO - _ensure_indexes:46 - Índices de MongoDB verificados/creados
2025-09-21 19:49:56,971 - app - INFO - __init__:39 - PredictionService inicializado - scikit-learn: disponible
2025-09-21 19:49:56,974 - app - INFO - __init__:31 - SensorService inicializado
2025-09-21 19:49:56,976 - app - INFO - __init__:23 - SensorController inicializado
2025-09-21 19:49:57,531 - app - INFO - _eliminar_outliers_iqr:247 - Removidos 21 outliers usando IQR (fence: 161.5 - 168.5)
2025-09-21 19:49:57,539 - app - ERROR - _preprocesar_datos_avanzado:212 - Error en preprocesamiento avanzado: PredictionLogger.log_data_preprocessing() got an unexpected keyword argument 'outliers_removidos'. Did you mean 'outliers_removed'?
2025-09-21 19:49:59,239 - app - INFO - main:64 - 🛑 Cerrando aplicación...
2025-09-21 19:50:10,819 - app - INFO - configure_logging:58 - Sistema de logging configurado correctamente
2025-09-21 19:50:14,916 - app.utils.rate_limiter - WARNING - _log:35 - ❌ No se pudo conectar a Redis: Error 10061 connecting to localhost:6379. No se puede establecer una conexión ya que el equipo de destino denegó expresamente dicha conexión.
2025-09-21 19:50:14,921 - app.utils.rate_limiter - INFO - _log:35 - ✅ Rate limiter configurado en memoria
2025-09-21 19:50:14,922 - app - INFO - create_app:75 - Rate limiter inicializado
2025-09-21 19:50:15,012 - app.services.websocket_service - INFO - _log:40 - SocketIO inicializado
2025-09-21 19:50:15,013 - app - INFO - create_app:82 - WebSocket service inicializado
2025-09-21 19:50:15,014 - app - INFO - init_app:35 - EmailService inicializado
2025-09-21 19:50:15,014 - app - INFO - init_app:59 - ✅ EmailService configurado correctamente
2025-09-21 19:50:15,015 - app - INFO - create_app:89 - Email service inicializado
2025-09-21 19:50:16,471 - app - INFO - register_blueprints:128 - Blueprints registrados correctamente
2025-09-21 19:50:16,473 - app - INFO - create_app:100 - Aplicación iniciada en modo: development
2025-09-21 19:50:16,475 - app - INFO - main:34 - 🚀 Iniciando aplicación en 0.0.0.0:5000
2025-09-21 19:50:16,478 - app - INFO - main:35 - 🔧 Modo: development
2025-09-21 19:50:16,482 - app - INFO - main:36 - 🐛 Debug: activado
2025-09-21 19:50:16,486 - app - INFO - main:41 - 🌐 Iniciando con WebSocket habilitado
2025-09-21 19:50:27,987 - app - INFO - main:64 - 🛑 Cerrando aplicación...
2025-09-21 19:50:35,091 - app - INFO - configure_logging:58 - Sistema de logging configurado correctamente
2025-09-21 19:50:39,210 - app.utils.rate_limiter - WARNING - _log:35 - ❌ No se pudo conectar a Redis: Error 10061 connecting to localhost:6379. No se puede establecer una conexión ya que el equipo de destino denegó expresamente dicha conexión.
2025-09-21 19:50:39,213 - app.utils.rate_limiter - INFO - _log:35 - ✅ Rate limiter configurado en memoria
2025-09-21 19:50:39,214 - app - INFO - create_app:75 - Rate limiter inicializado
2025-09-21 19:50:39,302 - app.services.websocket_service - INFO - _log:40 - SocketIO inicializado
2025-09-21 19:50:39,302 - app - INFO - create_app:82 - WebSocket service inicializado
2025-09-21 19:50:39,303 - app - INFO - init_app:35 - EmailService inicializado
2025-09-21 19:50:39,304 - app - INFO - init_app:59 - ✅ EmailService configurado correctamente
2025-09-21 19:50:39,304 - app - INFO - create_app:89 - Email service inicializado
2025-09-21 19:50:40,225 - app - INFO - register_blueprints:128 - Blueprints registrados correctamente
2025-09-21 19:50:40,226 - app - INFO - create_app:100 - Aplicación iniciada en modo: development
2025-09-21 19:50:40,227 - app - INFO - main:34 - 🚀 Iniciando aplicación en 0.0.0.0:5000
2025-09-21 19:50:40,227 - app - INFO - main:35 - 🔧 Modo: development
2025-09-21 19:50:40,228 - app - INFO - main:36 - 🐛 Debug: activado
2025-09-21 19:50:40,229 - app - INFO - main:41 - 🌐 Iniciando con WebSocket habilitado
2025-09-21 19:50:44,686 - app - INFO - mongo_client:37 - ✅ Conexión a MongoDB establecida
2025-09-21 19:50:44,869 - app - INFO - mongo_client:37 - ✅ Conexión a MongoDB establecida
2025-09-21 19:50:45,286 - app - INFO - _ensure_indexes:46 - Índices de MongoDB verificados/creados
2025-09-21 19:50:45,287 - app - INFO - __init__:39 - PredictionService inicializado - scikit-learn: disponible
2025-09-21 19:50:45,288 - app - INFO - __init__:31 - SensorService inicializado
2025-09-21 19:50:45,289 - app - INFO - __init__:29 - SensorController inicializado
2025-09-21 19:50:47,070 - app - INFO - _ensure_indexes:46 - Índices de MongoDB verificados/creados
2025-09-21 19:50:47,071 - app - INFO - __init__:39 - PredictionService inicializado - scikit-learn: disponible
2025-09-21 19:50:47,072 - app - INFO - __init__:31 - SensorService inicializado
2025-09-21 19:50:47,073 - app - INFO - __init__:29 - SensorController inicializado
2025-09-21 19:50:47,522 - app - INFO - _eliminar_outliers_iqr:247 - Removidos 21 outliers usando IQR (fence: 161.5 - 168.5)
2025-09-21 19:50:47,523 - app - ERROR - _preprocesar_datos_avanzado:212 - Error en preprocesamiento avanzado: PredictionLogger.log_data_preprocessing() got an unexpected keyword argument 'outliers_removidos'. Did you mean 'outliers_removed'?
2025-09-21 19:51:02,749 - app - INFO - main:64 - 🛑 Cerrando aplicación...
2025-09-21 19:51:13,984 - app - INFO - configure_logging:58 - Sistema de logging configurado correctamente
2025-09-21 19:51:18,078 - app.utils.rate_limiter - WARNING - _log:35 - ❌ No se pudo conectar a Redis: Error 10061 connecting to localhost:6379. No se puede establecer una conexión ya que el equipo de destino denegó expresamente dicha conexión.
2025-09-21 19:51:18,084 - app.utils.rate_limiter - INFO - _log:35 - ✅ Rate limiter configurado en memoria
2025-09-21 19:51:18,086 - app - INFO - create_app:75 - Rate limiter inicializado
2025-09-21 19:51:18,219 - app.services.websocket_service - INFO - _log:40 - SocketIO inicializado
2025-09-21 19:51:18,220 - app - INFO - create_app:82 - WebSocket service inicializado
2025-09-21 19:51:18,221 - app - INFO - init_app:35 - EmailService inicializado
2025-09-21 19:51:18,222 - app - INFO - init_app:59 - ✅ EmailService configurado correctamente
2025-09-21 19:51:18,223 - app - INFO - create_app:89 - Email service inicializado
2025-09-21 19:51:20,558 - app - INFO - register_blueprints:128 - Blueprints registrados correctamente
2025-09-21 19:51:20,560 - app - INFO - create_app:100 - Aplicación iniciada en modo: development
2025-09-21 19:51:20,561 - app - INFO - main:34 - 🚀 Iniciando aplicación en 0.0.0.0:5000
2025-09-21 19:51:20,569 - app - INFO - main:35 - 🔧 Modo: development
2025-09-21 19:51:20,570 - app - INFO - main:36 - 🐛 Debug: activado
2025-09-21 19:51:20,571 - app - INFO - main:41 - 🌐 Iniciando con WebSocket habilitado
2025-09-21 19:51:37,347 - app - INFO - main:64 - 🛑 Cerrando aplicación...
2025-09-21 19:51:48,008 - app - INFO - configure_logging:58 - Sistema de logging configurado correctamente
2025-09-21 19:51:52,108 - app.utils.rate_limiter - WARNING - _log:35 - ❌ No se pudo conectar a Redis: Error 10061 connecting to localhost:6379. No se puede establecer una conexión ya que el equipo de destino denegó expresamente dicha conexión.
2025-09-21 19:51:52,114 - app.utils.rate_limiter - INFO - _log:35 - ✅ Rate limiter configurado en memoria
2025-09-21 19:51:52,115 - app - INFO - create_app:75 - Rate limiter inicializado
2025-09-21 19:51:52,327 - app.services.websocket_service - INFO - _log:40 - SocketIO inicializado
2025-09-21 19:51:52,328 - app - INFO - create_app:82 - WebSocket service inicializado
2025-09-21 19:51:52,329 - app - INFO - init_app:35 - EmailService inicializado
2025-09-21 19:51:52,330 - app - INFO - init_app:59 - ✅ EmailService configurado correctamente
2025-09-21 19:51:52,332 - app - INFO - create_app:89 - Email service inicializado
2025-09-21 19:51:53,915 - app - INFO - register_blueprints:128 - Blueprints registrados correctamente
2025-09-21 19:51:53,916 - app - INFO - create_app:100 - Aplicación iniciada en modo: development
2025-09-21 19:51:53,918 - app - INFO - main:34 - 🚀 Iniciando aplicación en 0.0.0.0:5000
2025-09-21 19:51:53,921 - app - INFO - main:35 - 🔧 Modo: development
2025-09-21 19:51:53,922 - app - INFO - main:36 - 🐛 Debug: activado
2025-09-21 19:51:53,924 - app - INFO - main:41 - 🌐 Iniciando con WebSocket habilitado
2025-09-21 19:51:57,176 - app - INFO - mongo_client:37 - ✅ Conexión a MongoDB establecida
2025-09-21 19:51:57,264 - app - INFO - mongo_client:37 - ✅ Conexión a MongoDB establecida
2025-09-21 19:51:57,826 - app - INFO - _ensure_indexes:46 - Índices de MongoDB verificados/creados
2025-09-21 19:51:57,828 - app - INFO - __init__:39 - PredictionService inicializado - scikit-learn: disponible
2025-09-21 19:51:57,830 - app - INFO - __init__:32 - SensorService inicializado
2025-09-21 19:51:57,831 - app - INFO - __init__:29 - SensorController inicializado
2025-09-21 19:51:58,159 - app - INFO - _eliminar_outliers_iqr:247 - Removidos 21 outliers usando IQR (fence: 161.5 - 168.5)
2025-09-21 19:51:58,246 - app - ERROR - _preprocesar_datos_avanzado:212 - Error en preprocesamiento avanzado: PredictionLogger.log_data_preprocessing() got an unexpected keyword argument 'outliers_removidos'. Did you mean 'outliers_removed'?
2025-09-21 19:51:58,488 - app - INFO - _ensure_indexes:46 - Índices de MongoDB verificados/creados
2025-09-21 19:51:58,491 - app - INFO - __init__:39 - PredictionService inicializado - scikit-learn: disponible
2025-09-21 19:51:58,493 - app - INFO - __init__:32 - SensorService inicializado
2025-09-21 19:51:58,495 - app - INFO - __init__:29 - SensorController inicializado
2025-09-21 19:52:01,263 - app - INFO - main:64 - 🛑 Cerrando aplicación...
2025-09-21 19:52:13,498 - app - INFO - configure_logging:58 - Sistema de logging configurado correctamente
2025-09-21 19:52:17,587 - app.utils.rate_limiter - WARNING - _log:35 - ❌ No se pudo conectar a Redis: Error 10061 connecting to localhost:6379. No se puede establecer una conexión ya que el equipo de destino denegó expresamente dicha conexión.
2025-09-21 19:52:17,593 - app.utils.rate_limiter - INFO - _log:35 - ✅ Rate limiter configurado en memoria
2025-09-21 19:52:17,594 - app - INFO - create_app:75 - Rate limiter inicializado
2025-09-21 19:52:17,707 - app.services.websocket_service - INFO - _log:40 - SocketIO inicializado
2025-09-21 19:52:17,708 - app - INFO - create_app:82 - WebSocket service inicializado
2025-09-21 19:52:17,709 - app - INFO - init_app:35 - EmailService inicializado
2025-09-21 19:52:17,710 - app - INFO - init_app:59 - ✅ EmailService configurado correctamente
2025-09-21 19:52:17,711 - app - INFO - create_app:89 - Email service inicializado
2025-09-21 19:52:19,761 - app - INFO - register_blueprints:128 - Blueprints registrados correctamente
2025-09-21 19:52:19,840 - app - INFO - create_app:100 - Aplicación iniciada en modo: development
2025-09-21 19:52:19,844 - app - INFO - main:34 - 🚀 Iniciando aplicación en 0.0.0.0:5000
2025-09-21 19:52:19,845 - app - INFO - main:35 - 🔧 Modo: development
2025-09-21 19:52:19,847 - app - INFO - main:36 - 🐛 Debug: activado
2025-09-21 19:52:19,847 - app - INFO - main:41 - 🌐 Iniciando con WebSocket habilitado
2025-09-21 19:52:44,323 - app - INFO - mongo_client:37 - ✅ Conexión a MongoDB establecida
2025-09-21 19:52:44,326 - app - INFO - mongo_client:37 - ✅ Conexión a MongoDB establecida
2025-09-21 19:52:44,907 - app - INFO - _ensure_indexes:46 - Índices de MongoDB verificados/creados
2025-09-21 19:52:44,922 - app - INFO - __init__:39 - PredictionService inicializado - scikit-learn: disponible
2025-09-21 19:52:44,933 - app - INFO - __init__:32 - SensorService inicializado
2025-09-21 19:52:44,935 - app - INFO - __init__:29 - SensorController inicializado
2025-09-21 19:52:45,252 - app - INFO - _eliminar_outliers_iqr:247 - Removidos 21 outliers usando IQR (fence: 161.5 - 168.5)
2025-09-21 19:52:45,255 - app - ERROR - _preprocesar_datos_avanzado:212 - Error en preprocesamiento avanzado: PredictionLogger.log_data_preprocessing() got an unexpected keyword argument 'outliers_removidos'. Did you mean 'outliers_removed'?
2025-09-21 19:52:46,305 - app - INFO - _ensure_indexes:46 - Índices de MongoDB verificados/creados
2025-09-21 19:52:46,343 - app - INFO - __init__:39 - PredictionService inicializado - scikit-learn: disponible
2025-09-21 19:52:46,463 - app - INFO - __init__:32 - SensorService inicializado
2025-09-21 19:52:46,510 - app - INFO - __init__:29 - SensorController inicializado
2025-09-21 20:18:22,750 - app - INFO - main:64 - 🛑 Cerrando aplicación...
2025-09-21 20:18:49,176 - app - INFO - configure_logging:58 - Sistema de logging configurado correctamente
2025-09-21 20:18:53,289 - app.utils.rate_limiter - WARNING - _log:35 - ❌ No se pudo conectar a Redis: Error 10061 connecting to localhost:6379. No se puede establecer una conexión ya que el equipo de destino denegó expresamente dicha conexión.
2025-09-21 20:18:53,296 - app.utils.rate_limiter - INFO - _log:35 - ✅ Rate limiter configurado en memoria
2025-09-21 20:18:53,297 - app - INFO - create_app:75 - Rate limiter inicializado
2025-09-21 20:18:53,450 - app.services.websocket_service - INFO - _log:40 - SocketIO inicializado
2025-09-21 20:18:53,453 - app - INFO - create_app:82 - WebSocket service inicializado
2025-09-21 20:18:53,454 - app - INFO - init_app:35 - EmailService inicializado
2025-09-21 20:18:53,456 - app - INFO - init_app:59 - ✅ EmailService configurado correctamente
2025-09-21 20:18:53,458 - app - INFO - create_app:89 - Email service inicializado
2025-09-21 20:18:58,813 - app - INFO - register_blueprints:128 - Blueprints registrados correctamente
2025-09-21 20:18:59,005 - app - INFO - create_app:100 - Aplicación iniciada en modo: development
2025-09-21 20:18:59,172 - app - INFO - main:34 - 🚀 Iniciando aplicación en 0.0.0.0:5000
2025-09-21 20:18:59,256 - app - INFO - main:35 - 🔧 Modo: development
2025-09-21 20:18:59,335 - app - INFO - main:36 - 🐛 Debug: activado
2025-09-21 20:18:59,370 - app - INFO - main:41 - 🌐 Iniciando con WebSocket habilitado
2025-09-21 20:19:03,057 - app - INFO - mongo_client:37 - ✅ Conexión a MongoDB establecida
2025-09-21 20:19:03,116 - app - INFO - mongo_client:37 - ✅ Conexión a MongoDB establecida
2025-09-21 20:19:03,545 - app - INFO - _ensure_indexes:46 - Índices de MongoDB verificados/creados
2025-09-21 20:19:03,552 - app - INFO - __init__:39 - PredictionService inicializado - scikit-learn: disponible
2025-09-21 20:19:03,553 - app - INFO - __init__:32 - SensorService inicializado
2025-09-21 20:19:03,554 - app - INFO - __init__:29 - SensorController inicializado
2025-09-21 20:19:04,223 - app - INFO - _ensure_indexes:46 - Índices de MongoDB verificados/creados
2025-09-21 20:19:04,224 - app - INFO - __init__:39 - PredictionService inicializado - scikit-learn: disponible
2025-09-21 20:19:04,224 - app - INFO - __init__:32 - SensorService inicializado
2025-09-21 20:19:04,225 - app - INFO - __init__:29 - SensorController inicializado
2025-09-21 20:19:04,517 - app - INFO - _eliminar_outliers_iqr:248 - Removidos 21 outliers usando IQR (fence: 161.5 - 168.5)
2025-09-21 20:19:04,519 - app - ERROR - _preprocesar_datos_avanzado:213 - Error en preprocesamiento avanzado: PredictionLogger.log_data_preprocessing() got an unexpected keyword argument 'outliers_removidos'. Did you mean 'outliers_removed'?
2025-09-21 20:19:06,642 - app - INFO - main:64 - 🛑 Cerrando aplicación...
2025-09-21 20:19:19,613 - app - INFO - configure_logging:58 - Sistema de logging configurado correctamente
2025-09-21 20:19:24,494 - app - INFO - main:64 - 🛑 Cerrando aplicación...
2025-09-21 20:24:47,183 - app - INFO - configure_logging:58 - Sistema de logging configurado correctamente
2025-09-21 20:24:51,289 - app.utils.rate_limiter - WARNING - _log:35 - ❌ No se pudo conectar a Redis: Error 10061 connecting to localhost:6379. No se puede establecer una conexión ya que el equipo de destino denegó expresamente dicha conexión.
2025-09-21 20:24:51,312 - app.utils.rate_limiter - INFO - _log:35 - ✅ Rate limiter configurado en memoria
2025-09-21 20:24:51,313 - app - INFO - create_app:75 - Rate limiter inicializado
2025-09-21 20:24:51,506 - app.services.websocket_service - INFO - _log:40 - SocketIO inicializado
2025-09-21 20:24:51,507 - app - INFO - create_app:82 - WebSocket service inicializado
2025-09-21 20:24:51,509 - app - INFO - init_app:35 - EmailService inicializado
2025-09-21 20:24:51,512 - app - INFO - init_app:59 - ✅ EmailService configurado correctamente
2025-09-21 20:24:51,513 - app - INFO - create_app:89 - Email service inicializado
2025-09-21 20:24:53,134 - app - INFO - register_blueprints:128 - Blueprints registrados correctamente
2025-09-21 20:24:53,135 - app - INFO - create_app:100 - Aplicación iniciada en modo: development
2025-09-21 20:24:53,137 - app - INFO - main:34 - 🚀 Iniciando aplicación en 0.0.0.0:5000
2025-09-21 20:24:53,138 - app - INFO - main:35 - 🔧 Modo: development
2025-09-21 20:24:53,140 - app - INFO - main:36 - 🐛 Debug: activado
2025-09-21 20:24:53,142 - app - INFO - main:41 - 🌐 Iniciando con WebSocket habilitado
2025-09-21 20:24:59,000 - app - INFO - configure_logging:58 - Sistema de logging configurado correctamente
2025-09-21 20:25:03,108 - app.utils.rate_limiter - WARNING - _log:35 - ❌ No se pudo conectar a Redis: Error 10061 connecting to localhost:6379. No se puede establecer una conexión ya que el equipo de destino denegó expresamente dicha conexión.
2025-09-21 20:25:03,114 - app.utils.rate_limiter - INFO - _log:35 - ✅ Rate limiter configurado en memoria
2025-09-21 20:25:03,115 - app - INFO - create_app:75 - Rate limiter inicializado
2025-09-21 20:25:03,262 - app.services.websocket_service - INFO - _log:40 - SocketIO inicializado
2025-09-21 20:25:03,263 - app - INFO - create_app:82 - WebSocket service inicializado
2025-09-21 20:25:03,265 - app - INFO - init_app:35 - EmailService inicializado
2025-09-21 20:25:03,266 - app - INFO - init_app:59 - ✅ EmailService configurado correctamente
2025-09-21 20:25:03,267 - app - INFO - create_app:89 - Email service inicializado
2025-09-21 20:25:04,800 - app - INFO - register_blueprints:128 - Blueprints registrados correctamente
2025-09-21 20:25:04,801 - app - INFO - create_app:100 - Aplicación iniciada en modo: development
2025-09-21 20:25:04,801 - app - INFO - main:34 - 🚀 Iniciando aplicación en 0.0.0.0:5000
2025-09-21 20:25:04,802 - app - INFO - main:35 - 🔧 Modo: development
2025-09-21 20:25:04,806 - app - INFO - main:36 - 🐛 Debug: activado
2025-09-21 20:25:04,808 - app - INFO - main:41 - 🌐 Iniciando con WebSocket habilitado
2025-09-21 20:25:07,384 - app - INFO - mongo_client:37 - ✅ Conexión a MongoDB establecida
2025-09-21 20:25:07,386 - app - INFO - mongo_client:37 - ✅ Conexión a MongoDB establecida
2025-09-21 20:25:07,829 - app - INFO - _ensure_indexes:46 - Índices de MongoDB verificados/creados
2025-09-21 20:25:07,846 - app - INFO - __init__:39 - PredictionService inicializado - scikit-learn: disponible
2025-09-21 20:25:07,848 - app - INFO - __init__:32 - SensorService inicializado
2025-09-21 20:25:07,850 - app - INFO - __init__:29 - SensorController inicializado
2025-09-21 20:25:08,548 - app - INFO - _ensure_indexes:46 - Índices de MongoDB verificados/creados
2025-09-21 20:25:08,549 - app - INFO - __init__:39 - PredictionService inicializado - scikit-learn: disponible
2025-09-21 20:25:08,551 - app - INFO - __init__:32 - SensorService inicializado
2025-09-21 20:25:08,552 - app - INFO - __init__:29 - SensorController inicializado
2025-09-21 20:25:08,848 - app - INFO - _eliminar_outliers_iqr:248 - Removidos 21 outliers usando IQR (fence: 161.5 - 168.5)
2025-09-21 20:25:08,851 - app - ERROR - _preprocesar_datos_avanzado:213 - Error en preprocesamiento avanzado: PredictionLogger.log_data_preprocessing() got an unexpected keyword argument 'outliers_removidos'. Did you mean 'outliers_removed'?
2025-09-21 20:25:22,524 - app - INFO - _eliminar_outliers_iqr:248 - Removidos 21 outliers usando IQR (fence: 161.5 - 168.5)
2025-09-21 20:25:22,531 - app - ERROR - _preprocesar_datos_avanzado:213 - Error en preprocesamiento avanzado: PredictionLogger.log_data_preprocessing() got an unexpected keyword argument 'outliers_removidos'. Did you mean 'outliers_removed'?
2025-09-21 20:25:41,327 - app - INFO - main:64 - 🛑 Cerrando aplicación...
2025-09-21 20:25:43,321 - app - INFO - main:64 - 🛑 Cerrando aplicación...
2025-09-21 20:26:00,482 - app - INFO - configure_logging:58 - Sistema de logging configurado correctamente
2025-09-21 20:26:04,582 - app.utils.rate_limiter - WARNING - _log:35 - ❌ No se pudo conectar a Redis: Error 10061 connecting to localhost:6379. No se puede establecer una conexión ya que el equipo de destino denegó expresamente dicha conexión.
2025-09-21 20:26:04,590 - app.utils.rate_limiter - INFO - _log:35 - ✅ Rate limiter configurado en memoria
2025-09-21 20:26:04,591 - app - INFO - create_app:75 - Rate limiter inicializado
2025-09-21 20:26:04,752 - app.services.websocket_service - INFO - _log:40 - SocketIO inicializado
2025-09-21 20:26:04,753 - app - INFO - create_app:82 - WebSocket service inicializado
2025-09-21 20:26:04,754 - app - INFO - init_app:35 - EmailService inicializado
2025-09-21 20:26:04,755 - app - INFO - init_app:59 - ✅ EmailService configurado correctamente
2025-09-21 20:26:04,755 - app - INFO - create_app:89 - Email service inicializado
2025-09-21 20:26:06,621 - app - INFO - register_blueprints:128 - Blueprints registrados correctamente
2025-09-21 20:26:06,623 - app - INFO - create_app:100 - Aplicación iniciada en modo: development
2025-09-21 20:26:06,624 - app - INFO - main:34 - 🚀 Iniciando aplicación en 0.0.0.0:5000
2025-09-21 20:26:06,625 - app - INFO - main:35 - 🔧 Modo: development
2025-09-21 20:26:06,626 - app - INFO - main:36 - 🐛 Debug: activado
2025-09-21 20:26:06,630 - app - INFO - main:41 - 🌐 Iniciando con WebSocket habilitado
2025-09-21 20:26:14,102 - app - INFO - configure_logging:58 - Sistema de logging configurado correctamente
2025-09-21 20:26:18,209 - app.utils.rate_limiter - WARNING - _log:35 - ❌ No se pudo conectar a Redis: Error 10061 connecting to localhost:6379. No se puede establecer una conexión ya que el equipo de destino denegó expresamente dicha conexión.
2025-09-21 20:26:18,213 - app.utils.rate_limiter - INFO - _log:35 - ✅ Rate limiter configurado en memoria
2025-09-21 20:26:18,214 - app - INFO - create_app:75 - Rate limiter inicializado
2025-09-21 20:26:18,320 - app.services.websocket_service - INFO - _log:40 - SocketIO inicializado
2025-09-21 20:26:18,321 - app - INFO - create_app:82 - WebSocket service inicializado
2025-09-21 20:26:18,321 - app - INFO - init_app:35 - EmailService inicializado
2025-09-21 20:26:18,322 - app - INFO - init_app:59 - ✅ EmailService configurado correctamente
2025-09-21 20:26:18,323 - app - INFO - create_app:89 - Email service inicializado
2025-09-21 20:26:19,889 - app - INFO - register_blueprints:128 - Blueprints registrados correctamente
2025-09-21 20:26:19,890 - app - INFO - create_app:100 - Aplicación iniciada en modo: development
2025-09-21 20:26:19,891 - app - INFO - main:34 - 🚀 Iniciando aplicación en 0.0.0.0:5000
2025-09-21 20:26:19,891 - app - INFO - main:35 - 🔧 Modo: development
2025-09-21 20:26:19,892 - app - INFO - main:36 - 🐛 Debug: activado
2025-09-21 20:26:19,893 - app - INFO - main:41 - 🌐 Iniciando con WebSocket habilitado
2025-09-21 20:26:22,296 - app - INFO - mongo_client:37 - ✅ Conexión a MongoDB establecida
2025-09-21 20:26:22,742 - app - INFO - _ensure_indexes:46 - Índices de MongoDB verificados/creados
2025-09-21 20:26:22,744 - app - INFO - __init__:39 - PredictionService inicializado - scikit-learn: disponible
2025-09-21 20:26:22,745 - app - INFO - __init__:32 - SensorService inicializado
2025-09-21 20:26:22,748 - app - INFO - __init__:29 - SensorController inicializado
2025-09-21 20:26:22,908 - app - DEBUG - insert_one:62 - Documento insertado con ID: 68d0a5be1b9ebe2eca557202
2025-09-21 20:26:22,910 - app - INFO - proceso_leer_sensor:71 - Lectura procesada exitosamente: 31.856498131590385cm
2025-09-21 20:26:22,911 - app - WARNING - insertar_datos_prueba:455 - Error actualizando timestamp: 'SensorDocumentGuardado' object has no attribute 'id'
2025-09-21 20:26:23,058 - app - DEBUG - insert_one:62 - Documento insertado con ID: 68d0a5be1b9ebe2eca557203
2025-09-21 20:26:23,059 - app - INFO - proceso_leer_sensor:71 - Lectura procesada exitosamente: 33.82085426208195cm
2025-09-21 20:26:23,060 - app - WARNING - insertar_datos_prueba:455 - Error actualizando timestamp: 'SensorDocumentGuardado' object has no attribute 'id'
2025-09-21 20:26:23,203 - app - DEBUG - insert_one:62 - Documento insertado con ID: 68d0a5bf1b9ebe2eca557204
2025-09-21 20:26:23,204 - app - INFO - proceso_leer_sensor:71 - Lectura procesada exitosamente: 39.16326545347309cm
2025-09-21 20:26:23,205 - app - WARNING - insertar_datos_prueba:455 - Error actualizando timestamp: 'SensorDocumentGuardado' object has no attribute 'id'
2025-09-21 20:26:23,352 - app - DEBUG - insert_one:62 - Documento insertado con ID: 68d0a5bf1b9ebe2eca557205
2025-09-21 20:26:23,354 - app - INFO - proceso_leer_sensor:71 - Lectura procesada exitosamente: 23.6020796281717cm
2025-09-21 20:26:23,355 - app - WARNING - insertar_datos_prueba:455 - Error actualizando timestamp: 'SensorDocumentGuardado' object has no attribute 'id'
2025-09-21 20:26:23,520 - app - DEBUG - insert_one:62 - Documento insertado con ID: 68d0a5bf1b9ebe2eca557206
2025-09-21 20:26:23,521 - app - INFO - proceso_leer_sensor:71 - Lectura procesada exitosamente: 20.727704064875894cm
2025-09-21 20:26:23,522 - app - WARNING - insertar_datos_prueba:455 - Error actualizando timestamp: 'SensorDocumentGuardado' object has no attribute 'id'
2025-09-21 20:26:23,666 - app - DEBUG - insert_one:62 - Documento insertado con ID: 68d0a5bf1b9ebe2eca557207
2025-09-21 20:26:23,668 - app - INFO - proceso_leer_sensor:71 - Lectura procesada exitosamente: 27.97873688485246cm
2025-09-21 20:26:23,669 - app - WARNING - insertar_datos_prueba:455 - Error actualizando timestamp: 'SensorDocumentGuardado' object has no attribute 'id'
2025-09-21 20:26:23,814 - app - DEBUG - insert_one:62 - Documento insertado con ID: 68d0a5bf1b9ebe2eca557208
2025-09-21 20:26:23,815 - app - INFO - proceso_leer_sensor:71 - Lectura procesada exitosamente: 21.99117602489079cm
2025-09-21 20:26:23,817 - app - WARNING - insertar_datos_prueba:455 - Error actualizando timestamp: 'SensorDocumentGuardado' object has no attribute 'id'
2025-09-21 20:26:23,964 - app - DEBUG - insert_one:62 - Documento insertado con ID: 68d0a5bf1b9ebe2eca557209
2025-09-21 20:26:23,966 - app - INFO - proceso_leer_sensor:71 - Lectura procesada exitosamente: 21.378601309106067cm
2025-09-21 20:26:23,968 - app - WARNING - insertar_datos_prueba:455 - Error actualizando timestamp: 'SensorDocumentGuardado' object has no attribute 'id'
2025-09-21 20:26:24,112 - app - DEBUG - insert_one:62 - Documento insertado con ID: 68d0a5bf1b9ebe2eca55720a
2025-09-21 20:26:24,115 - app - INFO - proceso_leer_sensor:71 - Lectura procesada exitosamente: 36.28143633590124cm
2025-09-21 20:26:24,116 - app - WARNING - insertar_datos_prueba:455 - Error actualizando timestamp: 'SensorDocumentGuardado' object has no attribute 'id'
2025-09-21 20:26:24,214 - app - INFO - _eliminar_outliers_iqr:248 - Removidos 11 outliers usando IQR (fence: 38.6 - 249.6)
2025-09-21 20:26:24,216 - app - ERROR - _preprocesar_datos_avanzado:213 - Error en preprocesamiento avanzado: PredictionLogger.log_data_preprocessing() got an unexpected keyword argument 'outliers_removidos'. Did you mean 'outliers_removed'?
2025-09-21 20:26:24,260 - app - DEBUG - insert_one:62 - Documento insertado con ID: 68d0a5c01b9ebe2eca55720b
2025-09-21 20:26:24,262 - app - INFO - proceso_leer_sensor:71 - Lectura procesada exitosamente: 26.373464874795175cm
2025-09-21 20:26:24,267 - app - WARNING - insertar_datos_prueba:455 - Error actualizando timestamp: 'SensorDocumentGuardado' object has no attribute 'id'
2025-09-21 20:26:24,409 - app - DEBUG - insert_one:62 - Documento insertado con ID: 68d0a5c01b9ebe2eca55720c
2025-09-21 20:26:24,411 - app - INFO - proceso_leer_sensor:71 - Lectura procesada exitosamente: 44.5587726339624cm
2025-09-21 20:26:24,411 - app - WARNING - insertar_datos_prueba:455 - Error actualizando timestamp: 'SensorDocumentGuardado' object has no attribute 'id'
2025-09-21 20:26:24,559 - app - DEBUG - insert_one:62 - Documento insertado con ID: 68d0a5c01b9ebe2eca55720d
2025-09-21 20:26:24,561 - app - INFO - proceso_leer_sensor:71 - Lectura procesada exitosamente: 39.58150782579137cm
2025-09-21 20:26:24,561 - app - WARNING - insertar_datos_prueba:455 - Error actualizando timestamp: 'SensorDocumentGuardado' object has no attribute 'id'
2025-09-21 20:26:24,715 - app - DEBUG - insert_one:62 - Documento insertado con ID: 68d0a5c01b9ebe2eca55720e
2025-09-21 20:26:24,717 - app - INFO - proceso_leer_sensor:71 - Lectura procesada exitosamente: 21.206008669197743cm
2025-09-21 20:26:24,718 - app - WARNING - insertar_datos_prueba:455 - Error actualizando timestamp: 'SensorDocumentGuardado' object has no attribute 'id'
2025-09-21 20:26:24,860 - app - DEBUG - insert_one:62 - Documento insertado con ID: 68d0a5c01b9ebe2eca55720f
2025-09-21 20:26:24,861 - app - INFO - proceso_leer_sensor:71 - Lectura procesada exitosamente: 37.3960611789019cm
2025-09-21 20:26:24,862 - app - WARNING - insertar_datos_prueba:455 - Error actualizando timestamp: 'SensorDocumentGuardado' object has no attribute 'id'
2025-09-21 20:26:25,008 - app - DEBUG - insert_one:62 - Documento insertado con ID: 68d0a5c01b9ebe2eca557210
2025-09-21 20:26:25,009 - app - INFO - proceso_leer_sensor:71 - Lectura procesada exitosamente: 43.65889793356966cm
2025-09-21 20:26:25,009 - app - WARNING - insertar_datos_prueba:455 - Error actualizando timestamp: 'SensorDocumentGuardado' object has no attribute 'id'
2025-09-21 20:26:25,154 - app - DEBUG - insert_one:62 - Documento insertado con ID: 68d0a5c11b9ebe2eca557211
2025-09-21 20:26:25,155 - app - INFO - proceso_leer_sensor:71 - Lectura procesada exitosamente: 29.922920638451444cm
2025-09-21 20:26:25,156 - app - WARNING - insertar_datos_prueba:455 - Error actualizando timestamp: 'SensorDocumentGuardado' object has no attribute 'id'
2025-09-21 20:26:25,298 - app - DEBUG - insert_one:62 - Documento insertado con ID: 68d0a5c11b9ebe2eca557212
2025-09-21 20:26:25,300 - app - INFO - proceso_leer_sensor:71 - Lectura procesada exitosamente: 26.221072447647828cm
2025-09-21 20:26:25,301 - app - WARNING - insertar_datos_prueba:455 - Error actualizando timestamp: 'SensorDocumentGuardado' object has no attribute 'id'
2025-09-21 20:26:25,449 - app - DEBUG - insert_one:62 - Documento insertado con ID: 68d0a5c11b9ebe2eca557213
2025-09-21 20:26:25,452 - app - INFO - proceso_leer_sensor:71 - Lectura procesada exitosamente: 33.43211738487199cm
2025-09-21 20:26:25,454 - app - WARNING - insertar_datos_prueba:455 - Error actualizando timestamp: 'SensorDocumentGuardado' object has no attribute 'id'
2025-09-21 20:26:25,606 - app - DEBUG - insert_one:62 - Documento insertado con ID: 68d0a5c11b9ebe2eca557214
2025-09-21 20:26:25,608 - app - INFO - proceso_leer_sensor:71 - Lectura procesada exitosamente: 32.01634094365087cm
2025-09-21 20:26:25,612 - app - WARNING - insertar_datos_prueba:455 - Error actualizando timestamp: 'SensorDocumentGuardado' object has no attribute 'id'
2025-09-21 20:26:25,761 - app - DEBUG - insert_one:62 - Documento insertado con ID: 68d0a5c11b9ebe2eca557215
2025-09-21 20:26:25,766 - app - INFO - proceso_leer_sensor:71 - Lectura procesada exitosamente: 27.395549061859818cm
2025-09-21 20:26:25,767 - app - WARNING - insertar_datos_prueba:455 - Error actualizando timestamp: 'SensorDocumentGuardado' object has no attribute 'id'
2025-09-21 20:26:25,914 - app - DEBUG - insert_one:62 - Documento insertado con ID: 68d0a5c11b9ebe2eca557216
2025-09-21 20:26:25,916 - app - INFO - proceso_leer_sensor:71 - Lectura procesada exitosamente: 26.398678403960766cm
2025-09-21 20:26:25,916 - app - WARNING - insertar_datos_prueba:455 - Error actualizando timestamp: 'SensorDocumentGuardado' object has no attribute 'id'
2025-09-21 20:26:26,060 - app - DEBUG - insert_one:62 - Documento insertado con ID: 68d0a5c11b9ebe2eca557217
2025-09-21 20:26:26,095 - app - INFO - proceso_leer_sensor:71 - Lectura procesada exitosamente: 37.20589492083537cm
2025-09-21 20:26:26,145 - app - WARNING - insertar_datos_prueba:455 - Error actualizando timestamp: 'SensorDocumentGuardado' object has no attribute 'id'
2025-09-21 20:26:26,348 - app - DEBUG - insert_one:62 - Documento insertado con ID: 68d0a5c21b9ebe2eca557218
2025-09-21 20:26:26,390 - app - INFO - proceso_leer_sensor:71 - Lectura procesada exitosamente: 22.907810774996484cm
2025-09-21 20:26:26,392 - app - WARNING - insertar_datos_prueba:455 - Error actualizando timestamp: 'SensorDocumentGuardado' object has no attribute 'id'
2025-09-21 20:26:26,536 - app - DEBUG - insert_one:62 - Documento insertado con ID: 68d0a5c21b9ebe2eca557219
2025-09-21 20:26:26,538 - app - INFO - proceso_leer_sensor:71 - Lectura procesada exitosamente: 27.1453450475985cm
2025-09-21 20:26:26,539 - app - WARNING - insertar_datos_prueba:455 - Error actualizando timestamp: 'SensorDocumentGuardado' object has no attribute 'id'
2025-09-21 20:26:26,540 - app - INFO - insertar_datos_prueba:457 - Insertados 0 registros de prueba
2025-09-21 20:26:28,179 - app - ERROR - _preprocesar_datos_avanzado:213 - Error en preprocesamiento avanzado: PredictionLogger.log_data_preprocessing() got an unexpected keyword argument 'outliers_removidos'. Did you mean 'outliers_removed'?
2025-09-21 20:26:53,762 - app - ERROR - _preprocesar_datos_avanzado:213 - Error en preprocesamiento avanzado: PredictionLogger.log_data_preprocessing() got an unexpected keyword argument 'outliers_removidos'. Did you mean 'outliers_removed'?
2025-09-21 20:27:23,667 - app - ERROR - _preprocesar_datos_avanzado:213 - Error en preprocesamiento avanzado: PredictionLogger.log_data_preprocessing() got an unexpected keyword argument 'outliers_removidos'. Did you mean 'outliers_removed'?
2025-09-21 20:27:53,698 - app - ERROR - _preprocesar_datos_avanzado:213 - Error en preprocesamiento avanzado: PredictionLogger.log_data_preprocessing() got an unexpected keyword argument 'outliers_removidos'. Did you mean 'outliers_removed'?
2025-09-21 20:28:23,630 - app - ERROR - _preprocesar_datos_avanzado:213 - Error en preprocesamiento avanzado: PredictionLogger.log_data_preprocessing() got an unexpected keyword argument 'outliers_removidos'. Did you mean 'outliers_removed'?
2025-09-21 20:28:51,740 - app - INFO - main:64 - 🛑 Cerrando aplicación...
2025-09-21 20:29:00,268 - app - INFO - configure_logging:58 - Sistema de logging configurado correctamente
2025-09-21 20:29:04,383 - app.utils.rate_limiter - WARNING - _log:35 - ❌ No se pudo conectar a Redis: Error 10061 connecting to localhost:6379. No se puede establecer una conexión ya que el equipo de destino denegó expresamente dicha conexión.
2025-09-21 20:29:04,390 - app.utils.rate_limiter - INFO - _log:35 - ✅ Rate limiter configurado en memoria
2025-09-21 20:29:04,391 - app - INFO - create_app:75 - Rate limiter inicializado
2025-09-21 20:29:04,509 - app.services.websocket_service - INFO - _log:40 - SocketIO inicializado
2025-09-21 20:29:04,509 - app - INFO - create_app:82 - WebSocket service inicializado
2025-09-21 20:29:04,510 - app - INFO - init_app:35 - EmailService inicializado
2025-09-21 20:29:04,510 - app - INFO - init_app:59 - ✅ EmailService configurado correctamente
2025-09-21 20:29:04,511 - app - INFO - create_app:89 - Email service inicializado
2025-09-21 20:29:06,126 - app - INFO - register_blueprints:128 - Blueprints registrados correctamente
2025-09-21 20:29:06,127 - app - INFO - create_app:100 - Aplicación iniciada en modo: development
2025-09-21 20:29:06,129 - app - INFO - main:34 - 🚀 Iniciando aplicación en 0.0.0.0:5000
2025-09-21 20:29:06,130 - app - INFO - main:35 - 🔧 Modo: development
2025-09-21 20:29:06,132 - app - INFO - main:36 - 🐛 Debug: activado
2025-09-21 20:29:06,134 - app - INFO - main:41 - 🌐 Iniciando con WebSocket habilitado
2025-09-21 20:29:13,414 - app - INFO - main:64 - 🛑 Cerrando aplicación...
2025-09-21 20:29:24,388 - app - INFO - configure_logging:58 - Sistema de logging configurado correctamente
2025-09-21 20:29:28,466 - app.utils.rate_limiter - WARNING - _log:35 - ❌ No se pudo conectar a Redis: Error 10061 connecting to localhost:6379. No se puede establecer una conexión ya que el equipo de destino denegó expresamente dicha conexión.
2025-09-21 20:29:28,473 - app.utils.rate_limiter - INFO - _log:35 - ✅ Rate limiter configurado en memoria
2025-09-21 20:29:28,475 - app - INFO - create_app:75 - Rate limiter inicializado
2025-09-21 20:29:28,623 - app.services.websocket_service - INFO - _log:40 - SocketIO inicializado
2025-09-21 20:29:28,626 - app - INFO - create_app:82 - WebSocket service inicializado
2025-09-21 20:29:28,627 - app - INFO - init_app:35 - EmailService inicializado
2025-09-21 20:29:28,628 - app - INFO - init_app:59 - ✅ EmailService configurado correctamente
2025-09-21 20:29:28,630 - app - INFO - create_app:89 - Email service inicializado
2025-09-21 20:29:30,007 - app - INFO - register_blueprints:128 - Blueprints registrados correctamente
2025-09-21 20:29:30,008 - app - INFO - create_app:100 - Aplicación iniciada en modo: development
2025-09-21 20:29:30,009 - app - INFO - main:34 - 🚀 Iniciando aplicación en 0.0.0.0:5000
2025-09-21 20:29:30,009 - app - INFO - main:35 - 🔧 Modo: development
2025-09-21 20:29:30,010 - app - INFO - main:36 - 🐛 Debug: activado
2025-09-21 20:29:30,011 - app - INFO - main:41 - 🌐 Iniciando con WebSocket habilitado
2025-09-21 20:29:37,093 - app - INFO - main:64 - 🛑 Cerrando aplicación...
2025-09-21 20:29:41,171 - app - INFO - main:64 - 🛑 Cerrando aplicación...
2025-09-21 20:31:44,596 - app - INFO - configure_logging:58 - Sistema de logging configurado correctamente
2025-09-21 20:31:48,678 - app.utils.rate_limiter - WARNING - _log:35 - ❌ No se pudo conectar a Redis: Error 10061 connecting to localhost:6379. No se puede establecer una conexión ya que el equipo de destino denegó expresamente dicha conexión.
2025-09-21 20:31:48,684 - app.utils.rate_limiter - INFO - _log:35 - ✅ Rate limiter configurado en memoria
2025-09-21 20:31:48,685 - app - INFO - create_app:75 - Rate limiter inicializado
2025-09-21 20:31:48,814 - app.services.websocket_service - INFO - _log:40 - SocketIO inicializado
2025-09-21 20:31:48,815 - app - INFO - create_app:82 - WebSocket service inicializado
2025-09-21 20:31:48,816 - app - INFO - init_app:35 - EmailService inicializado
2025-09-21 20:31:48,816 - app - INFO - init_app:59 - ✅ EmailService configurado correctamente
2025-09-21 20:31:48,817 - app - INFO - create_app:89 - Email service inicializado
2025-09-21 20:31:49,896 - app - INFO - register_blueprints:128 - Blueprints registrados correctamente
2025-09-21 20:31:49,897 - app - INFO - create_app:100 - Aplicación iniciada en modo: development
2025-09-21 20:31:49,898 - app - INFO - main:34 - 🚀 Iniciando aplicación en 0.0.0.0:5000
2025-09-21 20:31:49,899 - app - INFO - main:35 - 🔧 Modo: development
2025-09-21 20:31:49,899 - app - INFO - main:36 - 🐛 Debug: activado
2025-09-21 20:31:49,900 - app - INFO - main:41 - 🌐 Iniciando con WebSocket habilitado
2025-09-21 20:31:55,679 - app - INFO - configure_logging:58 - Sistema de logging configurado correctamente
2025-09-21 20:31:59,785 - app.utils.rate_limiter - WARNING - _log:35 - ❌ No se pudo conectar a Redis: Error 10061 connecting to localhost:6379. No se puede establecer una conexión ya que el equipo de destino denegó expresamente dicha conexión.
2025-09-21 20:31:59,791 - app.utils.rate_limiter - INFO - _log:35 - ✅ Rate limiter configurado en memoria
2025-09-21 20:31:59,792 - app - INFO - create_app:75 - Rate limiter inicializado
2025-09-21 20:31:59,944 - app.services.websocket_service - INFO - _log:40 - SocketIO inicializado
2025-09-21 20:31:59,945 - app - INFO - create_app:82 - WebSocket service inicializado
2025-09-21 20:31:59,945 - app - INFO - init_app:35 - EmailService inicializado
2025-09-21 20:31:59,946 - app - INFO - init_app:59 - ✅ EmailService configurado correctamente
2025-09-21 20:31:59,947 - app - INFO - create_app:89 - Email service inicializado
2025-09-21 20:32:01,123 - app - INFO - register_blueprints:128 - Blueprints registrados correctamente
2025-09-21 20:32:01,124 - app - INFO - create_app:100 - Aplicación iniciada en modo: development
2025-09-21 20:32:01,124 - app - INFO - main:34 - 🚀 Iniciando aplicación en 0.0.0.0:5000
2025-09-21 20:32:01,125 - app - INFO - main:35 - 🔧 Modo: development
2025-09-21 20:32:01,126 - app - INFO - main:36 - 🐛 Debug: activado
2025-09-21 20:32:01,127 - app - INFO - main:41 - 🌐 Iniciando con WebSocket habilitado
2025-09-21 20:32:03,848 - app - INFO - mongo_client:37 - ✅ Conexión a MongoDB establecida
2025-09-21 20:32:03,909 - app - INFO - mongo_client:37 - ✅ Conexión a MongoDB establecida
2025-09-21 20:32:03,918 - app - INFO - mongo_client:37 - ✅ Conexión a MongoDB establecida
2025-09-21 20:32:03,958 - app - INFO - mongo_client:37 - ✅ Conexión a MongoDB establecida
2025-09-21 20:32:04,274 - app - INFO - _ensure_indexes:46 - Índices de MongoDB verificados/creados
2025-09-21 20:32:04,279 - app - INFO - __init__:39 - PredictionService inicializado - scikit-learn: disponible
2025-09-21 20:32:04,280 - app - INFO - __init__:32 - SensorService inicializado
2025-09-21 20:32:04,281 - app - INFO - __init__:29 - SensorController inicializado
2025-09-21 20:32:04,696 - app - INFO - _ensure_indexes:46 - Índices de MongoDB verificados/creados
2025-09-21 20:32:04,697 - app - INFO - __init__:39 - PredictionService inicializado - scikit-learn: disponible
2025-09-21 20:32:04,698 - app - INFO - __init__:32 - SensorService inicializado
2025-09-21 20:32:04,699 - app - INFO - __init__:29 - SensorController inicializado
2025-09-21 20:32:05,099 - app - INFO - _ensure_indexes:46 - Índices de MongoDB verificados/creados
2025-09-21 20:32:05,100 - app - INFO - __init__:39 - PredictionService inicializado - scikit-learn: disponible
2025-09-21 20:32:05,101 - app - INFO - _ensure_indexes:46 - Índices de MongoDB verificados/creados
2025-09-21 20:32:05,101 - app - INFO - __init__:32 - SensorService inicializado
2025-09-21 20:32:05,103 - app - INFO - __init__:39 - PredictionService inicializado - scikit-learn: disponible
2025-09-21 20:32:05,104 - app - INFO - __init__:29 - SensorController inicializado
2025-09-21 20:32:05,105 - app - INFO - __init__:32 - SensorService inicializado
2025-09-21 20:32:05,109 - app - INFO - __init__:29 - SensorController inicializado
2025-09-21 20:32:05,385 - app - INFO - _preprocesar_datos_avanzado:160 - 🔄 Iniciando preprocesamiento avanzado de 91 registros
2025-09-21 20:32:05,387 - app - DEBUG - _preprocesar_datos_avanzado:187 - Aplicando detección de outliers a 91 registros válidos
2025-09-21 20:32:05,407 - app - INFO - _preprocesar_datos_avanzado:214 - ✅ Preprocesamiento completado: 91 → 85 registros finales
2025-09-21 20:32:05,409 - app - DEBUG - _preprocesar_datos_avanzado:215 - Detalles: 91 originales → 91 válidos → 91 sin outliers → 85 en ventana temporal
2025-09-21 20:32:05,433 - app - INFO - generar_predicciones_multi_horizonte:132 - Predicciones generadas exitosamente - R²: 0.627, Confianza promedio: 0.740
2025-09-21 20:32:05,657 - app - INFO - _preprocesar_datos_avanzado:160 - 🔄 Iniciando preprocesamiento avanzado de 91 registros
2025-09-21 20:32:05,659 - app - DEBUG - _preprocesar_datos_avanzado:187 - Aplicando detección de outliers a 91 registros válidos
2025-09-21 20:32:05,661 - app - INFO - _preprocesar_datos_avanzado:214 - ✅ Preprocesamiento completado: 91 → 85 registros finales
2025-09-21 20:32:05,661 - app - DEBUG - _preprocesar_datos_avanzado:215 - Detalles: 91 originales → 91 válidos → 91 sin outliers → 85 en ventana temporal
2025-09-21 20:32:05,666 - app - INFO - generar_predicciones_multi_horizonte:132 - Predicciones generadas exitosamente - R²: 0.627, Confianza promedio: 0.740
2025-09-21 20:32:36,418 - app - INFO - _preprocesar_datos_avanzado:160 - 🔄 Iniciando preprocesamiento avanzado de 91 registros
2025-09-21 20:32:36,420 - app - DEBUG - _preprocesar_datos_avanzado:187 - Aplicando detección de outliers a 91 registros válidos
2025-09-21 20:32:36,423 - app - INFO - _preprocesar_datos_avanzado:214 - ✅ Preprocesamiento completado: 91 → 85 registros finales
2025-09-21 20:32:36,424 - app - DEBUG - _preprocesar_datos_avanzado:215 - Detalles: 91 originales → 91 válidos → 91 sin outliers → 85 en ventana temporal
2025-09-21 20:32:36,429 - app - INFO - generar_predicciones_multi_horizonte:132 - Predicciones generadas exitosamente - R²: 0.627, Confianza promedio: 0.740
2025-09-21 20:33:06,397 - app - INFO - _preprocesar_datos_avanzado:160 - 🔄 Iniciando preprocesamiento avanzado de 91 registros
2025-09-21 20:33:06,399 - app - DEBUG - _preprocesar_datos_avanzado:187 - Aplicando detección de outliers a 91 registros válidos
2025-09-21 20:33:06,402 - app - INFO - _preprocesar_datos_avanzado:214 - ✅ Preprocesamiento completado: 91 → 85 registros finales
2025-09-21 20:33:06,403 - app - DEBUG - _preprocesar_datos_avanzado:215 - Detalles: 91 originales → 91 válidos → 91 sin outliers → 85 en ventana temporal
2025-09-21 20:33:06,408 - app - INFO - generar_predicciones_multi_horizonte:132 - Predicciones generadas exitosamente - R²: 0.627, Confianza promedio: 0.740
2025-09-21 20:33:36,388 - app - INFO - _preprocesar_datos_avanzado:160 - 🔄 Iniciando preprocesamiento avanzado de 91 registros
2025-09-21 20:33:36,389 - app - DEBUG - _preprocesar_datos_avanzado:187 - Aplicando detección de outliers a 91 registros válidos
2025-09-21 20:33:36,392 - app - INFO - _preprocesar_datos_avanzado:214 - ✅ Preprocesamiento completado: 91 → 85 registros finales
2025-09-21 20:33:36,393 - app - DEBUG - _preprocesar_datos_avanzado:215 - Detalles: 91 originales → 91 válidos → 91 sin outliers → 85 en ventana temporal
2025-09-21 20:33:36,398 - app - INFO - generar_predicciones_multi_horizonte:132 - Predicciones generadas exitosamente - R²: 0.627, Confianza promedio: 0.740
2025-09-21 20:34:06,401 - app - INFO - _preprocesar_datos_avanzado:160 - 🔄 Iniciando preprocesamiento avanzado de 91 registros
2025-09-21 20:34:06,403 - app - DEBUG - _preprocesar_datos_avanzado:187 - Aplicando detección de outliers a 91 registros válidos
2025-09-21 20:34:06,405 - app - INFO - _preprocesar_datos_avanzado:214 - ✅ Preprocesamiento completado: 91 → 85 registros finales
2025-09-21 20:34:06,405 - app - DEBUG - _preprocesar_datos_avanzado:215 - Detalles: 91 originales → 91 válidos → 91 sin outliers → 85 en ventana temporal
2025-09-21 20:34:06,409 - app - INFO - generar_predicciones_multi_horizonte:132 - Predicciones generadas exitosamente - R²: 0.627, Confianza promedio: 0.740
2025-09-21 20:34:36,379 - app - INFO - _preprocesar_datos_avanzado:160 - 🔄 Iniciando preprocesamiento avanzado de 91 registros
2025-09-21 20:34:36,380 - app - DEBUG - _preprocesar_datos_avanzado:187 - Aplicando detección de outliers a 91 registros válidos
2025-09-21 20:34:36,383 - app - INFO - _preprocesar_datos_avanzado:214 - ✅ Preprocesamiento completado: 91 → 85 registros finales
2025-09-21 20:34:36,384 - app - DEBUG - _preprocesar_datos_avanzado:215 - Detalles: 91 originales → 91 válidos → 91 sin outliers → 85 en ventana temporal
2025-09-21 20:34:36,389 - app - INFO - generar_predicciones_multi_horizonte:132 - Predicciones generadas exitosamente - R²: 0.627, Confianza promedio: 0.740
2025-09-21 20:35:06,429 - app - INFO - _preprocesar_datos_avanzado:160 - 🔄 Iniciando preprocesamiento avanzado de 91 registros
2025-09-21 20:35:06,430 - app - DEBUG - _preprocesar_datos_avanzado:187 - Aplicando detección de outliers a 91 registros válidos
2025-09-21 20:35:06,432 - app - INFO - _preprocesar_datos_avanzado:214 - ✅ Preprocesamiento completado: 91 → 85 registros finales
2025-09-21 20:35:06,432 - app - DEBUG - _preprocesar_datos_avanzado:215 - Detalles: 91 originales → 91 válidos → 91 sin outliers → 85 en ventana temporal
2025-09-21 20:35:06,435 - app - INFO - generar_predicciones_multi_horizonte:132 - Predicciones generadas exitosamente - R²: 0.627, Confianza promedio: 0.740
2025-09-21 20:35:36,398 - app - INFO - _preprocesar_datos_avanzado:160 - 🔄 Iniciando preprocesamiento avanzado de 91 registros
2025-09-21 20:35:36,399 - app - DEBUG - _preprocesar_datos_avanzado:187 - Aplicando detección de outliers a 91 registros válidos
2025-09-21 20:35:36,401 - app - INFO - _preprocesar_datos_avanzado:214 - ✅ Preprocesamiento completado: 91 → 85 registros finales
2025-09-21 20:35:36,402 - app - DEBUG - _preprocesar_datos_avanzado:215 - Detalles: 91 originales → 91 válidos → 91 sin outliers → 85 en ventana temporal
2025-09-21 20:35:36,408 - app - INFO - generar_predicciones_multi_horizonte:132 - Predicciones generadas exitosamente - R²: 0.627, Confianza promedio: 0.740
2025-09-21 20:36:06,392 - app - INFO - _preprocesar_datos_avanzado:160 - 🔄 Iniciando preprocesamiento avanzado de 91 registros
2025-09-21 20:36:06,393 - app - DEBUG - _preprocesar_datos_avanzado:187 - Aplicando detección de outliers a 91 registros válidos
2025-09-21 20:36:06,395 - app - INFO - _preprocesar_datos_avanzado:214 - ✅ Preprocesamiento completado: 91 → 85 registros finales
2025-09-21 20:36:06,396 - app - DEBUG - _preprocesar_datos_avanzado:215 - Detalles: 91 originales → 91 válidos → 91 sin outliers → 85 en ventana temporal
2025-09-21 20:36:06,400 - app - INFO - generar_predicciones_multi_horizonte:132 - Predicciones generadas exitosamente - R²: 0.627, Confianza promedio: 0.740
2025-09-21 20:36:36,645 - app - INFO - _preprocesar_datos_avanzado:160 - 🔄 Iniciando preprocesamiento avanzado de 91 registros
2025-09-21 20:36:36,646 - app - DEBUG - _preprocesar_datos_avanzado:187 - Aplicando detección de outliers a 91 registros válidos
2025-09-21 20:36:36,648 - app - INFO - _preprocesar_datos_avanzado:214 - ✅ Preprocesamiento completado: 91 → 85 registros finales
2025-09-21 20:36:36,649 - app - DEBUG - _preprocesar_datos_avanzado:215 - Detalles: 91 originales → 91 válidos → 91 sin outliers → 85 en ventana temporal
2025-09-21 20:36:36,655 - app - INFO - generar_predicciones_multi_horizonte:132 - Predicciones generadas exitosamente - R²: 0.627, Confianza promedio: 0.740
2025-09-21 20:36:43,159 - app - INFO - main:64 - 🛑 Cerrando aplicación...
2025-09-21 20:36:44,365 - app - INFO - main:64 - 🛑 Cerrando aplicación...
